[
    {
        "title": "Better Homes and Gardens White Cotton Pintuck 3-Piece Comforter Set, Full/Queen",
        "url": "https://www.walmart.com/ip/Better-Homes-and-Gardens-White-Cotton-Pintuck-3-Piece-Comforter-Set-Full-Queen/777724157",
        "price": "$54.00",
        "stars": "4.2",
        "ratings": "54 ",
        "img": "i5.walmartimages.com/asr/6066802f-affa-46e6-b88b-de0c99c18b49_1.d81ca7ff522ec42081b2df2f2720fb06.jpeg?odnWidth=612&odnHeight=612&odnBg=ffffff",
        "tags": [
            [
                "Teens' Comforters Sets",
                "/browse/home/teens-comforters-sets/4044_1156136_1156157_1230003"
            ],
            [
                "Grey Comforters",
                "/browse/home/grey-comforters/4044_539103_1995847_2463602"
            ],
            [
                "White Comforters",
                "/browse/home/white-comforters/4044_539103_1995847_2605452"
            ],
            [
                "Better Homes & Gardens Bedding",
                "/browse/home/better-homes-gardens-bedding/4044_539103_3391578"
            ],
            [
                "King Comforters",
                "/browse/home/king-comforters/4044_539103_1995847_3633923"
            ],
            [
                "Comforters",
                "/browse/home/comforters/4044_539103_4754"
            ],
            [
                "Queen Comforters",
                "/browse/home/queen-comforters/4044_539103_1995847_5811928"
            ],
            [
                "Down & Down Alternative Comforters",
                "/browse/home/down-down-alternative-comforters/4044_539103_1095008_6184046"
            ]
        ]
    },
    {
        "title": "Sauder Beginnings 35\" 3-Shelf Standard Bookcase, HIghland Oak",
        "url": "https://www.walmart.com/ip/Sauder-Beginnings-35-3-Shelf-Standard-Bookcase-HIghland-Oak/21150350",
        "price": "$41.79",
        "stars": "4.4",
        "ratings": "503 ",
        "img": "",
        "tags": [
            [
                "Teens' Shelving",
                "/browse/home/teens-shelving/4044_1156136_1156164_1156168"
            ],
            [
                "Study Room",
                "/browse/home/study-room/4044_103150_1225290_1225292"
            ],
            [
                "Dorm Study Furniture",
                "/browse/home/dorm-study-furniture/4044_1225301_1225229_1385016"
            ],
            [
                "Black Bookcases & Bookshelves",
                "/browse/home/black-bookcases-bookshelves/4044_103150_97116_5154093"
            ],
            [
                "Small Space Storage & Organization",
                "/browse/home/small-space-storage-organization/4044_103150_2880259_6202759"
            ],
            [
                "Small Space Desks & Office Furniture",
                "/browse/home/small-space-desks-office-furniture/4044_103150_2880259_6932446"
            ],
            [
                "White Bookcases & Bookshelves",
                "/browse/home/white-bookcases-bookshelves/4044_103150_97116_8660201"
            ],
            [
                "Bookcases & Bookshelves",
                "/browse/home/bookcases-bookshelves/4044_103150_97116_91849"
            ]
        ]
    },
    {
        "title": "Garland Rug Town Square Solid Chili Pepper Red 2pc Kitchen Accent Rug Set(18\"x28\"Slice, 18\"x28\"Mat)",
        "url": "https://www.walmart.com/ip/Garland-Rug-Town-Square-Solid-Chili-Pepper-Red-2pc-Kitchen-Accent-Rug-Set-18-x28-Slice-18-x28-Mat/35255125",
        "price": "$16.49",
        "stars": "4.3",
        "ratings": "227 ",
        "img": "i5.walmartimages.com/asr/8adcf545-7fc2-4953-8ec0-9c78c89cb8ff_4.9cefa56011f6f88ea1b9beaf35ee0aa5.jpeg?odnWidth=612&odnHeight=612&odnBg=ffffff",
        "tags": [
            [
                "Accent Rugs",
                "/browse/home/accent-rugs/4044_133012_110892_6718514_110893"
            ],
            [
                "Area Rugs in All Styles",
                "/browse/home/area-rugs-in-all-styles/4044_133012_110892_6718514_4513083_3684349"
            ],
            [
                "All Area Rugs",
                "/browse/home/all-area-rugs/4044_133012_110892_6718514_418437"
            ],
            [
                "Kitchen Rugs",
                "/browse/home/kitchen-rugs/4044_133012_110892_420326"
            ],
            [
                "Polypropylene Area Rugs",
                "/browse/home/polypropylene-area-rugs/4044_133012_110892_6718514_3513491_5413835"
            ],
            [
                "Kitchen Runners",
                "/browse/home/kitchen-runners/4044_133012_110892_7120281"
            ],
            [
                "Anti-Fatigue Mats",
                "/browse/home/anti-fatigue-mats/4044_133012_110892_9850076"
            ],
            [
                "All Rug Sets",
                "/browse/home/all-rug-sets/4044_133012_110892_9639923_999280"
            ]
        ]
    },
    {
        "title": "Zenithen Round Chair with High Gloss Silver Frame in Tufted Velvet Fabric, Multiple Colors",
        "url": "https://www.walmart.com/ip/Zenithen-Round-Chair-with-High-Gloss-Silver-Frame-in-Tufted-Velvet-Fabric-Multiple-Colors/645405125",
        "price": "$35.00",
        "stars": "4.5",
        "ratings": "89 ",
        "img": "i5.walmartimages.com/asr/39752740-e951-452f-b191-ce2969845645_1.d5415e55c7edc9450355e2ac45ebf072.jpeg?odnWidth=612&odnHeight=612&odnBg=ffffff",
        "tags": [
            [
                "Kids' Chairs & Seating",
                "/browse/home/kids-chairs-seating/4044_1154295_1155958_1156032"
            ],
            [
                "Teens' Lounge Seating",
                "/browse/home/teens-lounge-seating/4044_1156136_1156142_1156147"
            ],
            [
                "Folding Chairs",
                "/browse/home/folding-chairs/4044_103150_4037_1580848"
            ],
            [
                "Shop All Folding Chairs",
                "/browse/home/shop-all-folding-chairs/4044_103150_4037_6296206_2321205_2509863"
            ],
            [
                "All Accent Chairs",
                "/browse/home/all-accent-chairs/4044_103150_4038_7389568_7800022"
            ],
            [
                "All Kids' Chairs",
                "/browse/home/all-kids-chairs/4044_1154295_1155958_7203266_9300235"
            ],
            [
                "Plastic Folding Chairs",
                "/browse/home/plastic-folding-chairs/4044_103150_4037_6296206_2321205_9616861"
            ],
            [
                "Kids' Upholstered Chairs",
                "/browse/home/kids-upholstered-chairs/4044_1154295_1155958_7203266_9760729"
            ]
        ]
    },
    {
        "title": "Garland Rug Town Square Solid Mocha 7'6\"x9'6\" Indoor Area Rug",
        "url": "https://www.walmart.com/ip/Garland-Rug-Town-Square-Solid-Mocha-7-6-x9-6-Indoor-Area-Rug/26434607",
        "price": "$64.77",
        "stars": "4.3",
        "ratings": "575 ",
        "img": "",
        "tags": [
            [
                "All Area Rug Shapes",
                "/browse/home/all-area-rug-shapes/4044_133012_110892_6718514_5047521_2067299"
            ],
            [
                "9' x 12' Area Rugs",
                "/browse/home/9-x-12-area-rugs/4044_133012_110892_6718514_3167309_2663366"
            ],
            [
                "Black Area Rugs",
                "/browse/home/black-area-rugs/4044_133012_110892_6718514_1588657_3471470"
            ],
            [
                "Area Rugs in All Styles",
                "/browse/home/area-rugs-in-all-styles/4044_133012_110892_6718514_4513083_3684349"
            ],
            [
                "Area Rugs in All Patterns",
                "/browse/home/area-rugs-in-all-patterns/4044_133012_110892_6718514_6050557_3695557"
            ],
            [
                "5' x 7' Area Rugs",
                "/browse/home/5-x-7-area-rugs/4044_133012_110892_6718514_3167309_4063681"
            ],
            [
                "Blue Area Rugs",
                "/browse/home/blue-area-rugs/4044_133012_110892_6718514_1588657_5973975"
            ],
            [
                "Rectangle Area Rugs",
                "/browse/home/rectangle-area-rugs/4044_133012_110892_6718514_5047521_9979963"
            ]
        ]
    },
    {
        "title": "Lava the Original 14.5\" Pink Wax with Purple Liquid Lava Lamp",
        "url": "https://www.walmart.com/ip/Lava-the-Original-14-5-Pink-Wax-with-Purple-Liquid-Lava-Lamp/21383004",
        "price": "$16.00",
        "stars": "3.8",
        "ratings": "163 ",
        "img": "i5.walmartimages.com/asr/1a2f3b17-f200-406c-8c02-740d65fd93c9_1.ecc8d8f260aad6b7bab80198e4423f67.jpeg?odnWidth=612&odnHeight=612&odnBg=ffffff",
        "tags": [
            [
                "Kids' Lighting",
                "/browse/home/kids-lighting/4044_1154295_1156072_1156092"
            ],
            [
                "Teens' Lamps & Lighting",
                "/browse/home/teens-lamps-lighting/4044_1156136_1156152_1156153"
            ],
            [
                "Shop All Salt Lamps",
                "/browse/home/shop-all-salt-lamps/4044_133012_133113_8132195_6966866_2779208"
            ],
            [
                "Kids' Lamps & Lights",
                "/browse/home/kids-lamps-lights/4044_1154295_1156072_3933938"
            ],
            [
                "Lava Lamps",
                "/browse/home/lava-lamps/4044_133012_133113_8132195_5652875"
            ],
            [
                "Plasma Balls",
                "/browse/home/plasma-balls/4044_133012_133113_8132195_7331382"
            ],
            [
                "Table Lamps",
                "/browse/home/table-lamps/4044_133012_133113_3820857_8270513"
            ]
        ]
    },
    {
        "title": "Mainstays LED Gooseneck Desk Lamp with Catch-All Base & AC Outlet, Black",
        "url": "https://www.walmart.com/ip/Mainstays-LED-Gooseneck-Desk-Lamp-with-Catch-All-Base-AC-Outlet-Black/789690769",
        "price": "$6.88",
        "stars": "4.7",
        "ratings": "115 ",
        "img": "i5.walmartimages.com/asr/03651210-3efb-4aa6-8672-abb6f06327c6.2ef9640b5a7872cbc0154bee3bf76fcf.jpeg?odnWidth=612&odnHeight=612&odnBg=ffffff",
        "tags": [
            [
                "Shop All Lamps",
                "/browse/home/shop-all-lamps/4044_133012_133113_4887881_3703957"
            ],
            [
                "Shop All Desk Lamps by Style",
                "/browse/home/shop-all-desk-lamps-by-style/4044_133012_133113_4887881_6171890_1411823_3849657"
            ],
            [
                "LED Desk Lamps",
                "/browse/home/led-desk-lamps/4044_133012_133113_4887881_6171890_4202342"
            ],
            [
                "Shop All Desk Lamps",
                "/browse/home/shop-all-desk-lamps/4044_133012_133113_4887881_6171890_4663722"
            ],
            [
                "Shop All Desk Lamps by Color",
                "/browse/home/shop-all-desk-lamps-by-color/4044_133012_133113_4887881_6171890_2170299_5011261"
            ],
            [
                "Desk Lamps",
                "/browse/home/desk-lamps/4044_133012_133113_3820857_8818400"
            ],
            [
                "Shop All Desk Lamps by Finish",
                "/browse/home/shop-all-desk-lamps-by-finish/4044_133012_133113_4887881_6171890_5607606_8919148"
            ],
            [
                "Modern Desk Lamps",
                "/browse/home/modern-desk-lamps/4044_133012_133113_4887881_6171890_1411823_9672437"
            ]
        ]
    },
    {
        "title": "Mainstays Multi-Purpose Organizer Task Lamp, Black",
        "url": "https://www.walmart.com/ip/Mainstays-Multi-Purpose-Organizer-Task-Lamp-Black/257971770",
        "price": "$14.94",
        "stars": "4.6",
        "ratings": "68 ",
        "img": "i5.walmartimages.com/asr/e5500c87-a018-4ae0-ad15-55e053534290_1.5dea3e8231e116e3b9d082fce8411b7b.jpeg?odnWidth=612&odnHeight=612&odnBg=ffffff",
        "tags": [
            [
                "Teens' Lamps & Lighting",
                "/browse/home/teens-lamps-lighting/4044_1156136_1156152_1156153"
            ],
            [
                "Shop All Desk Lamps by Style",
                "/browse/home/shop-all-desk-lamps-by-style/4044_133012_133113_4887881_6171890_1411823_3849657"
            ],
            [
                "LED Desk Lamps",
                "/browse/home/led-desk-lamps/4044_133012_133113_4887881_6171890_4202342"
            ],
            [
                "Shop All Desk Lamps",
                "/browse/home/shop-all-desk-lamps/4044_133012_133113_4887881_6171890_4663722"
            ],
            [
                "Green Desk Lamps",
                "/browse/home/green-desk-lamps/4044_133012_133113_4887881_6171890_2170299_4860921"
            ],
            [
                "Shop All Desk Lamps by Color",
                "/browse/home/shop-all-desk-lamps-by-color/4044_133012_133113_4887881_6171890_2170299_5011261"
            ],
            [
                "Shop All Desk Lamps by Finish",
                "/browse/home/shop-all-desk-lamps-by-finish/4044_133012_133113_4887881_6171890_5607606_8919148"
            ],
            [
                "Modern Desk Lamps",
                "/browse/home/modern-desk-lamps/4044_133012_133113_4887881_6171890_1411823_9672437"
            ]
        ]
    },
    {
        "title": "4 Pieces Bed in a Bag Sheet Set Queen Black",
        "url": "https://www.walmart.com/ip/4-Pieces-Bed-in-a-Bag-Sheet-Set-Queen-Black/514276008",
        "price": "$25.00",
        "stars": "3.7",
        "ratings": "62 ",
        "img": "i5.walmartimages.com/asr/06445b73-5217-4f5e-ba54-2da9d2a17a08_1.f33b5fd50859b50eb8e5a034368d73b0.jpeg?odnWidth=612&odnHeight=612&odnBg=ffffff",
        "tags": [
            [
                "Teens' Comforters Sets",
                "/browse/home/teens-comforters-sets/4044_1156136_1156157_1230003"
            ],
            [
                "Grey Comforters",
                "/browse/home/grey-comforters/4044_539103_1995847_2463602"
            ],
            [
                "Shop All Teens' Bedding",
                "/browse/home/shop-all-teens-bedding/4044_1156136_1156157_2716120"
            ],
            [
                "Bed-in-a-Bag Sets",
                "/browse/home/bed-in-a-bag-sets/4044_539103_9474113_3388004"
            ],
            [
                "Comforters",
                "/browse/home/comforters/4044_539103_4754"
            ],
            [
                "Comforter Sets",
                "/browse/home/comforter-sets/4044_539103_9474113_5287544"
            ],
            [
                "Black Comforters",
                "/browse/home/black-comforters/4044_539103_1995847_8565253"
            ],
            [
                "Dorm Bedding",
                "/browse/home/dorm-bedding/4044_1225301_1225229_9830377"
            ]
        ]
    },
    {
        "title": "Garland Rug Traditional Soft & Plush Solid Chili Pepper Red Washable Nylon 24\"x40\" Bathroom Rug",
        "url": "https://www.walmart.com/ip/Garland-Rug-Traditional-Soft-Plush-Solid-Chili-Pepper-Red-Washable-Nylon-24-x40-Bathroom-Rug/24460763",
        "price": "$14.97",
        "stars": "4.7",
        "ratings": "78 ",
        "img": "i5.walmartimages.com/asr/f7b1b1dc-cc9d-4181-a428-38d0bc27e5d4.c87dfb7ceb18f2d382ec8f561417e83e.jpeg?odnWidth=612&odnHeight=612&odnBg=ffffff",
        "tags": [
            [
                "Bathroom Rug Sets",
                "/browse/home/bathroom-rug-sets/4044_539095_920259_1753813"
            ],
            [
                "Bathroom Rugs",
                "/browse/home/bathroom-rugs/4044_539095_920259_2453408"
            ],
            [
                "Memory Foam Bath Mats",
                "/browse/home/memory-foam-bath-mats/4044_539095_920259_4950967"
            ],
            [
                "Fashion Bath Rugs",
                "/browse/home/fashion-bath-rugs/4044_539095_920259_6268946"
            ],
            [
                "Kids' Bath Rugs",
                "/browse/home/kids-bath-rugs/4044_539095_5586777_6667078"
            ],
            [
                "Non-Slip Bath Mats",
                "/browse/home/non-slip-bath-mats/4044_539095_920259_6970794"
            ],
            [
                "Teens' Bathroom",
                "/browse/home/teens-bathroom/4044_1156136_9411830"
            ]
        ]
    }
]