[
    {
        "title": "Mainstays 1.25\" 5 Zone Hypoallergenic Mattress Topper, 1 Each, Twin-XL",
        "url": "https://www.walmart.com/ip/Mainstays-1-25-5-Zone-Hypoallergenic-Mattress-Topper-1-Each-Twin-XL/109773569",
        "price": "$9.94",
        "stars": "3.9",
        "ratings": "530 ",
        "img": "i5.walmartimages.com/asr/57d30c74-4316-4960-a981-66e08916d1fa_1.3bad7f15f23f06cfbd69549c04bd77b4.jpeg?odnWidth=612&odnHeight=612&odnBg=ffffff",
        "tags": [
            [
                "Bedding Basics",
                "/browse/home/bedding-basics/4044_1225301_1225229_1225234"
            ],
            [
                "Mattress Pads & Protectors & Toppers",
                "/browse/home/mattress-pads-protectors-toppers/4044_539103_133144"
            ],
            [
                "Basic Mattress Pads & Protectors",
                "/browse/home/basic-mattress-pads-protectors/4044_539103_1095008_5670126"
            ],
            [
                "Infused Mattress Topper",
                "/browse/home/infused-mattress-topper/4044_539103_1095008_6063983"
            ],
            [
                "Cooling Mattress Toppers",
                "/browse/home/cooling-mattress-toppers/4044_539103_1095008_7363426"
            ],
            [
                "Mattress Toppers",
                "/browse/home/mattress-toppers/4044_539103_1095008_7595276"
            ],
            [
                "Dorm Mattresses",
                "/browse/home/dorm-mattresses/4044_1225301_1225229_8094250"
            ],
            [
                "Gel Memory Foam Mattress Topper",
                "/browse/home/gel-memory-foam-mattress-topper/4044_539103_1095008_9823161"
            ]
        ]
    },
    {
        "title": "Mainstays Solid Olefin High Pile Shag Area Rug, Gray, 7'x10'",
        "url": "https://www.walmart.com/ip/Mainstays-Solid-Olefin-High-Pile-Shag-Area-Rug-Gray-7-x10/55076115",
        "price": "$79.87",
        "stars": "4.3",
        "ratings": "749 ",
        "img": "i5.walmartimages.com/asr/c8cb578e-7cc1-405a-996d-e1d18208d1c0_3.3c788c28d0a665b492692fc7e8fde7ca.jpeg?odnWidth=612&odnHeight=612&odnBg=ffffff",
        "tags": [
            [
                "All Runner Rugs",
                "/browse/home/all-runner-rugs/4044_133012_110892_1538758_110894"
            ],
            [
                "All Area Rug Brands",
                "/browse/home/all-area-rug-brands/4044_133012_110892_6718514_1798516_2632865"
            ],
            [
                "Area Rugs in All Styles",
                "/browse/home/area-rugs-in-all-styles/4044_133012_110892_6718514_4513083_3684349"
            ],
            [
                "Area Rugs in All Patterns",
                "/browse/home/area-rugs-in-all-patterns/4044_133012_110892_6718514_6050557_3695557"
            ],
            [
                "5' x 7' Area Rugs",
                "/browse/home/5-x-7-area-rugs/4044_133012_110892_6718514_3167309_4063681"
            ],
            [
                "Blue Area Rugs",
                "/browse/home/blue-area-rugs/4044_133012_110892_6718514_1588657_5973975"
            ],
            [
                "Modern Rugs",
                "/browse/home/modern-rugs/4044_133012_110892_6718514_4513083_8883425"
            ],
            [
                "Rectangle Area Rugs",
                "/browse/home/rectangle-area-rugs/4044_133012_110892_6718514_5047521_9979963"
            ]
        ]
    },
    {
        "title": "Your Zone Cabana Stripe Curtain Panel, Set of 2",
        "url": "https://www.walmart.com/ip/Your-Zone-Cabana-Stripe-Curtain-Panel-Set-of-2/562330475",
        "price": "$9.94",
        "stars": "4.4",
        "ratings": "266 ",
        "img": "",
        "tags": [
            [
                "Kids' Curtains",
                "/browse/home/kids-curtains/4044_133012_539105_1521917_1156112"
            ],
            [
                "Blackout Curtains",
                "/browse/home/blackout-curtains/4044_133012_539105_1521917_1331481"
            ],
            [
                "Room Darkening Curtains",
                "/browse/home/room-darkening-curtains/4044_133012_539105_1521917_2277099"
            ],
            [
                "Curtains",
                "/browse/home/curtains/4044_133012_539105_1521917_2606905"
            ],
            [
                "Sheer Curtains",
                "/browse/home/sheer-curtains/4044_133012_539105_1521917_2913338"
            ],
            [
                "Kitchen Curtains",
                "/browse/home/kitchen-curtains/4044_133012_539105_1521917_414668"
            ],
            [
                "Curtain Sets",
                "/browse/home/curtain-sets/4044_133012_539105_7600818"
            ],
            [
                "Teen Curtains",
                "/browse/home/teen-curtains/4044_133012_539105_1521917_8856798"
            ]
        ]
    },
    {
        "title": "Libman Freedom Spray Mop",
        "url": "https://www.walmart.com/ip/Libman-Freedom-Spray-Mop/20970564",
        "price": "$20.57",
        "stars": "4.3",
        "ratings": "194 ",
        "img": "i5.walmartimages.com/asr/9fdfad6c-1f63-4c58-a19d-a34c5438f87c.139f10b9e8d453dd93548de994c49612.jpeg?odnWidth=612&odnHeight=612&odnBg=ffffff",
        "tags": [
            [
                "Swiffer",
                "/browse/household-essentials/swiffer/1115193_1071966_1073104_1809312"
            ],
            [
                "Cleaning Refills",
                "/browse/household-essentials/cleaning-refills/1115193_1071966_1025741_2872506"
            ],
            [
                "Mops",
                "/browse/household-essentials/mops/1115193_1071966_1025741_3818944"
            ],
            [
                "Quick Clean - Mopping and Dusting",
                "/browse/household-essentials/quick-clean-mopping-dusting/1115193_1071966_1025741_4020052"
            ],
            [
                "Bona Floor Cleaners",
                "/browse/household-essentials/bona-floor-cleaners/1115193_1071966_1073104_5832597"
            ],
            [
                "Swiffer Mops",
                "/browse/household-essentials/swiffer-mops/1115193_1071966_1025741_6685056"
            ],
            [
                "O-cedar Mops",
                "/browse/household-essentials/o-cedar-mops/1115193_1071966_1025741_6957827"
            ]
        ]
    },
    {
        "title": "Mainstays Fleece Plush Throw Blanket, Set of 2, Available in Multiple Prints",
        "url": "https://www.walmart.com/ip/Mainstays-Fleece-Plush-Throw-Blanket-Set-of-2-Available-in-Multiple-Prints/288756036",
        "price": "$12.87",
        "stars": "4.5",
        "ratings": "519 ",
        "img": "i5.walmartimages.com/asr/ceee2c7c-be0a-4b56-8863-b9dc494c7116_3.0eaa46919f6f53af5652d5c5165c92eb.jpeg?odnWidth=612&odnHeight=612&odnBg=ffffff",
        "tags": [
            [
                "Sherpa Throws",
                "/browse/home/sherpa-throws/4044_133012_6160705_2483598"
            ],
            [
                "Throw Blankets",
                "/browse/home/throw-blankets/4044_539103_4756_5185109_2548276"
            ],
            [
                "Shop All Teens' Bedding",
                "/browse/home/shop-all-teens-bedding/4044_1156136_1156157_2716120"
            ],
            [
                "Christmas Throws",
                "/browse/home/christmas-throws/4044_133012_6160705_5436700"
            ],
            [
                "Decorative Throws",
                "/browse/home/decorative-throws/4044_133012_5940644"
            ],
            [
                "Shop All Fall Decor",
                "/browse/home/shop-all-fall-decor/4044_2634414_9573311_6851606"
            ],
            [
                "Plaid Throws",
                "/browse/home/plaid-throws/4044_133012_6160705_8592946"
            ],
            [
                "Throws",
                "/browse/home/throws/4044_133012_6160705_9662661"
            ]
        ]
    },
    {
        "title": "Mainstays 69\" Charcoal Metal Etagere Shelf Floor Lamp",
        "url": "https://www.walmart.com/ip/Mainstays-69-Charcoal-Metal-Etagere-Shelf-Floor-Lamp/157330649",
        "price": "$29.94",
        "stars": "4.2",
        "ratings": "496 ",
        "img": "",
        "tags": [
            [
                "Black Floor Lamps",
                "/browse/home/black-floor-lamps/4044_133012_133113_2803868_6550448_1339328"
            ],
            [
                "Shop all Floor Lamps by Type",
                "/browse/home/shop-all-floor-lamps-by-type/4044_133012_133113_2803868_1573734_2602696"
            ],
            [
                "Shop All Floor Lamps by Style",
                "/browse/home/shop-all-floor-lamps-by-style/4044_133012_133113_2803868_6259606_2972951"
            ],
            [
                "Floor Lamps for Living Room",
                "/browse/home/floor-lamps-for-living-room/4044_133012_133113_2803868_3209067"
            ],
            [
                "Shop all Floor Lamps by Material",
                "/browse/home/shop-all-floor-lamps-by-material/4044_133012_133113_2803868_9408212_3866648"
            ],
            [
                "Floor Lamps",
                "/browse/home/floor-lamps/4044_133012_133113_3820857_5284404"
            ],
            [
                "Shop All Floor Lamps by Color",
                "/browse/home/shop-all-floor-lamps-by-color/4044_133012_133113_2803868_6550448_8480658"
            ],
            [
                "Shop All Floor Lamps",
                "/browse/home/shop-all-floor-lamps/4044_133012_133113_2803868_8846382"
            ]
        ]
    },
    {
        "title": "BISSELL PowerForce Helix Turbo Bagless Vacuum (new version of 1701), 2190",
        "url": "https://www.walmart.com/ip/BISSELL-PowerForce-Helix-Turbo-Bagless-Vacuum-new-version-of-1701-2190/190926609",
        "price": "$69.00",
        "stars": "4.5",
        "ratings": "1622 ",
        "img": "i5.walmartimages.com/asr/a36c83dd-9f97-4da4-8a8d-a355844dc388_1.0c7f4fba3299f5bc9c11e463a34cbe5e.jpeg?odnWidth=612&odnHeight=612&odnBg=ffffff",
        "tags": [
            [
                "Bissell Pet Vacuums",
                "/browse/home/bissell-pet-vacuums/4044_90548_4047_1921730"
            ],
            [
                "Best Vacuum Cleaners",
                "/browse/home/best-vacuum-cleaners/4044_90548_4047_2857938"
            ],
            [
                "Vacuum Cleaners",
                "/browse/home/vacuum-cleaners/4044_90548_4047_3525958"
            ],
            [
                "Dorm Floorcare",
                "/browse/home/dorm-floorcare/4044_1225301_1225229_3660956"
            ],
            [
                "Bissell Vacuums",
                "/browse/home/bissell-vacuums/4044_90548_4047_5800318"
            ],
            [
                "Bissell Upright Vacuums",
                "/browse/home/bissell-upright-vacuums/4044_90548_4047_5885578"
            ],
            [
                "Dorm Vacuum Essentials",
                "/browse/home/dorm-vacuum-essentials/4044_1225301_1225229_8079634_6343193"
            ],
            [
                "Dorm Room Essentials",
                "/browse/home/dorm-room-essentials/4044_1225301_1225229_7506721"
            ]
        ]
    },
    {
        "title": "Aroma 8-Cup Programmable Rice & Grain Cooker, Steamer",
        "url": "https://www.walmart.com/ip/Aroma-8-Cup-Programmable-Rice-Grain-Cooker-Steamer/19756393",
        "price": "$29.92",
        "stars": "4.3",
        "ratings": "633 ",
        "img": "i5.walmartimages.com/asr/00ce9020-06e5-47b1-ad31-0219c9d53ad7_1.c68b065076af42727a7daa46c079bcd7.jpeg?odnWidth=612&odnHeight=612&odnBg=ffffff",
        "tags": [
            [
                "Garment Steamers",
                "/browse/home/garment-steamers/4044_90548_9936560_1070044"
            ],
            [
                "Kitchen Appliances",
                "/browse/home/kitchen-appliances/4044_1225301_1225229_1225238_1230030"
            ],
            [
                "Instant Pot",
                "/browse/home/instant-pot/4044_1225301_9409401_1681369"
            ],
            [
                "Black + Decker Rice Cookers",
                "/browse/home/black-decker-rice-cookers/4044_90548_90546_5538409_2998534"
            ],
            [
                "Shop All Slow Cookers",
                "/browse/home/shop-all-slow-cookers/4044_90548_90546_4829_7337075"
            ],
            [
                "Dorm Room Essentials",
                "/browse/home/dorm-room-essentials/4044_1225301_1225229_7506721"
            ],
            [
                "Shop All Rice Cookers",
                "/browse/home/shop-all-rice-cookers/4044_90548_90546_5538409_8289547"
            ]
        ]
    },
    {
        "title": "Mainstays 8\" x 10\" Black Linear Frame, Set of 6",
        "url": "https://www.walmart.com/ip/Mainstays-8-x-10-Black-Linear-Frame-Set-of-6/42338175",
        "price": "$18.99",
        "stars": "4.3",
        "ratings": "341 ",
        "img": "i5.walmartimages.com/asr/28c17b14-476a-4c84-b9e4-0a7a1311e21f.ecdb07c3cee4d1c6a9d9497f88fa67ac.jpeg?odnWidth=612&odnHeight=612&odnBg=ffffff",
        "tags": [
            [
                "Better Homes & Gardens Decor",
                "/browse/home/better-homes-gardens-decor/4044_133012_2786769"
            ],
            [
                "Oil Diffusers",
                "/browse/home/oil-diffusers/4044_133012_2622648_6662217"
            ],
            [
                "Picture Frames",
                "/browse/home/picture-frames/4044_133012_672579"
            ],
            [
                "Shop All Fall Decor",
                "/browse/home/shop-all-fall-decor/4044_2634414_9573311_6851606"
            ],
            [
                "Fall Candles",
                "/browse/home/fall-candles/4044_2634414_9573311_7123210"
            ],
            [
                "WoodWick Candles",
                "/browse/home/woodwick-candles/4044_133012_2622648_8397936"
            ],
            [
                "Shop All Wall Decor",
                "/browse/home/shop-all-wall-decor/4044_133012_5208936_922699"
            ],
            [
                "Cheeseboards",
                "/browse/home/cheeseboards/4044_623679_639999_2347672_9395792"
            ]
        ]
    },
    {
        "title": "Keurig K-Elite, Single Serve K-Cup Pod Coffee Maker, Brushed Slate",
        "url": "https://www.walmart.com/ip/Keurig-K-Elite-Single-Serve-K-Cup-Pod-Coffee-Maker-Brushed-Slate/225142139",
        "price": "$119.99",
        "stars": "4.3",
        "ratings": "2350 ",
        "img": "",
        "tags": [
            [
                "Single Serve Coffee Makers",
                "/browse/home/single-serve-coffee-makers/4044_90548_90546_1115306_3041068"
            ],
            [
                "Coffee & Espresso Parts and Accessories",
                "/browse/home/coffee-espresso-parts-accessories/4044_90548_90546_2971264_3403620"
            ],
            [
                "Dorm Appliances",
                "/browse/home/dorm-appliances/4044_1225301_1225229_4267503"
            ],
            [
                "Small kitchen ideas",
                "/browse/home/small-kitchen-ideas/4044_1879527_9330810_4641057"
            ],
            [
                "Coffee Makers",
                "/browse/home/coffee-makers/4044_90548_90546_1115306_5438660"
            ],
            [
                "Dorm Room Essentials",
                "/browse/home/dorm-room-essentials/4044_1225301_1225229_7506721"
            ],
            [
                "Ninja Coffee Makers",
                "/browse/home/ninja-coffee-makers/4044_90548_90546_1115306_7723900"
            ],
            [
                "Meal Prep Containers",
                "/browse/home/meal-prep-containers/4044_623679_1032619_5842891_8561628"
            ]
        ]
    }
]