[
    {
        "title": "Regal Upholstered Bed with Nail Trim Headboard, King",
        "url": "https://www.walmart.com/ip/Regal-Upholstered-Bed-with-Nail-Trim-Headboard-King/851871430",
        "price": "$163.27",
        "stars": "3.9",
        "ratings": "36 ",
        "img": "i5.walmartimages.com/asr/93f750de-9d28-40ab-ba05-78ea7f910fa2.1352be34e1797c011999c815d0d0d98b.jpeg?odnWidth=612&odnHeight=612&odnBg=ffffff",
        "tags": [
            [
                "King Beds",
                "/browse/home/king-beds/4044_103150_102547_91837_2698834"
            ],
            [
                "Modern Beds",
                "/browse/home/modern-beds/4044_103150_102547_5949652_5494944_3059712"
            ],
            [
                "Panel Beds",
                "/browse/home/panel-beds/4044_103150_102547_5949652_4461999_3210911"
            ],
            [
                "Queen Beds",
                "/browse/home/queen-beds/4044_103150_102547_5949652_2014667_3260170"
            ],
            [
                "Platform Beds",
                "/browse/home/platform-beds/4044_103150_102547_91837_5579206"
            ],
            [
                "Wood Beds",
                "/browse/home/wood-beds/4044_103150_102547_5949652_7618312_5701239"
            ],
            [
                "Upholstered Beds",
                "/browse/home/upholstered-beds/4044_103150_102547_5949652_7618312_6750481"
            ],
            [
                "Full Beds",
                "/browse/home/full-beds/4044_103150_102547_91837_7293063"
            ]
        ]
    },
    {
        "title": "Your Zone Blue Sharks Bed-in-a-Bag Kids Bedding Set with Reversible Comforter",
        "url": "https://www.walmart.com/ip/Your-Zone-Blue-Sharks-Bed-in-a-Bag-Kids-Bedding-Set-with-Reversible-Comforter/188245849",
        "price": "$34.94",
        "stars": "4.8",
        "ratings": "46 ",
        "img": "i5.walmartimages.com/asr/f14bf920-678d-443e-ad10-48c5c7c3c49e_1.fd57f45191f92972fd166d00be3dc600.jpeg?odnWidth=612&odnHeight=612&odnBg=ffffff",
        "tags": [
            [
                "Kids' Comforters",
                "/browse/home/kids-comforters/4044_1154295_1156114_1156132"
            ],
            [
                "Kids' Bedding Sets",
                "/browse/home/kids-bedding-sets/4044_1154295_1156114_1156134"
            ],
            [
                "Character Bedding",
                "/browse/home/character-bedding/4044_1154295_1156114_1753305"
            ],
            [
                "Shop All Kids' Bedding",
                "/browse/home/shop-all-kids-bedding/4044_1154295_1156114_2202167"
            ],
            [
                "Boys Bedding",
                "/browse/home/boys-bedding/4044_1154295_1156114_3182549"
            ],
            [
                "Girls Comforter Sets",
                "/browse/home/girls-comforter-sets/4044_1154295_1156114_4082186"
            ],
            [
                "Boys Bedding Sets",
                "/browse/home/boys-bedding-sets/4044_1154295_1156114_8104030"
            ],
            [
                "Dinosaur Bedding",
                "/browse/home/dinosaur-bedding/4044_1154295_1156114_2439708_9588383"
            ]
        ]
    },
    {
        "title": "Delta Children Princess Crown Wooden Activity Easel with Storage - Ideal for Arts & Crafts, Drawing, Homeschooling and More",
        "url": "https://www.walmart.com/ip/Delta-Children-Princess-Crown-Wooden-Activity-Easel-with-Storage-Ideal-for-Arts-Crafts-Drawing-Homeschooling-and-More/763013840",
        "price": "$34.99",
        "stars": "4.6",
        "ratings": "29 ",
        "img": "i5.walmartimages.com/asr/f9d5be93-ca67-4bd0-91f9-171331033a9c_1.e760bcdc87674988ffcd71d66c70f4d7.jpeg?odnWidth=612&odnHeight=612&odnBg=ffffff",
        "tags": [
            [
                "Costumes & Dress Up",
                "/browse/toys/costumes-dress-up/4171_4173_164142"
            ],
            [
                "Housekeeping Toys",
                "/browse/toys/housekeeping-toys/4171_4173_3426779_2728309"
            ],
            [
                "KidKraft",
                "/browse/toys/kidkraft/4171_3438149_3485234"
            ],
            [
                "Melissa & Doug Toys",
                "/browse/toys/melissa-doug-toys/4171_3438149_5908879"
            ],
            [
                "Drawing & Coloring",
                "/browse/toys/drawing-coloring/4171_645779_613041"
            ],
            [
                "Step 2 Pretend Play",
                "/browse/toys/step-2-pretend-play/4171_3438149_8310559_6701658"
            ],
            [
                "Kids Activity Tables",
                "/browse/toys/kids-activity-tables/4171_645779_7092794"
            ],
            [
                "Playhouses & Furniture",
                "/browse/toys/playhouses-furniture/4171_14521_3747773_86643"
            ]
        ]
    },
    {
        "title": "Bean Bag Refill",
        "url": "https://www.walmart.com/ip/Bean-Bag-Refill/22860239",
        "price": "$20.00",
        "stars": "4.4",
        "ratings": "26 ",
        "img": "",
        "tags": [
            [
                "Teens' Lounge Seating",
                "/browse/home/teens-lounge-seating/4044_1156136_1156142_1156147"
            ],
            [
                "Big Bean Bag Chairs",
                "/browse/home/big-bean-bag-chairs/4044_1154295_1155958_7203266_4128634"
            ],
            [
                "Bean Bag Chairs",
                "/browse/home/bean-bag-chairs/4044_1154295_1155958_7203266_4850205"
            ],
            [
                "Shop All Kids' Furniture",
                "/browse/home/shop-all-kids-furniture/4044_1154295_1155958_5352796"
            ],
            [
                "Adult & Teen Bean Bag Chairs",
                "/browse/home/adult-teen-bean-bag-chairs/4044_1154295_1155958_7203266_8496525"
            ],
            [
                "Kids' Bean Bag Chairs",
                "/browse/home/kids-bean-bag-chairs/4044_1154295_1155958_7203266_9269066"
            ],
            [
                "All Kids' Chairs",
                "/browse/home/all-kids-chairs/4044_1154295_1155958_7203266_9300235"
            ],
            [
                "Kids' Playroom",
                "/browse/home/kids-playroom/4044_1154295_9443108"
            ]
        ]
    },
    {
        "title": "Fitted Hospital Bed Sheet, Twin Extra-Long 36\"X80\"X9\" Soft and Comfy 100% Cotton (Twin XL, White) by Crescent",
        "url": "https://www.walmart.com/ip/Fitted-Hospital-Bed-Sheet-Twin-Extra-Long-36-X80-X9-Soft-and-Comfy-100-Cotton-Twin-XL-White-by-Crescent/551725912",
        "price": "$19.95",
        "stars": "4.3",
        "ratings": "14 ",
        "img": "i5.walmartimages.com/asr/73255b4b-a045-4b2e-9e73-d6a297c5b92e_1.adaed5a484e4bc5ad0e5896043f86f63.jpeg?odnWidth=612&odnHeight=612&odnBg=ffffff",
        "tags": [
            [
                "Bed Sheets",
                "/browse/home/bed-sheets/4044_539103_133061"
            ],
            [
                "Twin XL Sheets",
                "/browse/home/twin-xl-sheets/4044_539103_5055527_1928269"
            ],
            [
                "Twin Sheets",
                "/browse/home/twin-sheets/4044_539103_5055527_2647631"
            ],
            [
                "White Sheets",
                "/browse/home/white-sheets/4044_539103_5055527_4299542"
            ],
            [
                "Fitted Sheets",
                "/browse/home/fitted-sheets/4044_539103_5055527_5879517"
            ],
            [
                "Jersey Sheets",
                "/browse/home/jersey-sheets/4044_539103_5055527_7764802"
            ],
            [
                "100% Cotton Sheets",
                "/browse/home/100-cotton-sheets/4044_539103_5055527_7909690"
            ],
            [
                "Full Sheets",
                "/browse/home/full-sheets/4044_539103_5055527_8485867"
            ]
        ]
    },
    {
        "title": "Nickelodeon Paw Patrol Pup 4 Pack Canvas Wall Art",
        "url": "https://www.walmart.com/ip/Nickelodeon-Paw-Patrol-Pup-4-Pack-Canvas-Wall-Art/583482482",
        "price": "$18.00",
        "stars": "4.8",
        "ratings": "25 ",
        "img": "i5.walmartimages.com/asr/8806ebeb-582c-4984-9335-7f508e259519_14.5afacbf858e98c3202557d80766db970.jpeg?odnWidth=612&odnHeight=612&odnBg=ffffff",
        "tags": [
            [
                "Toy Boxes & Chests",
                "/browse/home/toy-boxes-chests/4044_90828_2523133_1105892"
            ],
            [
                "Kids' Curtains",
                "/browse/home/kids-curtains/4044_133012_539105_1521917_1156112"
            ],
            [
                "Kids' Wall Decals & Stickers",
                "/browse/home/kids-wall-decals-stickers/4044_1154295_1156072_1156772"
            ],
            [
                "Paw Patrol Personalized Gifts",
                "/browse/home/paw-patrol-personalized-gifts/4044_133224_3037097_1623413"
            ],
            [
                "Shop All Kids' Decor",
                "/browse/home/shop-all-kids-decor/4044_1154295_1156072_2546143"
            ],
            [
                "Shop All Wall Art by Style",
                "/browse/home/shop-all-wall-art-by-style/4044_133012_1045881_6473786_3673106"
            ],
            [
                "Kids' Storage",
                "/browse/home/kids-storage/4044_1154295_673059"
            ],
            [
                "Shop All Wall Art by Artist",
                "/browse/home/shop-all-wall-art-by-artist/4044_133012_1045881_8724634_8745553"
            ]
        ]
    },
    {
        "title": "Nick Jr. PAW Patrol Deluxe Toy Box by Delta Children",
        "url": "https://www.walmart.com/ip/Nick-Jr-PAW-Patrol-Deluxe-Toy-Box-by-Delta-Children/880138733",
        "price": "$47.59",
        "stars": "4.5",
        "ratings": "51 ",
        "img": "i5.walmartimages.com/asr/22563be2-b660-4094-8506-9be9b85c42e4_1.6f2db9989397c4ebab4310e883b825ba.jpeg?odnWidth=612&odnHeight=612&odnBg=ffffff",
        "tags": [
            [
                "Toddler Bookshelves",
                "/browse/baby/toddler-bookshelves/5427_978579_3990478_1615398"
            ],
            [
                "Toddlers' Curtains",
                "/browse/baby/toddlers-curtains/5427_978579_1323123_435830"
            ],
            [
                "Toddlers' Lamps & Lighting",
                "/browse/baby/toddlers-lamps-lighting/5427_978579_1323123_435834"
            ],
            [
                "Toy Chests",
                "/browse/baby/toy-chests/5427_978579_3990478_5018647"
            ],
            [
                "Paw Patrol Toddler Furniture",
                "/browse/baby/paw-patrol-toddler-furniture/5427_978579_3990478_6113819"
            ],
            [
                "All Nursery Storage",
                "/browse/baby/all-nursery-storage/5427_414099_5788687_643159"
            ],
            [
                "Toddler Playroom",
                "/browse/baby/toddler-playroom/5427_978579_3990478_8639498"
            ],
            [
                "Toddler Desks & Chairs",
                "/browse/baby/toddler-desks-chairs/5427_978579_3990478_999282"
            ]
        ]
    },
    {
        "title": "Cosy House Collection Luxury Bamboo Bed Sheet Set - Hypoallergenic Bedding Blend from Natural Bamboo Fiber - Resists Wrinkles - 4 Piece - 1 Fitted Sheet, 1 Flat, 1 Pillowcase - Twin",
        "url": "https://www.walmart.com/ip/Cosy-House-Collection-Luxury-Bamboo-Bed-Sheet-Set-Hypoallergenic-Bedding-Blend-Natural-Fiber-Resists-Wrinkles-4-Piece-1-Fitted-Sheet-Flat-Pillowcase-/273143943",
        "price": "$39.95",
        "stars": "4.7",
        "ratings": "3 ",
        "img": "i5.walmartimages.com/asr/5b0e4735-53b1-4d59-9ac0-a612f202ff48.78ac369ba42e5ffbea290fd6b4bebf57.jpeg?odnWidth=612&odnHeight=612&odnBg=ffffff",
        "tags": []
    },
    {
        "title": "Holiday Time Merry Christmas Wreath Buffalo Plaid Throw Pillows, Set of 2",
        "url": "https://www.walmart.com/ip/Holiday-Time-Merry-Christmas-Wreath-Buffalo-Plaid-Throw-Pillows-Set-of-2/480937352",
        "price": "$15.98",
        "stars": 0,
        "ratings": 0,
        "img": "i5.walmartimages.com/asr/0a8d4a0a-ec7e-42f6-be89-be0c673e8823.552809e133fc51fb86ab09d1dd3cec94.jpeg?odnWidth=612&odnHeight=612&odnBg=ffffff",
        "tags": []
    },
    {
        "title": "HLC.ME Lattice Print Decorative Blackout Thermal Privacy Room Darkening Grommet Window Drapes Curtain Panels for Bedroom - Set of 2",
        "url": "https://www.walmart.com/ip/HLC-ME-Lattice-Print-Decorative-Blackout-Thermal-Privacy-Room-Darkening-Grommet-Window-Drapes-Curtain-Panels-for-Bedroom-Set-of-2/953218352",
        "price": "$24.99",
        "stars": "4.7",
        "ratings": "20 ",
        "img": "i5.walmartimages.com/asr/d9e8a482-9b73-4a3a-af63-e7489ef60a82_1.6991067438c5d3f1766923ded19a4769.jpeg?odnWidth=612&odnHeight=612&odnBg=ffffff",
        "tags": [
            [
                "Teens' Window Treatments",
                "/browse/home/teens-window-treatments/4044_1156136_1156152_1156155"
            ],
            [
                "Best Cooling Sheets & Bedding for Hot Sleepers",
                "/browse/home/best-cooling-sheets-bedding-for-hot-sleepers/4044_1225301_2271072_1871287"
            ],
            [
                "Room Darkening Curtains",
                "/browse/home/room-darkening-curtains/4044_133012_539105_1521917_2277099"
            ],
            [
                "Curtains",
                "/browse/home/curtains/4044_133012_539105_1521917_2606905"
            ],
            [
                "Sheer Curtains",
                "/browse/home/sheer-curtains/4044_133012_539105_1521917_2913338"
            ],
            [
                "Kitchen Curtains",
                "/browse/home/kitchen-curtains/4044_133012_539105_1521917_414668"
            ],
            [
                "Curtain Sets",
                "/browse/home/curtain-sets/4044_133012_539105_7600818"
            ],
            [
                "Teen Curtains",
                "/browse/home/teen-curtains/4044_133012_539105_1521917_8856798"
            ]
        ]
    }
]