[
    {
        "title": "King 3 Inch Soft Sleeper 2.5 Visco Elastic Memory Foam Mattress Topper USA Made",
        "url": "https://www.walmart.com/ip/King-3-Inch-Soft-Sleeper-2-5-Visco-Elastic-Memory-Foam-Mattress-Topper-USA-Made/255987483",
        "price": "$112.54",
        "stars": 0,
        "ratings": 0,
        "img": "",
        "tags": [
            [
                "Mattress Pads & Protectors & Toppers",
                "/browse/home/mattress-pads-protectors-toppers/4044_539103_133144"
            ],
            [
                "Best Cooling Sheets & Bedding for Hot Sleepers",
                "/browse/home/best-cooling-sheets-bedding-for-hot-sleepers/4044_1225301_2271072_1871287"
            ],
            [
                "Infused Mattress Topper",
                "/browse/home/infused-mattress-topper/4044_539103_1095008_6063983"
            ],
            [
                "Pillow Top Mattress Topper",
                "/browse/home/pillow-top-mattress-topper/4044_539103_1095008_7221911"
            ],
            [
                "Mattress Toppers",
                "/browse/home/mattress-toppers/4044_539103_1095008_7595276"
            ],
            [
                "Dorm Mattresses",
                "/browse/home/dorm-mattresses/4044_1225301_1225229_8094250"
            ],
            [
                "Gel Memory Foam Mattress Topper",
                "/browse/home/gel-memory-foam-mattress-topper/4044_539103_1095008_9823161"
            ]
        ]
    },
    {
        "title": "Permafresh Mattress Protector",
        "url": "https://www.walmart.com/ip/Permafresh-Mattress-Protector/17435912",
        "price": "$18.55",
        "stars": "3.4",
        "ratings": "37 ",
        "img": "i5.walmartimages.com/asr/713d03a0-75a8-439f-8681-6fa6bace23a6_1.4a4bb009efbda9173aef2739dd0f1092.jpeg?odnWidth=612&odnHeight=612&odnBg=ffffff",
        "tags": [
            [
                "Waterproof Mattress Protectors",
                "/browse/home/waterproof-mattress-protectors/4044_539103_8022801_1583426"
            ],
            [
                "Dorm Bedding Essentials",
                "/browse/home/dorm-bedding-essentials/4044_1225301_1225229_8079634_2857911"
            ],
            [
                "Mattress Protectors",
                "/browse/home/mattress-protectors/4044_103150_539386_4169411"
            ],
            [
                "Bed Bug Mattress Protectors",
                "/browse/home/bed-bug-mattress-protectors/4044_539103_8022801_5020852"
            ],
            [
                "Basic Mattress Pads & Protectors",
                "/browse/home/basic-mattress-pads-protectors/4044_539103_1095008_5670126"
            ],
            [
                "Mattress Covers & Protectors",
                "/browse/home/mattress-covers-protectors/4044_539103_7427099"
            ],
            [
                "Top Home Allergy Relief Products",
                "/browse/home/top-home-allergy-relief-products/4044_1225301_2271072_8428130"
            ],
            [
                "Zippered Mattress Protectors",
                "/browse/home/zippered-mattress-protectors/4044_539103_8022801_8929600"
            ]
        ]
    },
    {
        "title": "Beautyrest 12\" Premier Dual Cool Technology Mattress, Multiple Sizes",
        "url": "https://www.walmart.com/ip/Beautyrest-12-Premier-Dual-Cool-Technology-Mattress-Multiple-Sizes/944630701",
        "price": "$449.00",
        "stars": "4.3",
        "ratings": "47 ",
        "img": "",
        "tags": [
            [
                "Hybrid Mattresses",
                "/browse/home/hybrid-mattresses/4044_103150_539386_1231583"
            ],
            [
                "California King Mattresses",
                "/browse/home/california-king-mattresses/4044_103150_539386_9682013_1554425"
            ],
            [
                "Beautyrest Mattresses",
                "/browse/home/beautyrest-mattresses/4044_103150_539386_8871501_2655442"
            ],
            [
                "Shop All Mattresses by Brand",
                "/browse/home/shop-all-mattresses-by-brand/4044_103150_539386_8871501_5055269"
            ],
            [
                "Twin-XL Mattresses",
                "/browse/home/twin-xl-mattresses/4044_103150_539386_9682013_5191936"
            ],
            [
                "Medium Firm Mattresses",
                "/browse/home/medium-firm-mattresses/4044_1225301_7738457_6007208"
            ],
            [
                "King Mattresses",
                "/browse/home/king-mattresses/4044_103150_539386_9682013_7117230"
            ],
            [
                "Plush Mattresses",
                "/browse/home/plush-mattresses/4044_103150_539386_8574778_7863995"
            ]
        ]
    },
    {
        "title": "ZINUS Italian Made 12\u201d Pocket Spring Hybrid Mattress, Queen",
        "url": "https://www.walmart.com/ip/ZINUS-Italian-Made-12-Pocket-Spring-Hybrid-Mattress-Queen/978907264",
        "price": "$527.00",
        "stars": "4.7",
        "ratings": "54 ",
        "img": "i5.walmartimages.com/asr/b23ee9d3-9f4a-4bf0-9db7-299446df1ca2.651696848cb561065667af3d175bb649.jpeg?odnWidth=612&odnHeight=612&odnBg=ffffff",
        "tags": [
            [
                "Hybrid Mattresses",
                "/browse/home/hybrid-mattresses/4044_103150_539386_1231583"
            ],
            [
                "California King Mattresses",
                "/browse/home/california-king-mattresses/4044_103150_539386_9682013_1554425"
            ],
            [
                "Full Mattresses",
                "/browse/home/full-mattresses/4044_103150_539386_9682013_1872812"
            ],
            [
                "Twin Mattresses",
                "/browse/home/twin-mattresses/4044_103150_539386_9682013_4706569"
            ],
            [
                "King Mattresses",
                "/browse/home/king-mattresses/4044_103150_539386_9682013_7117230"
            ],
            [
                "Queen Mattresses",
                "/browse/home/queen-mattresses/4044_103150_539386_9682013_7235340"
            ],
            [
                "Slumber 1 Mattresses",
                "/browse/home/slumber-1-mattresses/4044_103150_539386_8871501_7459942"
            ],
            [
                "Mattresses",
                "/browse/home/mattresses/4044_103150_539386_927959"
            ]
        ]
    },
    {
        "title": "Signature Design by Ashley Limited Edition Firm Twin Mattress",
        "url": "https://www.walmart.com/ip/Signature-Design-by-Ashley-Limited-Edition-Firm-Twin-Mattress/552933702",
        "price": "$221.31",
        "stars": "4.0",
        "ratings": "10 ",
        "img": "",
        "tags": [
            [
                "Hybrid Mattresses",
                "/browse/home/hybrid-mattresses/4044_103150_539386_1231583"
            ],
            [
                "California King Mattresses",
                "/browse/home/california-king-mattresses/4044_103150_539386_9682013_1554425"
            ],
            [
                "Shop All Mattresses by Brand",
                "/browse/home/shop-all-mattresses-by-brand/4044_103150_539386_8871501_5055269"
            ],
            [
                "Twin-XL Mattresses",
                "/browse/home/twin-xl-mattresses/4044_103150_539386_9682013_5191936"
            ],
            [
                "King Mattresses",
                "/browse/home/king-mattresses/4044_103150_539386_9682013_7117230"
            ],
            [
                "Queen Mattresses",
                "/browse/home/queen-mattresses/4044_103150_539386_9682013_7235340"
            ],
            [
                "Plush Mattresses",
                "/browse/home/plush-mattresses/4044_103150_539386_8574778_7863995"
            ],
            [
                "Firm Mattresses",
                "/browse/home/firm-mattresses/4044_1225301_7738457_8955250"
            ]
        ]
    },
    {
        "title": "Structures Steelock Super Duty Steel Metal Bed Frame",
        "url": "https://www.walmart.com/ip/Structures-Steelock-Super-Duty-Steel-Metal-Bed-Frame/48207053",
        "price": "$87.99",
        "stars": "4.5",
        "ratings": "16 ",
        "img": "",
        "tags": [
            [
                "Twin Bed Frames",
                "/browse/home/twin-bed-frames/4044_103150_102547_1612901_1936776"
            ],
            [
                "Platform Bed Frames",
                "/browse/home/platform-bed-frames/4044_103150_102547_1612901_2129680"
            ],
            [
                "Shop all Bed Frames",
                "/browse/home/shop-all-bed-frames/4044_103150_102547_2727648"
            ],
            [
                "Queen Bed Frames",
                "/browse/home/queen-bed-frames/4044_103150_102547_1612901_3670601"
            ],
            [
                "King Bed Frames",
                "/browse/home/king-bed-frames/4044_103150_102547_1612901_6810753"
            ],
            [
                "California King Bed Frames",
                "/browse/home/california-king-bed-frames/4044_103150_102547_1612901_6889818"
            ],
            [
                "Full Bed Frames",
                "/browse/home/full-bed-frames/4044_103150_102547_1612901_7561545"
            ],
            [
                "Metal Bed Frames",
                "/browse/home/metal-bed-frames/4044_103150_102547_1612901_7728882"
            ]
        ]
    },
    {
        "title": "Crown Comfort 8 Inch Memory Foam Mattress -",
        "url": "https://www.walmart.com/ip/Crown-Comfort-8-Inch-Memory-Foam-Mattress/52076661",
        "price": "$171.99",
        "stars": "5.0",
        "ratings": "2 ",
        "img": "",
        "tags": [
            [
                "California King Mattresses",
                "/browse/home/california-king-mattresses/4044_103150_539386_9682013_1554425"
            ],
            [
                "Full Mattresses",
                "/browse/home/full-mattresses/4044_103150_539386_9682013_1872812"
            ],
            [
                "Twin Mattresses",
                "/browse/home/twin-mattresses/4044_103150_539386_9682013_4706569"
            ],
            [
                "Twin-XL Mattresses",
                "/browse/home/twin-xl-mattresses/4044_103150_539386_9682013_5191936"
            ],
            [
                "Medium Firm Mattresses",
                "/browse/home/medium-firm-mattresses/4044_1225301_7738457_6007208"
            ],
            [
                "King Mattresses",
                "/browse/home/king-mattresses/4044_103150_539386_9682013_7117230"
            ],
            [
                "Queen Mattresses",
                "/browse/home/queen-mattresses/4044_103150_539386_9682013_7235340"
            ],
            [
                "Firm Mattresses",
                "/browse/home/firm-mattresses/4044_1225301_7738457_8955250"
            ]
        ]
    },
    {
        "title": "4-Layer Washable Waterproof Underpads - 17\" x 24\" -  3 Pack",
        "url": "https://www.walmart.com/ip/4-Layer-Washable-Waterproof-Underpads-17-x-24-3-Pack/876059248",
        "price": "$14.99",
        "stars": "4.9",
        "ratings": "7 ",
        "img": "i5.walmartimages.com/asr/b60ad46c-efc3-4a0d-8050-f9fc582a9056_1.8ea827bc70674a46f39b7d1a38ef779f.jpeg?odnWidth=612&odnHeight=612&odnBg=ffffff",
        "tags": []
    },
    {
        "title": "Levinsohn Memory Foam Quilted Mattress Topper",
        "url": "https://www.walmart.com/ip/Levinsohn-Memory-Foam-Quilted-Mattress-Topper/29677332",
        "price": "$30.99",
        "stars": "4.8",
        "ratings": "4 ",
        "img": "",
        "tags": [
            [
                "Backyard Camping",
                "/browse/health/backyard-camping/976760_7324011_8853385_2761005"
            ],
            [
                "Children's",
                "/browse/health/childrens/976760_9035881_7276940_3756988"
            ],
            [
                "Flu Shop",
                "/browse/flu-shop/976760_3790146"
            ],
            [
                "Basic Bedding",
                "/browse/health/basic-bedding/976760_9035881_9855629_4479476"
            ],
            [
                "Equate Wart Removers",
                "/browse/health/equate-wart-removers/976760_9602210_4542968"
            ],
            [
                "Amerigroup OTC",
                "/browse/health/amerigroup-otc/976760_7242297_8607061"
            ],
            [
                "Health & Wellness Private Brands",
                "/browse/health-wellness-private-brands/976760_9358347"
            ],
            [
                "Breathe Easy",
                "/browse/health/breathe-easy/976760_9035881_9642343"
            ]
        ]
    },
    {
        "title": "HomeLife\u00ae Cooling Gel Sleep 6\" Memory Foam Luxury Mattress",
        "url": "https://www.walmart.com/ip/HomeLife-Cooling-Gel-Sleep-6-quot-Memory-Foam-Luxury-Mattress/652032002",
        "price": "$89.99",
        "stars": "2.3",
        "ratings": "3 ",
        "img": "i5.walmartimages.com/asr/c7467c93-46ca-4ed3-bf14-25fedc3ab96d_1.a626046a2e94eecf90c3e47ab734d08c.jpeg?odnWidth=612&odnHeight=612&odnBg=ffffff",
        "tags": [
            [
                "Full Mattresses",
                "/browse/home/full-mattresses/4044_103150_539386_9682013_1872812"
            ],
            [
                "Memory Foam Mattresses",
                "/browse/home/memory-foam-mattresses/4044_103150_539386_414609"
            ],
            [
                "Twin Mattresses",
                "/browse/home/twin-mattresses/4044_103150_539386_9682013_4706569"
            ],
            [
                "Twin-XL Mattresses",
                "/browse/home/twin-xl-mattresses/4044_103150_539386_9682013_5191936"
            ],
            [
                "Shop All Mattresses by Comfort Level",
                "/browse/home/shop-all-mattresses-by-comfort-level/4044_103150_539386_8574778_7747247"
            ],
            [
                "Shop All Mattresses by Size",
                "/browse/home/shop-all-mattresses-by-size/4044_103150_539386_9682013_8499841"
            ],
            [
                "Firm Mattresses",
                "/browse/home/firm-mattresses/4044_1225301_7738457_8955250"
            ],
            [
                "Mattresses",
                "/browse/home/mattresses/4044_103150_539386_927959"
            ]
        ]
    }
]