[{"title": "SmileMart 84\" Portable 2 Sections Massage Table Wooden Folding Massage Bed Couch with Headrest/Armrest/Hand Pallet, Black", "tags": "Massage Bolsters Table Tennis Paddles Warmers Portable Chairs All Emergency Preparedness Tables Accessories", "relevancy_score": 241.75180487804877, "price": "$89.99"}, {"title": "Weider Ultimate Body Works Bench with Adjustable Resistance for Total Body Exercise", "tags": "Treadmills Inversion Tables Weight Bars All Exercise and Fitness Accessories Resistance Tubes Folding Squat Stands Calisthenics", "relevancy_score": 2379.8076559139786, "price": "$186.85"}, {"title": "Echelon Connect Sport Indoor Cycling Exercise Bike with 6-Month Free Membership ($120 value)", "tags": "Treadmills Exercise Bikes Bike Water Bottle Cages Rowing Machines Schwinn Folding Recumbent Functional Cardio", "relevancy_score": 1319.2419746835442, "price": "$497.00"}, {"title": "Color-coded vinyl-coated iron dumbbell, orange, 10 lb, 1each", "tags": "Dumbbells Kettlebells Training Weights Adjustable Exercise Weight Racks Workout", "relevancy_score": 22.006, "price": "$11.66"}, {"title": "Weslo Cross Cycle Upright Exercise Bike with Padded Saddle and Inertia-Enhanced Flywheel", "tags": "Ellipticals Steppers Elliptical Bikes Office Fitness Indoor Cycling Recumbent Exercise Upright Peddle Exercisers", "relevancy_score": 1040.4443773584906, "price": "$94.98"}, {"title": "BalanceFrom Rubber Encased Hex Dumbbells, 5 lbs Pair", "tags": "Dumbbells Kettlebells Training Weights Adjustable Dumbbell Sets Exercise Weight Racks Workout", "relevancy_score": 2105.281102615694, "price": "$24.99"}, {"title": "Everyday Essentials Color Coded Olympic Bumper Plate Weight Plate w Steel Hub, 260 lbs", "tags": "Weight Bars Sets Barbells Power Racks Training Weights Benches Exercise Workout", "relevancy_score": 4158.691921225383, "price": "$84.00"}, {"title": "Everyday Essentials 1000-Pound Capacity Multi-Function Adjustable Power Cage with, Dip Bars, J-Hooks and Other Optional Attachments", "tags": "Home Gyms Weight Plates Bars Training Weights Olympic Squat Stands Exercise Racks", "relevancy_score": 1547.2003538873994, "price": "$369.99"}, {"title": "CAP Barbell Neoprene Dumbbell, Single 2-10 lbs", "tags": "Weight Sets Training Weights Adjustable All Exercise and Fitness Accessories Dumbbells Racks Workout", "relevancy_score": 3289.1584032921814, "price": "$1.96"}, {"title": "Weider Cast Iron Kettlebell, 10-35 lbs with Extra Wide Grip and Hammertone Finish", "tags": "Dumbbells Weight Sets Medicine Balls Training Weights All Exercise and Fitness Accessories Racks Workout", "relevancy_score": 1038.5596923076923, "price": "$31.96"}, {"title": "Weider Ultimate Body Works Bench with Adjustable Resistance for Total Body Exercise", "tags": "Treadmills Inversion Tables Weight Bars All Exercise and Fitness Accessories Resistance Tubes Folding Squat Stands Calisthenics", "relevancy_score": 2379.8076559139786, "price": "$186.85"}, {"title": "Athletic Works 10\" Waist Trimmer", "tags": "Athletic Performance Shapewear Savings on Fitness Accessories Waist Trainers All Exercise and Field Equipment & Women's Sauna Suits Men's", "relevancy_score": 384.3425365853658, "price": "$5.87"}, {"title": "Stamina Upper & Lower Body Cycle", "tags": "Steppers Ab Machines Exercisers Office Fitness Core Trainers Recumbent Exercise Bikes Peddle Leg Extension", "relevancy_score": 463.02452980132443, "price": "$24.88"}, {"title": "POY For Fitbit Alta Bands Fitbit Alta HR Strap Adjustable Replacement Wrist Bands Soft Silicone Material Strap(Blush Pink, Small)", "tags": "Heart Rate Monitors Fitness Trackers Accessories Fitbit Alta Ace Smart Watches All Fitbits", "relevancy_score": 1290.6419746835443, "price": "$5.99"}, {"title": "Fitbit Versa Lite Edition Smartwatch", "tags": "Heart Rate Monitors Fitness Trackers Fitbit Ionic Smart Watch Accessories Charge Versa All Fitbits", "relevancy_score": 2276.012581436077, "price": "$177.97"}, {"title": "Everyday Essentials 1/2\" Thick Flooring Puzzle Exercise Mat with High Quality EVA Foam Interlocking Tiles, 6 Piece, 24 Sq Ft, Multiple Colors", "tags": "Exercise Machine Accessories Yoga Mats Power Racks Training Weights Field Equipment & Gym Flooring Squat", "relevancy_score": 5330.722383838383, "price": "$18.46"}, {"title": "Innova ITM5950 Inversion Table with Advanced Heat and Massage Therapy", "tags": "Ironman Inversion Tables Teeter Fitness Reality Heat & Massage Therapy Body Vision Exerpeutic Innova Health Gear", "relevancy_score": 529.5738591549296, "price": "$149.97"}, {"title": "Weider Rubber Hex Dumbbell, 5-70 lbs with Chrome Handle and Knurled Grip - Sold Individually", "tags": "Kettlebells Weight Sets Training Weights Adjustable All Exercise and Fitness Accessories Dumbbells Workout", "relevancy_score": 1613.7063157894734, "price": "$99.99"}, {"title": "Fitbit Inspire HR, Fitness Tracker with Heart Rate", "tags": "Heart Rate Monitors Garmin Fitness Trackers Fitbit Charge Versa Alta Smart Watches All Fitbits", "relevancy_score": 1654.9324057971012, "price": "$119.95"}, {"title": "Merax L510C Folding Electric Treadmill Motorized Running Machine", "tags": "Exercise Bikes Steppers Mats Office Fitness Manual Treadmills Folding Incline Gym Flooring", "relevancy_score": 521.3138823529412, "price": "$279.99"}, {"title": "ProForm Cadence LE Rear-Drive Elliptical with LCD Display Window, Compatible with iFit Personal Training", "tags": "Ellipticals Treadmills Exercise Bikes Elliptical Sunny Fitness Folding Gazelle Peddle Exercisers", "relevancy_score": 46.509, "price": "$287.00"}, {"title": "Plasma Fit Elliptical Machine Cross Trainer 2 in 1 Exercise Bike Cardio Fitness Home Gym Equipment", "tags": "Exercise Bikes Steppers Elliptical Sunny Fitness Ellipticals Rowing Machines Gazelle Indoor Cycling Recumbent", "relevancy_score": 299.3062222222222, "price": "$179.99"}, {"title": "Spiderman iTime Kids Smart Watch, 40 MM", "tags": "All Watches Kids Men's Casio Girls Watch Savings Mens Everyday Character", "relevancy_score": 218.6562077922078, "price": "$29.99"}, {"title": "PlayZoom Smartwatch for Kids with Games, Camera, and Sound - Red and Pink Hearts Print Strap", "tags": "All Watches Boys AmazingForLess Girls Mens Smart Womens Kids Character", "relevancy_score": 1623.7144615384616, "price": "$29.99"}, {"title": "Famistar W500C Electric Folding Treadmill w/ Heart Pulse System/ Low Noise Electric Running Training Fitness Treadmill - Built-in MP3 Speaker, LED Display, 12 Preset Programs, 2 Knee Straps As Gift", "tags": "Treadmills Exercise Bikes Home Gyms Rowing Machines Office Fitness Manual Incline Functional Cardio", "relevancy_score": 479.21379865771814, "price": "$399.99"}, {"title": "CAP Barbell Standard Weight Lifting Plate, 2.5 lbs, Single", "tags": "Dumbbells Weight Bars Sets Barbells Training Weights Olympic Exercise Workout", "relevancy_score": 1549.9877325905293, "price": "$2.46"}, {"title": "Stamina Cardio Folding Exercise Bike with Heart Rate Sensors and Extra Wide Padded Seat", "tags": "Steppers Rowing Machines Office Fitness Squat Stands Indoor Cycling Bikes Recumbent Exercise Upright Peddle Exercisers", "relevancy_score": 2265.4020882352943, "price": "$98.00"}, {"title": "ACE Brand Knee Brace W/ Side Stabilizers, Easy-to-Use, Breathable", "tags": "Garrett Metal Detectors Sport Knee Braces Athletic Tape Mueller Hinged Compression Sleeves Sports", "relevancy_score": 738.4351219512195, "price": "$14.94"}, {"title": "Mueller Reversible Thumb Stabilizer, Black, One Size Fits Most", "tags": "Elbow Compression Sleeves ACE Knee Braces Lace Up Ankle Sport Mueller Hinged", "relevancy_score": 1335.6536932515337, "price": "$10.57"}, {"title": "Post-gym Percussion Massage Gun - Includes 4 Massage Heads, 6-Speed - Black", "tags": "Recovery Technology Therapeutic Massagers Savings on Fitness Accessories Massage Balls All Exercise and Foam Rollers Muscle Workout Weights", "relevancy_score": 248.68266666666665, "price": "$38.88"}, {"title": "Meidong Fitness Tracker HR, Pedometer, Sleep Monitor, Vibrating Alarm, smart reminder, remote control selfie, health monitoring, exercise tracking, sleep analysis", "tags": "Fitness Trackers Garmin Fitbit Charge Versa Ace Smart Watches All Fitbits", "relevancy_score": 380.96505263157894, "price": "$27.99"}, {"title": "Evolve by Gaiam Grippy Yoga Barre Socks, 2 Pack, Multicolor m/L", "tags": "Yoga Blocks Men's Waist Trainers Mat Bags Gloves All Exercise and Fitness Accessories Women's Bikram", "relevancy_score": 25.87066666666667, "price": "$7.86"}, {"title": "50 Strong Squirt Water Bottle with One-Way Valve - 28 oz.", "tags": "Gatorade Water Bottles & Hydration Bike Bottle Cages All Exercise and Fitness Accessories Stainless Steel Contigo Drinkware Camping", "relevancy_score": 44.006, "price": "$4.96"}, {"title": "Mind Reader Meditation Cotton Yoga Bolster/Cushion Restorative, 4 Colors, Square, Purple", "tags": "Vary Your Workouts Flush Out Lactic Acid Wellness & Stress Relief Gain Strength Calm Mind Acupuncture Therapy Aromatherapy Yoga Room Lift Weights", "relevancy_score": 12.473411764705883, "price": "$16.57"}, {"title": "Node Fitness Stationary Folding Exercise Bike with Resistance Bands", "tags": "", "relevancy_score": 28.87066666666667, "price": "$149.99"}, {"title": "Frozen 2 iTime Interactive Kids Smart Watch 40 MM", "tags": "All Watches Kids Disney Everyday Watch Brands Boys Savings Character", "relevancy_score": 477.7798041958042, "price": "$29.99"}, {"title": "JoJo Siwa iTime Kids Smart Watch, 40 mm, Pink", "tags": "All Watches Kids Disney Men's Casio Boys Mens Everyday Character", "relevancy_score": 372.0179999999999, "price": "$29.99"}, {"title": "L.O.L. Surprise! iTime Kids Smart Watch, 40 MM", "tags": "All Watches Kids Disney Boys AmazingForLess Mens Everyday Character", "relevancy_score": 319.6404705882353, "price": "$29.99"}, {"title": "Athletic Works Women's Dri More Core Legging", "tags": "Womens Leggings Savings Pants & Basic Bottoms (ID) Activewear Leggings, Capris Women's (Rule) Avia", "relevancy_score": 2648.0534915254234, "price": "$10.96"}, {"title": "Athletic Works Women's Core Active Dri-Works Bike Shorts", "tags": "Athletic Works Women's Clothing Shorts & Skorts Womens Basic Bottoms (ID) Savings Activewear", "relevancy_score": 2868.246731277533, "price": "$9.96"}, {"title": "Node Fitness Stationary Folding Exercise Bike with Resistance Bands", "tags": "", "relevancy_score": 28.87066666666667, "price": "$149.99"}, {"title": "ACE Brand Stabilizing Hinged Knee Brace, Adjustable, Left or Right Knee", "tags": "Knee Stabilizers FSA/HSA Eligible Braces Splints and Slings Supports Mueller ACE Immobilize Injured Area Reduce Overuse of Body Part Shop All Braces, Splints, &", "relevancy_score": 591.3419661016949, "price": "$18.99"}, {"title": "Ozark Trail Vacuum-sealed Stainless Steel Water Jug, 1 gal Thermocooler", "tags": "Water Bottles & Hydration Hiking Gear Ozark Trail Camping Accessories Camp Kitchen Stainless Steel All Drinkware", "relevancy_score": 535.6245298013246, "price": "$29.74"}, {"title": "Bubba Kids Flo BPA-free Water Bottle with Silicone Sleeve Wide Mouth, 16 Oz, Aqua", "tags": "Plastic Water Bottles Shop All Kids Tableware Travel Mugs Contigo Silicone Bubba Thermoses", "relevancy_score": 527.5856666666666, "price": "$9.99"}, {"title": "Jaxpety Folding Treadmill 2.0 HP Electric Motorized Fitness Running Home Machine 6.with LCD display/ iPad and Drink Holder", "tags": "Treadmills Exercise Bikes Rowing Machines Office Fitness Manual Incline Recumbent Functional Cardio", "relevancy_score": 59.109, "price": "$232.99"}, {"title": "Fitbit Charge 4 (NFC) Activity Tracker, Black/Black", "tags": "Heart Rate Monitors Fitness Trackers Garmin Accessories Fitbit Versa Alta Smart Watches All Fitbits", "relevancy_score": 146.52220895522387, "price": "$148.95"}, {"title": "Adjustable Dumbbell 25 lbs with Fast Automatic Adjustable and Weight Plate for Body Workout Home Gym (SINGLE)", "tags": "", "relevancy_score": 15.365818181818181, "price": "$109.00"}, {"title": "Evolve by Gaiam Reversible Yoga Mat, Berry Red, 5mm", "tags": "Exercise Mats Yoga Kits Blocks Mat Bags Towels Bikram Gym Flooring Pilates", "relevancy_score": 114.44626415094339, "price": "$16.76"}, {"title": "Bubba Flo Duo Refresh Insulated Water Bottle, 24 Oz., Bold Blue", "tags": "Plastic Water Bottles Travel Mugs Contigo Silicone Insulated Bubba Kids' Thermoses", "relevancy_score": 923.7292459016393, "price": "$8.94"}, {"title": "Mueller Self Adjusting Knee Stabilizer, Black, One Size Fits Most", "tags": "Knee Stabilizers FSA/HSA Eligible Braces Splints and Slings Mueller Supports Wrists Ankles Reduce Overuse of Body Part Shop All Braces, Splints, &", "relevancy_score": 495.21919999999994, "price": "$14.79"}, {"title": "Node Fitness Stationary Folding Exercise Bike with Resistance Bands", "tags": "", "relevancy_score": 28.87066666666667, "price": "$149.99"}, {"title": "Takeya Tritan 24oz Spout Water Bottle Clear", "tags": "Plastic Water Bottles Travel Mugs Flasks Contigo Takeya Bubba Kids' Thermoses", "relevancy_score": 403.1922051282051, "price": "$24.85"}, {"title": "Ozark Trail 1/2 Gallon Double-wall Vacuum-sealed Stainless Steel Water Jug", "tags": "Water Bottles & Hydration Beverage Coolers All Ozark Trail Camping Accessories Camp Kitchen Stainless Steel Drinkware", "relevancy_score": 214.5695421686747, "price": "$18.74"}, {"title": "Tal Blush 24 Ounce Double Wall Vacuum Insulated Stainless Steel Ranger Sport Water Bottle", "tags": "Plastic Water Bottles Travel Mugs Flasks Contigo TAL Kids' Thermoses Dorm Dining & Hydration", "relevancy_score": 569.0349803921569, "price": "$10.64"}, {"title": "Zak Designs Minecraft 16oz Park Bottle", "tags": "Lunch Boxes Plastic Water Bottles Shop All Kids Tableware Contigo Silicone Bubba", "relevancy_score": 102.90246153846152, "price": "$5.97"}, {"title": "Hanes Women's Performance Cool No-Show Socks 6 pack", "tags": "Womens Plus Athletic Socks Women's Basic (Rule) Casual Hosiery (ID) Savings Socks, & Tights", "relevancy_score": 222.51500000000001, "price": "$9.97"}, {"title": "Contigo Ashland Chill 20 Oz Autospout Straw Stainless Steel Water Bottle, Sangria", "tags": "Plastic Water Bottles Travel Mugs Contigo Bubba Kids' with Straws Thermoses Dorm Dining & Hydration", "relevancy_score": 1317.649093167702, "price": "$26.27"}, {"title": "Multipurpose Interlocking EVA Foam Anti-Fatigue Exercise Puzzle Mat Tiles, (24 Sq. Ft. , 6 Tiles)", "tags": "Gymnastics Exercise Machine Accessories Yoga Mats BJJ All and Fitness Field Equipment & Wrestling Mats, Tape Cleaning Gym Flooring", "relevancy_score": 69.88036363636364, "price": "$33.41"}, {"title": "Bubba Trailblazer Insulated Stainless Steel Water Bottle with Push Button Lid, 40 Oz., Mixed Berry", "tags": "Shop All Food Storage Containers Plastic Water Bottles Travel Mugs Flasks Contigo Bubba Kids' Thermoses", "relevancy_score": 396.5461428571428, "price": "$3.00"}, {"title": "3-Pair Compression Socks Women - Pro Support Stockings hose made for nurses travel pregnancy foot aches running", "tags": "Baseball Socks Leg Compression Sleeves Knee Denver Broncos Pajamas, Sweatpants & Loungewear Calf", "relevancy_score": 314.48513207547165, "price": "$12.50"}, {"title": "ACE Brand Compression Knee Support L/XL,Comfortable Brace", "tags": "Knee Stabilizers FSA/HSA Eligible Braces Splints and Slings Supports ACE Immobilize Injured Area Reduce Overuse of Body Part Shop All Braces, Splints, &", "relevancy_score": 385.2263140495868, "price": "$5.33"}, {"title": "Outdoor Products 0.75-Liter Tritan Flip Top Water Bottle, Smoke", "tags": "Plastic Water Bottles Kids Tableware Travel Mugs Contigo Silicone Bubba Kids' Thermoses", "relevancy_score": 179.35180487804877, "price": "$5.00"}, {"title": "Tommie Copper Sport Compression Socks, 2 Pack, Large/Xl", "tags": "", "relevancy_score": 21.761297297297297, "price": "$9.88"}, {"title": "CAP Barbell Standard Chrome Tricep Bar", "tags": "Weight Plates Sets Curl Bar Weights Barbells Training Olympic Bars Exercise", "relevancy_score": 86.10900000000001, "price": "$43.58"}, {"title": "Mueller Reversible Wrist Brace with Splint, Black, One Size Fits Most", "tags": "Basketball Sleeves ACE Knee Braces Sport Mueller Ankle Compression Hinged", "relevancy_score": 265.13974468085104, "price": "$8.84"}, {"title": "Athletic Works Folding Yoga Mat with Poses, Pink, 3mm", "tags": "", "relevancy_score": 45.006, "price": "$9.97"}, {"title": "BlenderBottle 22oz ProStak Charcoal", "tags": "Aqua Fitness Water Bottles & Hydration Missouri Tigers Ole Miss Rebels All Exercise and Accessories Contigo Shaker Drinkware", "relevancy_score": 1.1298064516129032, "price": "$8.88"}, {"title": "Outdoor Products 1 Liter Cyclone Water Bottle, Dress Blue 33 fl oz", "tags": "Plastic Water Bottles Nalgene Travel Mugs Contigo TAL Silicone Kids' Thermoses", "relevancy_score": 246.36954216867468, "price": "$5.97"}, {"title": "MediPeds Men's NanoGLIDE\u00ae Crew, 4-Pack", "tags": "Reduce Swelling Compression Socks & Inserts LACare Anthem Maine Health OTC Blue KC MA Medipeds Amerigroup Healthy Benefits Plus", "relevancy_score": 79.79965217391305, "price": "$5.00"}, {"title": "The Coldest Water Sports Bottle Insulated Stainless Steel Hydro Thermos, Black, 21 Ounce", "tags": "Simple Modern Water Bottles Travel Mugs Flasks TAL Silicone Kids' Thermoses", "relevancy_score": 247.33362962962963, "price": "$26.99"}, {"title": "Sunny Health & Fitness SF-RW5639 Full Motion Rowing Machine Rower w/ 350 lb Weight Capacity and LCD Monitor", "tags": "Exercise Bikes Steppers Rowing Machines CrossFit Training Squat Stands Bike Anti-Chafing Products Upright Functional Cardio", "relevancy_score": 62.841333333333324, "price": "$178.80"}, {"title": "50 Strong Bike Water Bottle with Cage, 22 oz", "tags": "Bike Lights All Exercise and Fitness Accessories GPS Trackers Covers Bags & Carriers Locks Water Bottles Pumps", "relevancy_score": 115.3061052631579, "price": "$6.96"}, {"title": "For Fitbit Alta / Alta HR Bands Adjustable Replacement Wrist Bands Soft TPU Material Strap Without Tracker (Black, Small)", "tags": "Heart Rate Monitors Fitness Trackers Smart Watch Accessories Fitbit Charge Alta Ace All Fitbits", "relevancy_score": 926.050588235294, "price": "$5.99"}, {"title": "Portable Pedal Stationary Bike Under Desk Exercise Bike Machine", "tags": "Ellipticals Exercise Bikes Bike Pedals All Components Recumbent Upright Peddle Exercisers Leg Extension Machines", "relevancy_score": 453.2451612903226, "price": "$44.63"}, {"title": "Costway Exercise Bicycle Indoor Bike Cycling Cardio Adjustable Gym Workout Fitness Home", "tags": "Ellipticals Exercise Bikes Weight Sets Rowing Machines Training Weights Recumbent Upright Functional Cardio", "relevancy_score": 571.3221395348837, "price": "$189.99"}, {"title": "Hand Grip Strengthener, ANKO Adjustable Resistance 22-88 LB Strength Trainer Non-Slip Gripper Arm Hand Exerciser Perfect for Musicians and Sports Enthusiasts.", "tags": "Weight Training Accessories Hand Grippers Push-Up Bars Office Fitness Core Trainers All Exercise and Lifting Gloves Calisthenics", "relevancy_score": 255.60376470588233, "price": "$8.99"}, {"title": "SPRI Weighted Ball, 65CM", "tags": "Weight Training Accessories Exercise Balls Savings on Fitness Balance Trainers Massage CrossFit All and Slam", "relevancy_score": 83.55694117647057, "price": "$14.88"}, {"title": "Harbinger Women's FlexFit Wash and Dry Weightlifting Gloves with Padded Leather Palm (Pair) (2017 Model), White, Medium", "tags": "Sports Equipment Fan Shop Weight Training Accessories Boxing Gloves Bike Lifting Straps CrossFit All Exercise and Fitness Belts", "relevancy_score": 17.574857142857145, "price": "$21.33"}, {"title": "ProForm Cadence LT 2.5 Smart Folding Treadmill with 10% Incline, Compatible with iFit Personal Training at Home", "tags": "Ellipticals Treadmills Exercise Mats Machine Accessories Office Fitness Manual Folding Gym Flooring", "relevancy_score": 70.95694117647058, "price": "$398.00"}, {"title": "Merax 8030C Folding Electric Treadmill Home Gym Motorized Running Machine", "tags": "Exercise Bikes Home Gyms Rowing Machines Office Fitness Manual Treadmills Folding Incline Functional Cardio", "relevancy_score": 120.70610526315791, "price": "$369.99"}, {"title": "Tommie Copper Sport Compression Calf Sleeve, Black, Small/Medium", "tags": "Baseball Protective Gear Elbow Compression Sleeves CrossFit Training Leg Ankle Knee Calf Sports Braces", "relevancy_score": 16.473411764705883, "price": "$9.88"}, {"title": "TekDeals One Pair of Cooling Arm Sleeves Cover UV Sun Protection Basketball Sport", "tags": "Basketball Sleeves Clothes Elbow Compression CrossFit Training Leg Ping Golf Football Arm Sports Braces", "relevancy_score": 309.9425365853658, "price": "$6.99"}, {"title": "Athletic Works 18\"x 5.5\" Massage Roller", "tags": "", "relevancy_score": 62.88036363636365, "price": "$14.77"}, {"title": "Wakeman Fitness Mini Pedal Exerciser", "tags": "Ellipticals Exercise Bikes Sunny Fitness Bike Pedals All Components Upright Peddle Exercisers Leg Extension Machines", "relevancy_score": 113.64498360655739, "price": "$39.99"}, {"title": "iTouch Sport Digital Smartwatch And Pedometer Black/Black (43mm)", "tags": "All Watches Timex Women's iTech AmazingForLess Watch Savings Mens Smart Womens iTouch", "relevancy_score": 1130.2105753424657, "price": "$59.99"}, {"title": "Hanes Sport Women's Performance Running Shorts", "tags": "Shorts & Skorts Womens Savings Activewear Champion Skirts Bottoms Women's", "relevancy_score": 410.1617142857143, "price": "$13.50"}, {"title": "SPRI Agility Kit, Fitness, Multicolor, Sports Training Aid", "tags": "Soccer Accessories Track & Field Equipment Training Ab Machines Stimulators Belts Exercisers Battle Ropes Football Dummies, Sleds, Chutes, and machines", "relevancy_score": 37.006, "price": "$19.94"}, {"title": "ATIVAFIT Non Slip TPE Yoga Mat Eco Friendly Exercise & Workout Mat with Carrying Strap Types of Yoga, Extra Large Exercise - 72x24x0.24 Inch", "tags": "Gymnastics Exercise Mats Machine Accessories Yoga Mat Bags Field Equipment & Bikram Gym Flooring Pilates", "relevancy_score": 23.574857142857145, "price": "$28.99"}, {"title": "Mueller Compression & Support Beige Glove, Moderate Support, Single Glove, Small/Medium", "tags": "Elbow Compression Sleeves ACE Knee Braces Lace Up Ankle Sport Mueller Hinged", "relevancy_score": 248.42593548387094, "price": "$9.99"}, {"title": "FITNESS REALITY Extended 9\" Olympic Weight Plate Holder Attachment for 2\" x 2\" Tube Power Cage", "tags": "Weight Training Accessories Lacrosse Sets Power Racks Benches Barbell Collars Goals Squat", "relevancy_score": 44.006, "price": "$29.99"}, {"title": "Contigo Ashland 32 Oz. Sangria Autospout Straw Water Bottle", "tags": "Plastic Water Bottles Travel Mugs Contigo Bubba Infuser Kids' with Straws Thermoses", "relevancy_score": 933.6689411764706, "price": "$17.99"}, {"title": "Copper Fit Back Support, size 28\"-39\"", "tags": "Baseball Protective Gear Elbow Compression Sleeves ACE Knee Braces Sport Ankle Hinged", "relevancy_score": 286.82875247524754, "price": "$19.88"}, {"title": "Bluetooth Smart Watch w/ Camera SIM Card TF/SD Card Slot Smartwatch Phone for iPhone iOS Android Samsung", "tags": "Heart Rate Monitors Fitness Trackers Garmin Smart Watch Accessories Fitbit Charge Versa All Fitbits", "relevancy_score": 5.129806451612903, "price": "$19.87"}, {"title": "Zak! Designs Marvel Comics 15 Oz. Black Panther, Captain America, Spider-Man & The Hulk Water Bottles", "tags": "Plastic Water Bottles Shop All Kids Tableware Travel Mugs Contigo Silicone Collapsible Thermoses", "relevancy_score": 45.549714285714295, "price": "$9.94"}, {"title": "Slim Cycle 2-in-1 Exercise Bike, As Seen on TV", "tags": "Ellipticals Exercise Bikes Office Fitness Indoor Cycling Bike Handlebars Upright Functional Cardio Peddle Exercisers", "relevancy_score": 218.4763076923077, "price": "$199.99"}, {"title": "ACE Brand Ankle Support with Side Stabilizers, Adjustable, Low-Profile", "tags": "ACE Knee Braces Garrett Metal Detectors Lace Up Ankle Sport Athletic Tape Compression Sleeves Hinged", "relevancy_score": 244.60376470588238, "price": "$8.97"}, {"title": "Refurbished Apple Watch Series 3 GPS - 38mm - Sport Band - Aluminum Case", "tags": "Heart Rate Monitors Fitness Trackers Garmin Fitbit Ionic Smart Watch Accessories Versa All Fitbits", "relevancy_score": 578.7011257485029, "price": "$149.99"}, {"title": "Resistance Bands Set, Exercise Bands with Door Anchor, Handles, Waterproof Carry Bag, Legs Ankle Straps for Resistance Training, Physical Therapy, Home Workouts [11 Pcs]", "tags": "Loop Bands Weight Sets Grip Strengtheners Hand Grippers Yoga & Pilates Office Fitness All Exercise and Accessories Pull-Up", "relevancy_score": 85.16032653061225, "price": "$16.96"}, {"title": "Athletic Works 9-Foot Weighted Jump Rope with Adjustable Length", "tags": "Track & Field Equipment Men's Waist Trainers Savings on Fitness Accessories CrossFit Training All Exercise and Women's", "relevancy_score": 79.94626415094339, "price": "$9.44"}, {"title": "BalanceFrom Multi-Function Dip Stand Dip Station Dip bar with Improved Structure Design, 500-Pound Capacity", "tags": "Weight Sets Power Racks Training Weights Pull Up Bar Stands Towers Exercise Calisthenics Workout", "relevancy_score": 265.8202790697674, "price": "$60.54"}, {"title": "SPRI Exercise Resistance Band Kit", "tags": "Loop Bands Savings on Fitness Accessories Stretch Yoga & Pilates CrossFit Training All Exercise and Pull-Up Workout Weights", "relevancy_score": 47.480363636363634, "price": "$24.64"}, {"title": "11 Pcs Resistance Bands Set Exercise Bands with Door Anchor, Handles, Waterproof Carry Bag, 2 Legs Ankle Straps for Women Men Resistance Training Physical Therapy Home Workouts Travel Fitness Yoga", "tags": "Dumbbells Weight Sets Yoga & Pilates Bands Training Weights All Exercise and Fitness Accessories Calisthenics Workout", "relevancy_score": 131.50610526315788, "price": "$24.99"}, {"title": "Fitbit Charge 3 Special Edition, Fitness Activity Tracker", "tags": "Father's Day Electronics Connected Dorm Room Shop All Glass Mother's Gifts Audio Tax Free for Grads Back to School Home Visual", "relevancy_score": 242.03641379310346, "price": "$129.99"}, {"title": "Tal 64 Ounce Stainless Steel Ranger Pro Slate Water Bottle", "tags": "Shop All Food Storage Containers Travel Mugs Flasks TAL Water Bottles Ozark Trail Kids' Thermoses Dorm Dining & Hydration", "relevancy_score": 138.44498360655737, "price": "$19.74"}, {"title": "SPRI Foldable Fitness Mat, Black, High Density Foam, 38mm", "tags": "Gymnastics Exercise Machine Accessories Yoga Mats Mat Bags All and Fitness Field Equipment & Gym Flooring Pilates", "relevancy_score": 37.82861538461538, "price": "$34.86"}, {"title": "Wahl Release Deep Rolling Shiatsu Massage - Model 4239", "tags": "Recovery Technology Therapeutic Massagers Savings on Fitness Accessories Massage Balls All Exercise and Foam Rollers Muscle Workout Weights", "relevancy_score": 65.84133333333334, "price": "$39.88"}, {"title": "Body Factor Speed Jump Rope", "tags": "Track & Field Equipment Savings on Fitness Accessories Training Weights CrossFit Core Trainers All Exercise and Workout", "relevancy_score": 20.470666666666663, "price": "$4.99"}, {"title": "SaunaFX Women's Sauna Vest", "tags": "Athletic Performance Shapewear Men's Waist Trainers Savings on Fitness Accessories All Exercise and Field Equipment & Women's Sauna Suits", "relevancy_score": 213.9144, "price": "$19.62"}, {"title": "BOSU Sport 50cm Balance Trainer (Travel Size)", "tags": "Exercise Balls Savings on Fitness Accessories Medicine Training Weights BOSU All and Balance Boards Workout", "relevancy_score": 232.87630769230768, "price": "$74.00"}, {"title": "Nyamba by DECATHLON - Tone Dumbbells Twin-Pack - 11 lbs", "tags": "Weight Sets Training Weights Adjustable Dumbbell Dumbbells Exercise Racks Workout", "relevancy_score": 293.16650000000004, "price": "$49.99"}, {"title": "72 Square Feet EVA Puzzle Exercise Mat Play Foam Floor Interlocking Yoga Mat Show Floor", "tags": "Gymnastics Exercise Machine Accessories Yoga Mats All and Fitness Field Equipment & Bikram Gym Flooring Pilates", "relevancy_score": 50.006, "price": "$67.99"}, {"title": "ACE Brand Compression Knee Support, Small/Medium, Black", "tags": "CrossFit Training ACE Knee Braces Garrett Metal Detectors Sport Athletic Tape Mueller Compression Sleeves Sports", "relevancy_score": 495.3428321167883, "price": "$8.97"}, {"title": "Everlast MMA Kick Boxing Gloves", "tags": "Punching & Boxing Bags Gloves Women's UFC Equipment Everlast POV Shop Muay Thai Hand Wraps Karate Shinguards", "relevancy_score": 118.86828571428572, "price": "$21.99"}, {"title": "iTouch Air Special Edition Perforated Silicone Strap Smartwatch with Pedometer - Black/Dark Grey", "tags": "Kids Watches Timex Men's Women's iTech AmazingForLess Mens Smart Womens iTouch", "relevancy_score": 936.6352550607287, "price": "$59.99"}, {"title": "Perfect Fitness Ab Carver Roller for Core Workouts", "tags": "Push-Up Bars Yoga Wheels Pull-Up Ab Rollers Exercisers Core Trainers Resistance Tubes Calisthenics", "relevancy_score": 610.5054285714286, "price": "$27.56"}, {"title": "Ainfox Power Tower Multi-Function Home Strength Training Tower Dip Stands Workout Station", "tags": "Home Gyms Weight Training Accessories Pull-Up Bars Power Racks Pull Up Bar Stands Towers Squat Calisthenics", "relevancy_score": 45.41655813953488, "price": "$209.99"}, {"title": "PowerFlex Self-Adhering Sports Wrap, Black, 4\"", "tags": "CrossFit Training ACE Knee Braces Sport Athletic Tape Mueller Hinged Compression Sleeves", "relevancy_score": 27.24715789473684, "price": "$3.52"}, {"title": "Gold''s Gym 24\" Utility Rack'", "tags": "Weight Training Accessories Plates Sets Power Racks Weights CrossFit Exercise Workout", "relevancy_score": 346.9265454545455, "price": "$32.99"}, {"title": "ACE Brand Custom Dial Elbow Strap, Adjustable, Firm Support", "tags": "Elbow Compression Sleeves ACE Knee Braces Garrett Metal Detectors Sport Athletic Tape Hinged Kinesiology", "relevancy_score": 71.709, "price": "$19.97"}, {"title": "NiceC Adjustable Dumbbell Weight Pair, 5-in-1 Weight Options, Non-Slip Neoprene Hand, All-purpose, Home, Gym, Office (4.5Lb, Pink Pair)", "tags": "Dumbbells Training Weights Adjustable Dumbbell Sets Exercise Weight Racks Workout", "relevancy_score": 218.63557894736843, "price": "$42.99"}, {"title": "Abs Stimulator Ultimate Muscle Toner with 16 Extra Gel Pads, EMS Abdominal Toning Belt for Men and Women, Arm and Leg Trainer, Office, Home Gym Fitness Equipment", "tags": "Hunting Dog Gear Ab Stimulators & Belts Rollers Exercisers Core Trainers Resistance Tubes Battle Ropes Leg Extension Machines", "relevancy_score": 138.13775, "price": "$19.99"}, {"title": "Ace Adjustable Compression Knee Support", "tags": "CrossFit Training Sport Knee Braces Athletic Tape Mueller Hinged Compression Sleeves Sports", "relevancy_score": 354.9265454545455, "price": "$12.84"}, {"title": "Goplus 2.25HP 2 in 1 Folding Treadmill Jogging Machine Dual Display W/Speaker Bluetooth", "tags": "", "relevancy_score": 13.26581818181818, "price": "$389.99"}, {"title": "CAP Deluxe 28\" Pro-Style Bar, Cable Attachment", "tags": "Home Gyms Weight Bars Curl Bar Weights Barbells with Barbell Sets Collars Body", "relevancy_score": 55.816558139534884, "price": "$27.50"}, {"title": "2-Pack for Fitbit Alta Charger Replacement USB Data Charging Cable Cord Adapter for Fitbit Alta / Ace Activity Smart Fitness Tracker by Insten", "tags": "Heart Rate Monitors Fitness Trackers Fitbit Ionic Smart Watch Accessories Charge Alta All Fitbits", "relevancy_score": 133.27690322580645, "price": "$7.99"}, {"title": "Dr. Scholl's Hot & Cold Massage Ball, 1 Each", "tags": "HoMedics Savings Spa & Massagers Home Gadgets Relaxation Back Mini Wahl Reduce Muscle Tension", "relevancy_score": 3.1298064516129034, "price": "$7.47"}, {"title": "Costway Adjustable Exercise Bike Bicycle Cycling Cardio Fitness LCD w/ 18lb Flywheel", "tags": "Exercise Bikes Bike Water Bottle Cages Rowing Machines Office Fitness Schwinn Recumbent Upright Functional Cardio", "relevancy_score": 162.515, "price": "$175.99"}, {"title": "T1 Bluetooth Smart Watch Wrist Watch with Camera For iPhone Android Smart Phones", "tags": "Heart Rate Monitors Fitness Trackers Smart Watch Accessories Water Bottles Fitbit Versa Watches All Fitbits", "relevancy_score": 208.31647706422018, "price": "$19.99"}, {"title": "Brita 20 Ounce Premium Filtering Water Bottle with Filter - Double Wall Insulated Stainless Steel Bottle - BPA Free - Ocean", "tags": "All Water Filtration Faucet Filters Countertop Brita Bottle Replacement Pitchers", "relevancy_score": 1521.7820169971674, "price": "$24.99"}, {"title": "Fitbit Charge 3 bands, by Zodaca Replacement Band Silicon Wristband Watch Straps For Fitbit Charge 3 Fitness Activity Tracker", "tags": "Heart Rate Monitors Fitness Trackers Accessories Smart Watch Fitbit Alta Watches All Fitbits", "relevancy_score": 150.29942857142856, "price": "$5.99"}, {"title": "Everlast Everhide Speed Bag", "tags": "Boxing Gloves MMA Everlast POV Shop Muay Thai Bags Punching & Bag Stands Hand Wraps Karate Shinguards", "relevancy_score": 261.1921632653061, "price": "$36.89"}, {"title": "Brita Premium Filtering Water Bottle, 26 oz - Sapphire", "tags": "Summer Entertaining-Drinkware Drinkware Refrigerator Water Filters Plastic Bottles Brita Kids' Thermoses Dorm Dining & Hydration", "relevancy_score": 3646.374037267081, "price": "$19.94"}, {"title": "For Fitbit Charge 2 Charger Replacement USB Charging Cable Dock Cord Adapter Smart Fitness Activity Tracker by Insten (Length: 1 feet)", "tags": "", "relevancy_score": 178.29942857142856, "price": "$6.19"}, {"title": "CAP Barbell - 7' Olympic Bar, 1000 lbs Capacity", "tags": "Weight Training Accessories Plates Curl Bar Weights Barbells Power Racks Barbell Collars Exercise", "relevancy_score": 290.73974468085106, "price": "$238.41"}, {"title": "Aeromat Elite Workout Mat with Eyelets, 20\" x 48\" x 0.5\", Phthalate-Free PVC Closed Cell Foam, Blue", "tags": "Gymnastics Exercise Mats Yoga Mat Bags Field Equipment & Accessories Bikram Gym Flooring Pilates Workout Weights", "relevancy_score": 71.79965217391305, "price": "$20.17"}, {"title": "WWE Championship Universal Title Belt Badge of Honor", "tags": "Costumes & Dress Up WWE Wrestling Ring Playsets Trending Role Play Elite Figures TV Movie Tough Talkers All Action", "relevancy_score": 35.247157894736844, "price": "$14.99"}, {"title": "Stalwart Multi-Color EVA Foam Exercise Mat, 8-Piece", "tags": "Gymnastics Exercise Mats Yoga Training Weights BJJ All and Fitness Accessories Wrestling Mats, Tape & Cleaning Gym Flooring", "relevancy_score": 374.1363529411765, "price": "$10.38"}, {"title": "Fitbit Sense Carbon Graphite", "tags": "", "relevancy_score": 0.0, "price": "$319.99"}, {"title": "Rubbermaid MixerMate Servin' Saver 1 Pint Bottle", "tags": "Food Carriers Storage and Transport Take-Out Containers Truck Refrigeration Take Out Cambro Eco-Friendly To Go Condiment Organizers & Dispensers", "relevancy_score": 78.19965217391304, "price": "$7.41"}, {"title": "ACE Therapeutic Arch Support for Plantar Fasciitis Pain, Adjustable, Black", "tags": "ACE Knee Braces Garrett Metal Detectors Sport Athletic Tape Hinged Kinesiology Compression Sleeves", "relevancy_score": 26.470666666666663, "price": "$12.97"}, {"title": "Smart Bracelet Watch Blood Pressure Heart Rate Monitoring Fitness Tracker", "tags": "Fitness Trackers Accessories Smart Watch Fitbit Charge Alta Watches All Fitbits", "relevancy_score": 99.7744347826087, "price": "$11.75"}, {"title": "Garmin vivoactive 3 Black with Stainless Hardware Smart Watch (010-01769-01)", "tags": "Heart Rate Monitors Garmin Fitness Trackers Smart Watch Accessories Fitbit Charge Versa Watches All Fitbits", "relevancy_score": 4759.924968006563, "price": "$127.99"}, {"title": "iConnect by Timex Active Smartwatch with Heart Rate, Notifications & Activity Tracking 37mm \u2013 Black with Black Resin Strap", "tags": "Heart Rate Monitors Fitness Trackers Garmin Smart Watch Accessories Fitbit Charge Versa All Fitbits", "relevancy_score": 88.47690322580645, "price": "$50.00"}, {"title": "Wakeman Fitness Extra Thick Foam Exercise Mat 72\" x 24\" x 0.5\"", "tags": "Gymnastics Yoga Mats Kits Mat Bags Field Equipment & Accessories Bikram Gym Flooring Pilates", "relevancy_score": 42.99965217391304, "price": "$17.10"}, {"title": "Fitness Tracker Fitness Watch Smart Bracelet with Heart Rate Moniter Blood Pressure Blood Oxygen Pdeometer Sleep Monitoring Calories Track for Daily Activity and Sleeping-Red", "tags": "Heart Rate Monitors Fitness Trackers Accessories Fitbit Charge Alta Ace All Fitbits", "relevancy_score": 41.46032653061224, "price": "$22.99"}, {"title": "Node Fitness Premium Yoga Block (Set of 2) - 4\" Thick Foam Brick", "tags": "Yoga Mats Kits Blankets Pilates Rings Straps Socks Bikram", "relevancy_score": 51.006, "price": "$10.49"}, {"title": "Yescom Folding Pedal Exerciser Cycle Mini Bike Leg Arm Trainer under Desk Electronic Display Fitness Gym Home", "tags": "Ellipticals Exercise Bikes Steppers Bike Pedals All Components Upright Peddle Exercisers Leg Extension Machines", "relevancy_score": 91.6096, "price": "$32.90"}, {"title": "California Home Goods 6PK Reusable Glass Water Bottles With Insulate Multi-Color Neoprene Sleeves 18 fl oz", "tags": "Plastic Water Bottles Glass Travel Mugs Flasks Contigo Silicone Kids' Thermoses", "relevancy_score": 149.16676923076923, "price": "$17.95"}, {"title": "EEEkit 10/5Pcs UV Protection Cooling Arm Sleeves Cover for Women and Men, Sun Sleeves Cover with Thumb Hole for Biking, Gardening, Driving, Fishing, Golf, Hiking", "tags": "Basketball Sleeves Clothes Softball Protective Gear Elbow Compression Golf Shirts Ping Football Arm Sports Braces", "relevancy_score": 99.32909090909091, "price": "$10.97"}, {"title": "Stalwart Foam Mat Floor Tiles, Interlocking EVA Foam Padding, 6 Pack, 3/8 Inch Thick", "tags": "Exercise Machine Accessories Yoga Mats BJJ All and Fitness Field Equipment & Fishing Sunglasses Wrestling Mats, Tape Cleaning Gym Flooring", "relevancy_score": 40.84715789473684, "price": "$27.57"}, {"title": "B2BODY Women's Panties Cotton Boyshort Underwear Small to Plus Sizes 5 Pack", "tags": "Panties Briefs Womens Plus Women's Size Basic (ID) Hanes Boy Shorts (Rule)", "relevancy_score": 160.59490909090908, "price": "$27.99"}, {"title": "VTech KidiZoom Smartwatch DX2, Pink Smart Watch for Kids, Learning Watch", "tags": "", "relevancy_score": 10.2515, "price": "$59.99"}, {"title": "Resistance Bands Resistance Tubes with Foam Handles, Exercise Cords For arms biceps leg abs Strength Training 20-30LBS", "tags": "Loop Bands Savings on Fitness Accessories Stretch Yoga & Pilates CrossFit Training Century POV Shop All Exercise and Pull-Up", "relevancy_score": 173.24870588235294, "price": "$11.99"}, {"title": "Fitbit Ace 2 Activity Tracker for Kids 6+ in Night Sky with Neon Yellow Clasp", "tags": "Heart Rate Monitors Fitness Trackers Garmin Accessories Fitbit Charge Versa Smart Watches All Fitbits", "relevancy_score": 104.98844444444444, "price": "$68.95"}, {"title": "Stamina Adjustable Zipper Waist Trimmer - S/M - camo print - with Microban", "tags": "", "relevancy_score": 10.2515, "price": "$9.97"}, {"title": "75\" L Massage Table Portable Facial SPA Bed W/Sheet+Cradle Cover+2 Bolster+Hanger", "tags": "Massage Bolsters Minnesota Golden Gophers Kids Table Warmers Portable Chairs Emergency Preparedness Tables Accessories Oregon Ducks", "relevancy_score": 52.74971428571428, "price": "$100.99"}, {"title": "Contigo Kids Water Bottle with Redesigned AUTOSPOUT Straw, 14 oz., 2-Pack, Dinos & Taro/Juniper", "tags": "Simple Modern Water Bottles Plastic Shop All Kids Tableware Tumblers Contigo Silicone", "relevancy_score": 23.574857142857145, "price": "$19.99"}, {"title": "Cyclace Exercise Bike Stationary 330 Lbs Weight Capacity- Indoor Cycling Bike with Tablet Holder and LCD Monitor for Home Workout", "tags": "Treadmills Rowing Machines Office Fitness Schwinn Exercise Bikes Indoor Cycling Recumbent Upright Peddle Exercisers", "relevancy_score": 24.574857142857145, "price": "$316.88"}, {"title": "WWE United States Championship Title One-Time Adjustable Trophy Belt", "tags": "All Disney Princess Toys Ariel Stock up on Cleaning Supplies Rapunzel - Tangled Cinderella Mulan Trending Sellers", "relevancy_score": 121.82909090909091, "price": "$18.84"}, {"title": "ToyVelt Punching Bag For Kids Boxing Set Includes Kids Boxing Gloves And punching bag, Standing Base With Adjustable Stand + Hand Pump - Top Gifting Idea For Boys and Girls Ages 3 - 14 Years Old", "tags": "Boxing Gloves Mitts, Equipment & Gear MMA Everlast POV Shop Muay Thai Bags Punching Bag Stands Tennis Training Aids Batting Tees", "relevancy_score": 62.65548936170213, "price": "$27.97"}, {"title": "MRX 9' PVC Jump Rope for Cardio Fitness - Versatile Jump Rope for Both Kids and Adults - Great Jump Rope for Exercise (Black)", "tags": "Track & Field Equipment Exercise Balls Loop Bands Savings on Fitness Accessories Medicine CrossFit Training All and Resistance Tubes", "relevancy_score": 61.34133333333333, "price": "$8.99"}, {"title": "MRX Weight Lifting Gloves Gym Training Bodybuilding Fitness Glove Workout Men & Women Grey S", "tags": "Sports Equipment Fan Shop Boxing Gloves MMA Bike CrossFit Training Weight Lifting Barbell Collars Belts", "relevancy_score": 73.34133333333334, "price": "$11.99"}, {"title": "84\"L Folding Massage Table Portable Massage Bed W/ Head-& Armrest 2 Fold , Black", "tags": "Massage Bolsters Table Warmers Stadium Chairs Portable Emergency Preparedness Knee Compression Sleeves Tables Accessories", "relevancy_score": 60.08036363636364, "price": "$84.49"}, {"title": "FLYBIRD Adjustable Weight Bench Folding Incline/Decline Home Gym Workout", "tags": "Weight Plates Sets Ab & Sit Up Benches Power Racks Training Weights Olympic Exercise Squat", "relevancy_score": 84.309, "price": "$132.88"}, {"title": "BESPORTBLE A Pair of  Dumbbell Weight Set Adjustable Solid Fitness Dumbbell Set Safety and Non-slip Dumbbells Gym Exercise Training Tools", "tags": "Dumbbells Weight Plates Training Weights Adjustable Dumbbell Sets Exercise Workout", "relevancy_score": 37.14971428571429, "price": "$106.99"}, {"title": "116Plus Intelligent BT Watch Fitness Universal Step Counter Blood Pressure Heart Rate Monitor Sport Wristband Watch", "tags": "Fitness Trackers Garmin All Exercise and Accessories Fitbit Charge Versa Smart Watches Fitbits", "relevancy_score": 12.661297297297297, "price": "$10.58"}, {"title": "Metal D-Ring Yoga Strap - Aqua", "tags": "GoFit SPRI Gaiam Black Mountain Products Hugger Mugger TheraBand TriggerPoint Gold's Gym", "relevancy_score": 93.6096, "price": "$5.99"}, {"title": "Treadmill Mat, Heavy Duty Eco-Friendly PVC Exercise Equipment Mat for Treadmill/Ski Machine/Exercise Bike Equipment", "tags": "", "relevancy_score": 15.365818181818181, "price": "$38.85"}, {"title": "Ktaxon Fitness Blue Yoga Stability Balance Trainer Ball with Resistance Bands and Pump Exercise Workout Kit", "tags": "Exercise Balls Ab Machines Stimulators & Belts Medicine BOSU All and Fitness Accessories Battle Ropes Balance Boards", "relevancy_score": 81.36032653061224, "price": "$54.99"}, {"title": "ACE Brand Adjustable Wrist Support, Odor Resistant Brace", "tags": "ACE Knee Braces Garrett Metal Detectors Sport Athletic Tape Mueller Hinged Kinesiology Compression Sleeves", "relevancy_score": 315.2287524752476, "price": "$7.33"}, {"title": "Domyos by DECATHLON - Hex Dumbbell 11 lbs", "tags": "Weight Sets Training Weights Adjustable Dumbbell Dumbbells Exercise Racks Workout", "relevancy_score": 426.018, "price": "$34.99"}, {"title": "Goplus 2.25HP 2 in 1 Folding Treadmill W/Bluetooth Speaker Remote Control Home Gym Blue", "tags": "", "relevancy_score": 20.574857142857145, "price": "$379.99"}, {"title": "TheMogan Junior's Basic Seamless Bandeau Bra Top Stretch Tube Bralette Underlayer", "tags": "Bras Women's Activewear Sports Strapless & Convertible Bra Womens Plus Wire-free All Bralettes", "relevancy_score": 118.00610526315789, "price": "$6.99"}, {"title": "EEEKit Fitbit Blaze Band Replacement Adjustable Silicone Strap, Stainless Frame", "tags": "Heart Rate Monitors Fitness Trackers Accessories Fitbit Charge Versa Smart Watches All Fitbits", "relevancy_score": 112.60610526315789, "price": "$9.97"}, {"title": "Weider Olympic Curl Bar with Partially-Knurled Grip and 310 lb. Maximum Load Weight", "tags": "Weight Training Accessories Plates Curl Bar Weights Barbells Olympic Barbell Collars Exercise", "relevancy_score": 178.39264864864865, "price": "$32.61"}, {"title": "Coleman Autoseal FreeFlow Stainless Steel Insulated Water Bottle, 40 Oz", "tags": "Shop All Food Storage Containers Plastic Water Bottles Travel Mugs Flasks Contigo Bubba Coleman Thermoses", "relevancy_score": 126.67789830508474, "price": "$24.41"}, {"title": "Exerpeutic Bluetooth Indoor Cycling Bike with MyCloudFitness App [4208]", "tags": "", "relevancy_score": 98.25694117647058, "price": "$249.00"}, {"title": "Combat Sports 120 lb. Legged Grappling Dummy", "tags": "Gymnastics Punching & Boxing Bags BJJ Mats Century POV Shop Field Equipment Accessories Muay Thai Wrestling Mats, Tape Cleaning Gym Flooring", "relevancy_score": 39.62861538461538, "price": "$219.99"}, {"title": "Go-tcha Evolve LED-Touch Wristband Watch for Pokemon Go with Auto Catch and Auto Spin - Black/Grey", "tags": "Heart Rate Monitors Fitness Trackers Garmin Smart Watch Accessories Fitbit Charge Versa All Fitbits", "relevancy_score": 20.574857142857145, "price": "$45.12"}, {"title": "Stamina Magnetic Upright Exercise Bike 1310", "tags": "Exercise Bikes Elliptical CrossFit Training Office Fitness Schwinn Indoor Cycling Recumbent Functional Cardio", "relevancy_score": 208.29589873417723, "price": "$144.85"}, {"title": "Schwinn IC4 Indoor Cycling Bike", "tags": "Exercise Bikes Rowing Machines CrossFit Training Indoor Cycling Gym Flooring Recumbent Upright Functional Cardio", "relevancy_score": 1639.304634920635, "price": "$999.99"}, {"title": "The Step Additional Risers for The Original Health Club Step (Pack of 2)", "tags": "Steppers Exercise Balls Medicine Training Weights Plyo Boxes All and Fitness Accessories Workout", "relevancy_score": 0.0, "price": "$44.95"}, {"title": "SmileMart 84\" Adjustable Aluminum 3 Sections Massage Table Portable Massage Bed with Backrest/Headrest/Armrest/Hand Pallet Black", "tags": "Massage Bolsters Minnesota Golden Gophers Kids Table Warmers Portable Chairs Emergency Preparedness Tables Accessories Oregon Ducks", "relevancy_score": 55.816558139534884, "price": "$95.99"}, {"title": "Jump Rope, Tangle-Free with Ball Bearing Cable Speed Rope, Skipping Rope for Exercise, Fitness, Adjustable Jumping Rope Workout, Memory Foam Handles for Adults, and Kids", "tags": "Track & Field Equipment Loop Bands Savings on Fitness Accessories Running Armbands CrossFit Training All Exercise and Resistance Tubes", "relevancy_score": 51.679609756097555, "price": "$10.95"}, {"title": "J- FIT Neoprene Grip Weight- 1lb", "tags": "Dumbbells Ankle Weights Training Wrist Body Exercise Weight Racks Workout", "relevancy_score": 45.41655813953488, "price": "$31.66"}, {"title": "Black Mountain Products Aquatic Exercise Water Dumbbells, Set of 2", "tags": "Aqua Fitness Weight Sets Kits Conservative Bathing Suits Water Barbells Weights and Cuffs Swimming Kickboards Swim Belts", "relevancy_score": 186.18685714285715, "price": "$12.99"}, {"title": "One 2oz Bottle of Birdz Eyewear Anti Fog Spray & Defogger for Glasses Goggles Swimming Paintball and Diving Accessories - Safe on ALL Lenses", "tags": "Skis, Snowboards & Accessories Goggles Water Dumbbells Golf Hats Swim Caps Men's Weights and Cuffs Belts", "relevancy_score": 61.82909090909091, "price": "$7.99"}, {"title": "Mira Reusable Tritan Water Bottle | BPA-Free Plastic Sports Water Bottle | Leak Proof Locking Flip Top Lid with Easy Flow Spout (25 oz (750 ml), Pacific Blue)", "tags": "Plastic Water Bottles Kids Tableware Flasks Contigo Silicone Bubba Kids' Thermoses", "relevancy_score": 4.129806451612903, "price": "$9.95"}, {"title": "Fitbit Ionic Smartwatch", "tags": "Heart Rate Monitors Fitness Trackers Garmin Smart Watch Accessories Fitbit Charge Versa Watches All Fitbits", "relevancy_score": 507.31388235294116, "price": "$198.95"}, {"title": "3 Pound Weighted Hula Hoop - Ideal for Aerobics Workouts, Hot Fitness & Weight Loss Exercise - Comes Apart for Easy Storage", "tags": "All Lawn Games Jump Ropes Ab Machines Men's Waist Trainers Exercisers Core Field Equipment & Accessories Leg Extension", "relevancy_score": 150.47443478260868, "price": "$22.99"}, {"title": "Thigh Master Cushioned Foam- Arm, Leg, Butt Thigh Trimmer Home Gym Fitness Sport Equipment(Anti-slip)", "tags": "Home Gyms Ab Machines Men's Waist Trainers Exercisers Core All Exercise and Fitness Accessories Resistance Tubes Women's", "relevancy_score": 83.55694117647057, "price": "$16.99"}, {"title": "Weider Dumbbell Tree Weight Rack with 100 lb. Weight Capacity, Dumbbells Sold Separately", "tags": "", "relevancy_score": 2.2515, "price": "$39.97"}, {"title": "Lotus Yoga Block, Blue", "tags": "Yoga Mats Kits Mat Bags Straps Bolsters Socks Bikram Pilates", "relevancy_score": 85.6096, "price": "$8.50"}, {"title": "Sunny Health & Fitness SF-B1001 Chain Drive Indoor Cycling Trainer Exercise Bike", "tags": "Office Fitness Schwinn Exercise Bikes Indoor Cycling All Bike Components Seatposts Gym Flooring Recumbent Upright", "relevancy_score": 557.6501538461539, "price": "$205.97"}, {"title": "Gold\u2019s Gym Men\u2019s Tacky Workout Gloves, XS/S", "tags": "Sports Equipment Fan Shop Weight Training Accessories Golf Gloves Ankle Weights Bike CrossFit All Exercise and Fitness Lifting Belts", "relevancy_score": 68.84133333333334, "price": "$8.23"}, {"title": "Black Mountain Products Hand Therapy Ball, Blue", "tags": "Exercise Balls Savings on Fitness Accessories Hand Grippers Massage CrossFit Training Office All and Foam Rollers", "relevancy_score": 33.647157894736836, "price": "$4.50"}, {"title": "Black Mountain Products Peanut Stability Ball with Pump 1000lb Static Weight Capacity, Purple", "tags": "Savings on Fitness Accessories Balance Trainers Massage Balls Medicine Ball Chairs Office All Exercise and Boards", "relevancy_score": 71.84133333333334, "price": "$25.32"}, {"title": "Saloniture 3-Piece Microfiber Massage Table Sheet Set - Premium Facial Bed Cover - Includes Flat and Fitted Sheets with Face Cradle Cover - Multiple Colors", "tags": "Massage Bolsters Minnesota Golden Gophers Kids Table Warmers Portable Chairs Emergency Preparedness Tables Accessories Oregon Ducks", "relevancy_score": 62.88036363636365, "price": "$19.99"}, {"title": "USB Rechargeable Muscle Stimulator, Muscle Training Gear Abdominal Trainer Body Home Exercise Shape Fitness", "tags": "Gymnastics Home Gyms Ab Stimulators & Belts Rollers Exercisers Core Trainers All Exercise and Fitness Accessories Battle Ropes", "relevancy_score": 53.08036363636364, "price": "$14.99"}, {"title": "Zeny Black 1.5\"/ 2\" Width Poly Dacron 30/40/50ft Length Battle Rope Workout Training Undulation Rope Fitness Rope Exercise", "tags": "Exercise Balls Jump Ropes Ab Machines Medicine CrossFit Training Battle Slam Workout Weights", "relevancy_score": 119.38844444444446, "price": "$46.99"}, {"title": "3 Pack Tempered Glass Screen Protector for Fitbit Versa Smart Fitness Watch Tracker, Anti-Fingerprint, Anti-Bubble, Anti-Scratch, Ultra Clear", "tags": "Heart Rate Monitors Fitness Trackers Accessories Fitbit Charge Versa Smart Watches All Fitbits", "relevancy_score": 143.19264864864866, "price": "$5.59"}, {"title": "Used (Good Condition)  Apple Watch 42mm Series 2 Aluminum GPS with Sport Band MNPJ2LL/A", "tags": "Heart Rate Monitors Fitness Trackers Garmin Smart Watch Accessories Fitbit Charge Versa All Fitbits", "relevancy_score": 72.85548936170213, "price": "$169.99"}, {"title": "Like New  Apple Watch Series 5 (GPS + Cellular) 44mm Smartwatch", "tags": "", "relevancy_score": 9.2515, "price": "$369.99"}, {"title": "TheraBand Professional Latex Resistance Bands, 6 Yard Roll, Tan, Extra Thin, Beginner Level 1", "tags": "Loop Bands Grip Strengtheners Savings on Fitness Accessories Hand Grippers CrossFit Training All Exercise and Resistance Tubes Pull-Up", "relevancy_score": 58.74971428571428, "price": "$11.99"}, {"title": "ACE Brand Adjustable Dual Knee Strap, Upper and Lower Support", "tags": "Garrett Metal Detectors Sport Knee Braces Athletic Tape Mueller Hinged Compression Sleeves Sports", "relevancy_score": 226.93362962962965, "price": "$13.71"}, {"title": "Breathable Silicone Sport Band for Apple Watch Series 1, 2, 3, 4, 5, and Sport", "tags": "Leather Watch Bands & Straps Fitbit Multipack Jewelry Savings All", "relevancy_score": 9.365818181818181, "price": "$7.99"}, {"title": "Workout Gym Half Finger Gloves Weight Lifting Wrist Wrap Sports Exercise Training Fitness", "tags": "Boxing Gloves MMA Bike CrossFit Training Weighted All Exercise and Fitness Accessories Weight Lifting Belts", "relevancy_score": 132.24498360655738, "price": "$7.99"}, {"title": "11 Pieces Resistance Bands Set with Handles Ankle Strap, Resistance Tubes Sets FOR EXERCISE Up To 100 lbs, For Resistance Training Physical Therapy Home Workouts Yoga Pilates", "tags": "Exercise & Fitness To Tone Vary Your Workouts Gain Strength Increase Mobility Acupuncture Therapy Aromatherapy Yoga Room Lift Weights", "relevancy_score": 39.62861538461538, "price": "$14.98"}, {"title": "84\" L Adjustable Massage Bed 3 Fold Height with Backrest Black", "tags": "Massage Bolsters Table Warmers Portable Chairs Snorkel Sets Emergency Preparedness Tables Accessories Oregon Ducks Kids", "relevancy_score": 23.574857142857145, "price": "$79.99"}, {"title": "Princess iTime InteractiveSmart Watch 40 MM", "tags": "All Watches Kids Disney Everyday Watch Brands Boys Savings Character", "relevancy_score": 11.465818181818182, "price": "$35.00"}, {"title": "TSV Universal Treadmill magnet safety key for All NordicTrack, Proform, Image, Weslo, Reebok, Epic, Golds Gym, Freemotion, and Healthrider Treadmills", "tags": "Treadmills Exercise Mats Yoga Treadmill Lubricant Keys Field Equipment & Accessories Gym Flooring Belts", "relevancy_score": 166.32371830985915, "price": "$9.97"}, {"title": "Compatible with Apple Watch Case 38mm 42mm 40mm 44mm, Soft Silicone Shockproof and Shatter-Resistant Protective Bumper Cover Case iwatch Series 5 4 3 2 Case37 (Black, 40mm)", "tags": "Bumper Phone Cases LG Stylo 4 iPhone 5 Dust Proof 5s Waterproof Galaxy Note 9 Scratch Resistant", "relevancy_score": 37.82861538461538, "price": "$6.99"}, {"title": "ProForm Adjustable Step Deck with Non-Slip Surface for Cardio Exercise", "tags": "Steppers Dumbbells Weight Sets Training Weights All Exercise and Fitness Accessories Balance Boards Workout", "relevancy_score": 535.6245298013246, "price": "$27.77"}, {"title": "Gold's Gym Wrist Wrap Glove with Adjustable Strap", "tags": "Weight Training Accessories MMA Gloves Bike Lifting Straps CrossFit Weighted All Exercise and Fitness Belts", "relevancy_score": 111.82909090909092, "price": "$20.95"}, {"title": "URHOMEPRO Portable Exercise Pedal Bike for Legs and Arms, Mini Exercise Bike with LCD Display, Adjustable Resistance, Under Desk Bike Pedal Exerciser, Home Use Feet Trainer Exercise Equipment, Q13191", "tags": "Ellipticals Exercise Bikes Steppers Office Fitness Bike Pedals All Components Upright Leg Extension Machines", "relevancy_score": 28.87066666666667, "price": "$49.99"}, {"title": "Tommie Copper Sport Compression Socks, 2 Pack, Small/Medium", "tags": "", "relevancy_score": 20.574857142857145, "price": "$9.88"}, {"title": "Tone Fitness Anti-burst Stability Ball 55cm", "tags": "Savings on Fitness Accessories Balance Trainers Medicine Balls Ab Exercisers Core All Exercise and Pilates Mats", "relevancy_score": 1085.9866086956522, "price": "$15.70"}, {"title": "Body Vision Back Relief Inversion Table ITM 9550G", "tags": "Inversion Tables Ironman Teeter Heat & Massage Therapy Exerpeutic Innova Back Stretchers Health Gear", "relevancy_score": 56.349714285714285, "price": "$99.00"}, {"title": "Xspec Upright Stationary Foldable Exercise Bike, Indoor Cycling Workout", "tags": "Exercise Bikes Steppers Rowing Machines Office Fitness Indoor Cycling Recumbent Bike Handlebars Peddle Exercisers", "relevancy_score": 173.24870588235294, "price": "$149.99"}, {"title": "KT Tape Precut 3.5\" Perfomance Blister Prevention Tape - 30 Strips - Black", "tags": "Soccer Accessories CrossFit Training ACE Knee Braces Garrett Metal Detectors Sport Athletic Tape Compression Sleeves Sports", "relevancy_score": 0.0, "price": "$9.25"}, {"title": "Mueller Mwrap Pretaping Underwrap, Aqua, 2 Pack, 2.75\" x 21.4 yd each", "tags": "Soccer Accessories Basketball ACE Knee Braces Sport Mueller Women's Hunting Tops Kinesiology Tape Sports", "relevancy_score": 20.473411764705883, "price": "$7.05"}, {"title": "KW19 Smart Watch Women Waterproof bluetooth Smart Watch Phone Mate For iPhone Android, Sport Smartwatch Touch Screen with Message Reminder Heart Rate Monitor Sleep", "tags": "Heart Rate Monitors Fitness Trackers Garmin All Exercise and Accessories Smart Watch Fitbit Versa Fitbits", "relevancy_score": 14.465818181818182, "price": "$28.52"}, {"title": "Motorized Treadmill Fitness Health Running Machine Equipment for Home Foldable", "tags": "Treadmills Exercise Bikes Home Gyms Rowing Machines Manual Folding Incline Functional Cardio", "relevancy_score": 104.012, "price": "$399.99"}, {"title": "Juvale - Speed and Agility Ladder Training Set with 6 Cones and Resistance Parachute Foldable", "tags": "Track & Field Equipment Gymnastics Soccer Training Blender Bottles Water Shaker Agility Ladders Football Dummies, Sleds, Chutes, and machines", "relevancy_score": 19.673411764705882, "price": "$23.99"}, {"title": "T6 Smart Watch Bluetooth Wrist Watch with Camera For Android iPhone Smart Phone", "tags": "Heart Rate Monitors Fitness Trackers Blender Bottles Water Fitbit Versa Smart Watches All Fitbits", "relevancy_score": 221.55823999999998, "price": "$19.99"}, {"title": "Goplus Exercise Bike Cycle Trainer Indoor Workout Cardio Fitness Bicycle Stationary", "tags": "Exercise Bikes Mats Rowing Machines Office Fitness Schwinn Field Equipment & Accessories Upright Functional Cardio", "relevancy_score": 177.04870588235292, "price": "$289.99"}, {"title": "Bodyweight Resistance Straps Training Kit,Suspension Fitness Strap Trainer,Fitness Resistance Trainer,Resistance Band for Full Body Strength,ALL-IN-ONE Suspension Fitness Training Home Gym", "tags": "Alcohol Tests/Breathalyzers Exercise To Tone Vary Your Workouts Gain Strength Increase Mobility Aromatherapy Yoga Room Back Braces", "relevancy_score": 37.82861538461538, "price": "$29.99"}, {"title": "Bowflex SelectTech 840 Adjustable Kettlebell", "tags": "Weight Sets Adjustable Kettlebells Training Weights Bowflex Exercise Racks Workout", "relevancy_score": 723.3533333333334, "price": "$199.00"}, {"title": "Mueller Elastic Knee Stabilizer, Black, Large/Extra Large", "tags": "Softball Protective Gear CrossFit Training ACE Knee Braces Sport Mueller Hinged Compression Sleeves", "relevancy_score": 150.44870588235293, "price": "$9.89"}, {"title": "Gymenist Water Proof Ankle And Wrist Weights With Adjustable Strap Great For Swimming And All Water Sports Activities", "tags": "Aqua Fitness Ankle Weights Weight Sets Water Dumbbells Vests CrossFit Training Wrist Body", "relevancy_score": 141.53775, "price": "$11.54"}, {"title": "HoMedics ACU-NODE VIBRATION MASSAGE BALL, Pain Relief for Aching Muscles, NOV-BallJ", "tags": "Exercise Balls Recovery Technology Therapeutic Massagers CrossFit Training Cryotherapy All and Fitness Accessories Foam Rollers Muscle", "relevancy_score": 71.15548936170211, "price": "$9.99"}, {"title": "KARMAS PRODUCT Hydraulic Rowing Machine Full Body Stamina Exercise Power with 12 Levels Adjustable Resistance,Home Gyms Training Equipment Fitness Indoor", "tags": "Treadmills Exercise Bikes Steppers CrossFit Training Water Rowing Machines Incline Indoor Cycling Functional Cardio", "relevancy_score": 8.2515, "price": "$89.99"}, {"title": "Weight Lifting Dumbbell Tree Rack Stands,Not including Dumbbell", "tags": "", "relevancy_score": 3.365818181818182, "price": "$11.98"}, {"title": "Recoppa Compatible with Fitbit Charge 3 Bands for Women Men Large Small, Adjustable Waterproof Replacement Wristbands for Fitbit Charge 3 and Fitbit Charge 3 SE", "tags": "Leather Watch Bands & Straps Fitbit Multipack Apple Jewelry Savings", "relevancy_score": 78.90899999999999, "price": "$6.99"}, {"title": "Shake Weight Exercise Weight 2-1/2 Lb. Boxed, White", "tags": "Weight Sets Training Weights Adjustable Dumbbells Exercise Racks Workout Leg Extension Machines", "relevancy_score": 346.9833103448276, "price": "$17.89"}, {"title": "Knee Compression Sleeve (1 Pair) - Instant Knee Support Brace for Running, Sports, Jogging, Basketball - Meniscus Tear, Arthritis, Joint Pain Relief, Injury Recovery for Men & Women", "tags": "Elbow Compression Sleeves CrossFit Training ACE Knee Braces Leg Sport Mueller Sports", "relevancy_score": 74.99965217391303, "price": "$14.89"}, {"title": "Tone Fitness Weight Gloves, Pink", "tags": "Ankle Weights Boxing Gloves MMA Bike CrossFit Training Weighted All Exercise and Fitness Accessories Weight Lifting", "relevancy_score": 109.32909090909091, "price": "$8.78"}, {"title": "1 Pair Quick Release Pair of Locking Olympic Size Barbell Clamp Collar Great for Pro Training", "tags": "Weight Training Accessories Dumbbells Plates Bars Sets Weights Exercise Workout", "relevancy_score": 0.0, "price": "$6.80"}, {"title": "Evolve by Gaiam Yoga Headband, 2 Pack, Blue, Sports Sweatbands", "tags": "Loop Bands Fitness Trackers Yoga & Pilates Tennis Clothing Socks Fitbit Charge Weight Lifting Gloves All Cards and Casino", "relevancy_score": 1.1298064516129032, "price": "$7.97"}, {"title": "Zimtown 42 Pcs/54 Pcs Interlocking Foam Floor Tiles, 168Sq - 216Sq Eva Black Puzzle Exercise Mat, Protective Flooring Pad Gym Equipment Cushion, for Exercising, Yoga, Kids, Babies, Playroom, Camping", "tags": "Exercise Machine Accessories Yoga Mats BJJ All and Fitness Field Equipment & Wrestling Mats, Tape Cleaning Gym Flooring Workout Weights", "relevancy_score": 14.465818181818182, "price": "$109.99"}, {"title": "Mini Exercise Bike Pedal Exerciser Portable Cycle Lightweight with Two Pedals for Legs and Arms Exerciser", "tags": "Ellipticals Exercise Bikes Lawn Darts Bike Pedals All Components Upright Peddle Exercisers Leg Extension Machines", "relevancy_score": 34.22861538461539, "price": "$49.58"}, {"title": "Bubba 30oz Hero Xl", "tags": "Shop All Food Storage Containers Plastic Water Bottles Tumblers Travel Mugs Bubba Thermoses Drinking Glasses Dorm Dining & Hydration", "relevancy_score": 27.670666666666666, "price": "$12.92"}, {"title": "SPRI Cable Jump Rope", "tags": "Track & Field Equipment Loop Bands Home Gym Accessories Savings on Fitness CrossFit Training All Exercise and Resistance Tubes", "relevancy_score": 24.847157894736842, "price": "$11.97"}, {"title": "Inflatable Punching Bag for Kids - Free Standing Boxing Toy Children Bop Bag Karate Play", "tags": "Boxing Gloves MMA Everlast POV Shop Century Muay Thai Bags Punching & Bag Stands Tennis Training Aids Karate Shinguards", "relevancy_score": 5.129806451612903, "price": "$21.99"}, {"title": "Evolve Microfiber Yoga Hand Towel, Grey", "tags": "Men's Waist Trainers Yoga Mat Bags All Exercise and Fitness Accessories Socks Women's Cooling Towels Bikram", "relevancy_score": 0.0, "price": "$6.96"}, {"title": "SPRI Deluxe Vinyl Dumbbells, Pair 1-20 lbs", "tags": "Kettlebells Weight Sets Medicine Balls Training Weights CrossFit Exercise Racks Workout", "relevancy_score": 1189.3801764705884, "price": "$54.99"}, {"title": "Fitness Ball - By BODYSPORT (TEAL 85 cm) Large Exercise Balls Great for Yoga Pilates Desk Chair - FREE Pump & Exercise Guide Included", "tags": "", "relevancy_score": 5.129806451612903, "price": "$15.99"}, {"title": "Avia Digital Stopwatch, Black", "tags": "Basketball Training Softball Equipment Stopwatches Pitching Machines Baseball Nets, Screens, and Rebounders All Exercise Fitness Accessories Batting Tees", "relevancy_score": 0.0, "price": "$10.76"}, {"title": "Goplus Stationary Exercise Magnetic Cycling Bike 30Lbs Flywheel Home Gym Cardio Workout", "tags": "Kids' Balance Bikes Bike Water Bottle Cages Rowing Machines Repair Stands Indoor Cycling Recumbent Exercise Upright Functional Cardio", "relevancy_score": 19.673411764705882, "price": "$259.99"}, {"title": "114\" Adjustable Jumping Rope for Kids and Adult,  Exercise Skip Rope Speed Jum Rope with Short Rope Mode, Calories Counting, Timer", "tags": "Track & Field Equipment Loop Bands Savings on Fitness Accessories Bike Water Bottle Cages CrossFit Training All Exercise and Resistance Tubes", "relevancy_score": 35.0612972972973, "price": "$15.99"}]