[{"title": "KJV Holy Bible, Giant Print Standard Bible, Two-Tone Brown Faux Leather w/Ribbon Marker, Red Letter Edition, King James Version", "tags": "Spiritual Growth Children & Youth Evangelism New King James Version Inspirational International Living Translation", "relevancy_score": 71.40266666666666, "price": "$19.79"}, {"title": "It's Not Supposed to Be This Way : Finding Unexpected Strength When Disappointments Leave You Shattered", "tags": "Adult Non-Fiction Top 100 Bible Study Guides General Biographies & Memoirs Prayer New International Version Personal Growth Women's Issues", "relevancy_score": 65.8186976744186, "price": "$9.33"}, {"title": "Relationship Goals: How to Win at Dating, Marriage, and Sex (Hardcover)", "tags": "Spiritual Growth Programming Kids' Books Religious Biographies & Memoirs Family Devotional Personal Women's Issues", "relevancy_score": 342.70364356435647, "price": "$13.80"}, {"title": "Trusting God Day by Day : 365 Daily Devotions", "tags": "Collaboration Software Books Devotional Windows Administration Word & Search Meditations Personal Growth Desktop", "relevancy_score": 70.86163636363636, "price": "$11.27"}, {"title": "KJV Holy Bible, Giant Print Standard Bible, Dark Brown Faux Leather w/Thumb Index and Ribbon Marker, Red Letter Edition, King James Version", "tags": "Spiritual Growth Evangelism New King James Version Inspirational International General Reference Books Living Translation", "relevancy_score": 250.14085714285713, "price": "$24.49"}, {"title": "Battlefield of the Mind : Winning the Battle in Your Mind", "tags": "Spiritual Warfare Growth Christianity Books for Kids God's Word The Amplified Bible Motor Sports Professional Study Guide", "relevancy_score": 227.25293506493506, "price": "$11.15"}, {"title": "KJV, Gift and Award Bible, Imitation Leather, Black, Red Letter Edition (Paperback)", "tags": "Spiritual Growth Children & Youth Evangelism New King James Version English Standard International Living Translation", "relevancy_score": 42.677, "price": "$6.69"}, {"title": "Jesus Calling(r): Jesus Calling: Enjoying Peace in His Presence (Hardcover)", "tags": "Spiritual Growth Family Adult Non-Fiction Top 100 Devotional Inspirational Mother's Day Gift Guide Books Christmas & Advent Meditations", "relevancy_score": 91.0832, "price": "$16.99"}, {"title": "KJV, Thinline Bible, Large Print, Imitation Leather, Red Letter Edition", "tags": "Spiritual Growth Children & Youth History Culture Evangelism New King James Version Inspirational International Living Translation", "relevancy_score": 118.7309090909091, "price": "$12.19"}, {"title": "Sacred Woman : A Guide to Healing the Feminine Body, Mind, and Spirit (Paperback)", "tags": "Channeling & Mediumship General Psychology Books Adult Non-Fiction Top 100 Goddess Worship Happiness Healthy Living Love Marriage", "relevancy_score": 49.677, "price": "$12.89"}, {"title": "NIV, Holy Bible, Soft Touch Edition, Imitation Leather, Pink, Comfort Print (Other)", "tags": "Spiritual Growth New International Reader's Version King James Youth Women's Issues Living Translation", "relevancy_score": 25.386857142857142, "price": "$10.53"}, {"title": "Letters to the Church", "tags": "", "relevancy_score": 15.246181818181817, "price": "$18.20"}, {"title": "A Catholic Introduction to the Bible : The Old Testament", "tags": "", "relevancy_score": 0.0, "price": "$26.00"}, {"title": "Awaken : 90 Days with the God who Speaks", "tags": "Spiritual Growth Top 100 Books Adult Non-Fiction Self-Esteem & Self-Reliance Social Themes Teen Young Meditations Prayer Personal Women's Issues", "relevancy_score": 10.16925, "price": "$8.26"}, {"title": "Complete Evangelical Parallel Bible-PR-KJV/NKJV/NIV/NLT", "tags": "Spiritual Growth Diabetes Reina Valera The Amplified Bible Nueva Version International La Biblia de las Americas Hebrew Language Books Study", "relevancy_score": 15.246181818181817, "price": "$39.89"}, {"title": "Action Bible: The Action Bible (Hardcover)", "tags": "", "relevancy_score": 0.0, "price": "$20.98"}, {"title": "Lead : 12 Gospel Principles for Leadership in the Church (Hardcover)", "tags": "Fantasy Manga Discipleship Theology Preaching Administration Counseling & Recovery Leadership Professional Growth", "relevancy_score": 0.0, "price": "$20.52"}, {"title": "Adult Coloring Book (Paperback)", "tags": "Plants & Animals Art Books General Prayer Spiritual Mindfulness Meditation Nature Crafts Hobbies Drawing Color Theory", "relevancy_score": 7.146181818181818, "price": "$2.99"}, {"title": "Santa Biblia-RV-1909", "tags": "No-Ficcion Libros Para Ninos Ficcion Espa\u00f1ol Hispanohablantes, Spanish for Speakers Nueva Version International Other Translations Multiple Cooking & Grilling New Living Translation", "relevancy_score": 7.16925, "price": "$2.68"}, {"title": "The Unseen Realm : Recovering the Supernatural Worldview of the Bible (Paperback)", "tags": "", "relevancy_score": 14.346181818181819, "price": "$14.34"}, {"title": "The Will of God : Understanding and Pursuing His Ultimate Plan for Your Life (Hardcover)", "tags": "", "relevancy_score": 10.16925, "price": "$17.29"}, {"title": "The Secret Gratitude Book", "tags": "Tarot Cards & Books Fortune Telling Conspiracy Theory Motivational Inspirational Self-Help Gaia Earth Engeries General Fantasy Teen Young Adult Angels Spirit Guides", "relevancy_score": 269.27610810810813, "price": "$16.25"}, {"title": "I'm Allergic to Stupidity, I Break Out in Sarcasm: A Snarky Coloring Book for Adults: 51 Funny & Sarcastic Colouring Pages for Stress Relief & Relaxation (Paperback)", "tags": "Plants & Animals Art Books General Prayer Spiritual Papercrafts Crafts Hobbies Drawing Language Arts Disciplines Coloring", "relevancy_score": 34.81232432432433, "price": "$10.56"}, {"title": "Memory Book Our Baby Boy's First Year (Hardcover)", "tags": "Kids' Activity Books Adoption & Fostering General Christian Journaling Self-Help Motherhood Activities Baby Names", "relevancy_score": 15.246181818181817, "price": "$18.39"}, {"title": "Majestic Bible Tabs: Majestic Bible Tabs Lavender (Other)", "tags": "Evangelism New King James Version Inspirational International Children General Reference Books Living Translation", "relevancy_score": 60.773714285714284, "price": "$4.99"}, {"title": "Get Out of Your Head : A Study in Philippians (Paperback)", "tags": "Entrepreneurship Books Demonology & Satanism Personal Growth Professional Women's Issues", "relevancy_score": 5.087354838709677, "price": "$7.98"}, {"title": "The Bible in 52 Weeks : A Yearlong Bible Study for Women (Paperback)", "tags": "Spiritual Warfare Angelology & Demonology Religion, Science State Men's Issues Legal Dictionaries Terminology Books Personal Growth Professional Women's", "relevancy_score": 15.246181818181817, "price": "$10.26"}, {"title": "Adult Coloring: Creative Haven Autumn Scenes Coloring Book (Paperback)", "tags": "Plants & Animals Art Books General Mother's Day Crafts Hobbies Decorative Arts Games Activity Papercrafts Seasons", "relevancy_score": 25.386857142857142, "price": "$5.99"}, {"title": "NIV, Journal the Word Bible for Women, Cloth Over Board, Navy, Red Letter Edition, Comfort Print: 500+ Prompts to Encourage Journaling and Reflection (Hardcover)", "tags": "New King James Version Journaling Self-Help Books Literary Collections - Diaries & Journals Journal Writing Teen Young Adult Devotional Prayer Christian Women's Issues Coloring Living Translation", "relevancy_score": 14.346181818181819, "price": "$23.01"}, {"title": "Holy Bible-NIV (Paperback)(Large Print)", "tags": "Spiritual Growth Evangelism New King James Version English Standard Youth Coloring Books Living Translation", "relevancy_score": 10.16925, "price": "$5.99"}, {"title": "The Secret Gratitude Book", "tags": "Tarot Cards & Books Fortune Telling Conspiracy Theory Motivational Inspirational Self-Help Gaia Earth Engeries General Fantasy Teen Young Adult Angels Spirit Guides", "relevancy_score": 269.27610810810813, "price": "$16.25"}, {"title": "The Pumpkin Patch Parable (-10th Anniversary) (Hardcover)", "tags": "Seasons Kids' Books Christianity for Kids Bears Easter & Lent Baby - Age 2 Christian Holidays Celebrations Early Readers", "relevancy_score": 19.518588235294118, "price": "$7.99"}, {"title": "Tarot Black & Gold Edition (Other)", "tags": "Industrial Design Books New Thought Fortune Telling Motivational & Inspirational Self-Help Popular Culture Antiques Collectibles Mysticism Art", "relevancy_score": 0.0, "price": "$27.52"}, {"title": "Adult Coloring: Creative Haven Entangled Coloring Book (Paperback)", "tags": "Kid Art Easels & Stations Craft Kits Play Dough Magna Doodle Etch-A-Sketch Glue for Slime Toys Kids 5 to 7 Years Children's Paint and Supplies", "relevancy_score": 10.146181818181816, "price": "$6.01"}, {"title": "The Israel Bible", "tags": "", "relevancy_score": 5.087354838709677, "price": "$37.25"}, {"title": "Creative Haven Coloring Books: Creative Haven Romantic Country Scenes Coloring Book (Paperback)", "tags": "Plants & Animals Art Books General Mother's Day Crafts Hobbies Activity Games Seasons Nature", "relevancy_score": 11.346181818181819, "price": "$5.99"}, {"title": "Llewellyn's 2021 Witches' Calendar (Other)", "tags": "Tarot Cards & Books Magick Studies Paganism Neo-Paganism Comparative Religion Motivational Inspirational Self-Help Wicca Occultism Folklore Mythology", "relevancy_score": 5.087354838709677, "price": "$13.65"}, {"title": "Pigs in the Parlor : A Practical Guide to Deliverance (Paperback)", "tags": "Palmistry Angelology & Demonology Religion, Science State Men's Issues Fortune Telling Bible Study Guides Mysticism Spirituality", "relevancy_score": 35.770105263157895, "price": "$9.68"}, {"title": "Life Application Study Bible NLT, Large Print (Hardcover)", "tags": "Spiritual Growth Weapons in Military History Books Heart New King James Version Other Translations Death & Dying Social Themes Teen Young Adult International", "relevancy_score": 0.0, "price": "$55.91"}, {"title": "Us Against the World : Our Secrets to Love, Marriage, and Family - Hardcover", "tags": "Women's History Month Fiction Rich & Famous Biographies Memoirs Mother's Day Gift Guide Books Marriage Long-Term Relationships Love Romance Cultural Heritage Entertainment Performing Arts Personal", "relevancy_score": 30.451333333333334, "price": "$4.49"}, {"title": "The Secret Gratitude Book", "tags": "Tarot Cards & Books Fortune Telling Conspiracy Theory Motivational Inspirational Self-Help Gaia Earth Engeries General Fantasy Teen Young Adult Angels Spirit Guides", "relevancy_score": 269.27610810810813, "price": "$16.25"}, {"title": "Spiral Journal W/ Elastic Quiet Spirit (Other)", "tags": "", "relevancy_score": 5.087354838709677, "price": "$9.99"}, {"title": "The Genesis 6 Conspiracy : How Secret Societies and the Descendants of Giants Plan to Enslave Humankind", "tags": "Spiritual Growth Paul's Letters New Testament Faith Bible Study Guides Prophecy Theology Apologetics", "relevancy_score": 0.0, "price": "$25.59"}, {"title": "Heart & Soul Cards: Oracle Cards for Personal & Planetary Transformation (Other)", "tags": "", "relevancy_score": 0.0, "price": "$25.95"}, {"title": "Scourby Complete Audio Bible-KJV (Other)", "tags": "Spiritual Growth Children & Youth Evangelism New King James Version Inspirational International Living Translation", "relevancy_score": 0.0, "price": "$65.18"}, {"title": "The Berenstain Bears Thanksgiving Blessings (Paperback)", "tags": "Animals Christian Kids' Books Values & Virtues Bears Christmas Advent Ages 6-8 Holidays Celebrations All Halloween for Kids Early Readers", "relevancy_score": 5.087354838709677, "price": "$4.99"}, {"title": "Amish Secrets Novel: Home All Along (Series #3) (Paperback)", "tags": "Harlequin Thriller Romance Religious Small Town & Rural Novels Contemporary Suspense Clean Wholesome Books", "relevancy_score": 0.0, "price": "$2.49"}, {"title": "Amish Heirloom Novel: The Cherished Quilt (Paperback)", "tags": "Romance Patchwork Crafts & Hobbies Books Suspense International Mystery Crime Clean Wholesome General Cookbooks Love Marriage Women's Issues", "relevancy_score": 35.512324324324325, "price": "$2.75"}, {"title": "Amish Heirloom Novel: The Beloved Hope Chest (Paperback)", "tags": "Harlequin Thriller Romance Religious Small Town & Rural Novels General Books Suspense Clean Wholesome", "relevancy_score": 34.81232432432433, "price": "$2.75"}, {"title": "Mermaids Coloring Book: An Aquatic Art Adventure (Other)", "tags": "Board Game Books Occult & Supernatural Novels Puzzle Child Development General Games Activity Rand McNally Travel Books, Maps Guides Coloring Crafts Hobbies", "relevancy_score": 0.0, "price": "$19.41"}, {"title": "The Forgotten Road", "tags": "", "relevancy_score": 4.087354838709677, "price": "$9.73"}, {"title": "My Little Book About God (Board Book)", "tags": "Christianity Books for Kids Social Activists Kids' General Christian Horses Marine Life Animal Parents", "relevancy_score": 18.386857142857142, "price": "$4.99"}, {"title": "Restoration Novels: Dawn's Light (Paperback)", "tags": "Amish & Mennonite Novels Harlequin Thriller Football Kids' Books Romance Suspense Supernatural Clean Wholesome", "relevancy_score": 8.16925, "price": "$13.93"}, {"title": "999 Super Fun, Head-Scratching, Brain-Boosting Bible Trivia Questions for Kids", "tags": "Children's Books Top 100 Christianity for Kids Funny Kids' Bears Easter & Lent Baby - Age 2 Early Readers Christian", "relevancy_score": 0.0, "price": "$3.99"}, {"title": "Our Daily Bread for Kids: Bible Quizzes & Games", "tags": "Children's Books Top 100 Christianity for Kids Funny Kids' Bears Easter & Lent Baby - Age 2 Early Readers Christian", "relevancy_score": 0.0, "price": "$9.99"}, {"title": "Large Print Bible-NKJV (Paperback)", "tags": "Spiritual Growth History & Culture Inspirational Pentecostal Charismatic New International Version King James Coloring Books Living Translation", "relevancy_score": 1.0873548387096774, "price": "$7.79"}, {"title": "Black and White : Disrupting Racism One Friendship at a Time (Hardcover)", "tags": "Spiritual Warfare Religion, Science & State Sociology of Religion Books Sexuality Gender Studies Preaching Poverty Homelessness Prejudice Discrimination Race Relations", "relevancy_score": 0.0, "price": "$17.99"}, {"title": "Earth Power - eBook", "tags": "Tarot Cards & Books Magick Studies Paganism Neo-Paganism Comparative Religion Motivational Inspirational Self-Help Wicca Occultism Folklore Mythology", "relevancy_score": 8.16925, "price": "$11.59"}, {"title": "Search for Hidden Sacred Knowledge (Paperback)", "tags": "Tarot Cards & Books Ancient Mysteries Controversial Knowledge Afterlife Reincarnation Fortune Telling Metaphysics Philosophy Self-Hypnosis Self-Help Angels Spirit Guides Near-Death Experience", "relevancy_score": 0.0, "price": "$15.02"}, {"title": "You Are Worth It : Building a Life Worth Fighting for (Paperback)", "tags": "Tarot Cards & Books Witchcraft Adult Non-Fiction Top 100 Success Personal Growth Happiness Women's Issues", "relevancy_score": 0.0, "price": "$16.99"}, {"title": "En La Bsqueda de Dios : God Chasers", "tags": "", "relevancy_score": 3.0873548387096776, "price": "$7.55"}, {"title": "A Faith Called Christianity (Paperback)", "tags": "", "relevancy_score": 0.0, "price": "$26.65"}, {"title": "Coloring Creations Greeting Cards(tm) for Kids - Splash : With Scripture", "tags": "Die-Cut Dies DIY Wedding Invitations Die Cutting Tools & Accessories Sizzix Cut Machines Embossing Plates", "relevancy_score": 0.0, "price": "$8.99"}, {"title": "Held : 31 Biblical Reflections on God's Comfort and Care in the Sorrow of Miscarriage (Hardcover)", "tags": "", "relevancy_score": 0.0, "price": "$17.99"}, {"title": "New Testament Crosswords, Galatians in the New International Version (Paperback)", "tags": "", "relevancy_score": 0.0, "price": "$18.00"}, {"title": "Jesus Calling(r): Jesus Calling Note-Taking Edition, Leathersoft, Black, with Full Scriptures : Enjoying Peace in His Presence (Hardcover)", "tags": "", "relevancy_score": 0.0, "price": "$19.36"}, {"title": "My First Catholic Book of Prayers and Graces (Board Book)", "tags": "", "relevancy_score": 0.0, "price": "$7.95"}, {"title": "A Woman After God's Own Heart(r) Growth and Study Guide (Paperback)", "tags": "", "relevancy_score": 0.0, "price": "$11.19"}, {"title": "Epistles : Biblestudy Crosswords (Paperback)", "tags": "", "relevancy_score": 0.0, "price": "$12.64"}, {"title": "A Skeptic's Guide to Faith : What It Takes to Make the Leap (Paperback)", "tags": "Spiritual Growth Family Adult Non-Fiction Top 100 Success Motivational & Inspirational Self-Help Books Counseling Recovery Spirituality Women's Issues", "relevancy_score": 0.0, "price": "$13.93"}, {"title": "True Blue K-9 Unit: Brooklyn, 4: Explosive Situation (Paperback)", "tags": "Harlequin Thriller Romance Collections & Anthologies Contemporary Books Police Procedural Suspense Clean Wholesome", "relevancy_score": 5.087354838709677, "price": "$8.06"}, {"title": "Majestic Rainbow Bible Tabs (Other)", "tags": "Spiritual Growth Evangelism New King James Version International Children General Reference Books Living Translation", "relevancy_score": 40.224923076923076, "price": "$4.99"}, {"title": "Season of Love: A 2-In-1 Collection (Paperback)", "tags": "Chapter Books for Kids Workplace Culture Toys, Dolls & Puppet Kids' Leadership in Business Science Technology Education Out-of-Body Experience Child Adolescent Psychotherapy", "relevancy_score": 0.0, "price": "$9.98"}, {"title": "100 Days to Brave: Devotions for Unlocking Your Most Courageous Self (Hardcover)", "tags": "General Spiritual Growth Adult Non-Fiction Top 100 Bible Study Guides Spirituality Personal Women's Issues", "relevancy_score": 10.16925, "price": "$14.66"}, {"title": "International Children's Bible: Big Red Cover (Hardcover)", "tags": "Biblical Study Books for Kids TV Drama New King James Version English Standard General Christian Kids' Easter & Lent", "relevancy_score": 4.087354838709677, "price": "$14.67"}, {"title": "Medicine Cards : The Discovery of Power Through the Ways of Animals", "tags": "Tarot Cards & Books New Thought Fortune Telling Medical Atlas Mysticism Gaia Earth Engeries Angels Spirit Guides Celtic Spirituality", "relevancy_score": 60.6186976744186, "price": "$18.99"}, {"title": "The Everyday Life Bible : The Power of God's Word for Everyday Living", "tags": "Spiritual Growth ESP Spiritualism Wisdom Literature Worship & Liturgy Old Testament Personal Women's Issues", "relevancy_score": 32.71232432432432, "price": "$31.41"}, {"title": "Faith for Exiles: 5 Ways for a New Generation to Follow Jesus in Digital Babylon (Hardcover)", "tags": "", "relevancy_score": 0.0, "price": "$9.99"}, {"title": "Butterflies: Made New Large Journal : 2 Cor. 5:17", "tags": "Journals Creativity Self-Help Books Mother's Day Crafts & Hobbies Journaling Reference Prayer Guided New Living Translation", "relevancy_score": 19.518588235294118, "price": "$9.99"}, {"title": "Tactics, 10th Anniversary Edition : A Game Plan for Discussing Your Christian Convictions (Paperback)", "tags": "Spiritual Growth Discipleship Inspirational New International Version Apologetics King James Missions", "relevancy_score": 5.087354838709677, "price": "$11.60"}, {"title": "NIV, Gift Bible, Imitation Leather, Blue, Indexed, Red Letter Edition (Other)", "tags": "Spiritual Growth Evangelism New King James Version Youth Home Schooling Books Coloring Living Translation", "relevancy_score": 5.087354838709677, "price": "$14.43"}, {"title": "Twists and Turns", "tags": "Children's Books Top 100 Christianity for Kids Funny Kids' Bears Easter & Lent Baby - Age 2 Early Readers Christian", "relevancy_score": 0.0, "price": "$19.70"}, {"title": "The Bondage Breaker(r)--The Next Step : *real Stories of Overcoming *satan's Strategies Exposed *insights for Personal Freedom and Growth (Paperback)", "tags": "Fantasy Manga Angelology & Demonology Religion, Science State Men's Issues Bible Study Guides Pentecostal Charismatic Professional Growth Women's", "relevancy_score": 0.0, "price": "$12.66"}, {"title": "Bible Code II : The Countdown", "tags": "Futuristic Men's Issues Ancient Egyptian History Books Bible Study Guides Relationships Eschatology", "relevancy_score": 0.0, "price": "$14.56"}, {"title": "Crystals", "tags": "Tarot Cards & Books Holism Witchcraft Rock Mineral Fortune Telling Spiritual Self-Help Energy Alternative Therapies", "relevancy_score": 0.0, "price": "$18.97"}, {"title": "Daniel Plan: The Daniel Plan Journal (Hardcover)", "tags": "Spiritual Growth Family Adult Non-Fiction Top 100 Success Motivational & Inspirational Self-Help Books Spirituality Healthy Living Women's Issues", "relevancy_score": 10.16925, "price": "$13.35"}, {"title": "Spiritual Warfare for Lost Loved Ones (Paperback)", "tags": "Fantasy Manga Angelology & Demonology Religion, Science State Men's Issues Bible Study Guides Pentecostal Charismatic Professional Growth Women's", "relevancy_score": 0.0, "price": "$8.69"}, {"title": "The Pieces of Summer : Part 4", "tags": "Harlequin Thriller Romance Religious Small Town & Rural Novels Contemporary Suspense Clean Wholesome Books", "relevancy_score": 19.518588235294118, "price": "$9.55"}, {"title": "Tarot Made Simple : The Ultimate Guide to Casting Spreads and Reading the Cards", "tags": "Astrology New Thought Fortune Telling General Self-Help Books Motivational & Inspirational Mysticism Gaia Earth Engeries Angels Spirit Guides", "relevancy_score": 0.0, "price": "$6.99"}, {"title": "Tarot for Beginners : A Complete Guide To Learn Tarot Cards and Meanings, Master Card Reading From ZERO To EXPERT and Become A True Fortune-Teller. (Deck, Simple Spreads, Psychic Reading)", "tags": "Witchcraft Contemporary Fantasy Teen & Young Adult Books Magick Studies Paganism Neo-Paganism Comparative Religion Occultism Mysticism Celtic Spirituality", "relevancy_score": 0.0, "price": "$11.31"}, {"title": "Psychic Witch: A Metaphysical Guide to Meditation, Magick & Manifestation (Paperback)", "tags": "Channeling & Mediumship Palmistry Witchcraft Spiritualism Fortune Telling Magick Studies Energy General Pet Books", "relevancy_score": 0.0, "price": "$16.99"}, {"title": "Niv, Life Application Study Bible, Third Edition, Large Print, Bonded Leather, Black, Red Letter Edition (Hardcover)", "tags": "Evangelism New American Standard Bible Study Guides Multiple Translations International Version King James Personal Growth Women's Issues", "relevancy_score": 13.146181818181816, "price": "$44.75"}, {"title": "The Mentor Leader : Secrets to Building People and Teams That Win Consistently (Paperback)", "tags": "Spiritual Warfare Angelology & Demonology Religion, Science State Bible Study Guides Prophets Pentecostal Charismatic Private Investigator Books Professional Growth", "relevancy_score": 3.0873548387096776, "price": "$14.51"}, {"title": "With God All Things Are Possible Journal: Pink (Hardcover)", "tags": "Journals Creativity Self-Help Books Motivational & Inspirational Journaling Linear Nonlinear Programming Mathematics Bibliographies Indexes Prayer Guided", "relevancy_score": 16.31858823529412, "price": "$9.07"}, {"title": "The Berenstain Bears' Harvest Festival (Paperback)", "tags": "Values & Virtues Christian Kids' Books Bears Business, Careers Occupations Christmas Advent Halloween Thanksgiving Holidays Celebrations All for Kids", "relevancy_score": 18.31858823529412, "price": "$3.99"}, {"title": "God Gave Us You", "tags": "Bedtime & Dreams Christian Kids' Books Relationships Animals Easter Lent Christmas Advent New Baby - Age 2", "relevancy_score": 111.60355555555554, "price": "$5.29"}, {"title": "Sacred Traveler Oracle Cards: A 52-Card Deck and Guidebook (Other)", "tags": "Tarot Cards & Books New Thought Fortune Telling General Self-Help Gaia Earth Engeries Energy Fantasy Teen Young Adult Angels Spirit Guides", "relevancy_score": 10.16925, "price": "$17.07"}, {"title": "Humphrey's First Christmas (Board Book)", "tags": "Bears Kids' Books Rabbits Easter & Lent Halloween Baby - Age 2 Christian Holidays Celebrations All for Kids Health Care Delivery", "relevancy_score": 0.0, "price": "$7.42"}, {"title": "NIV, Value Thinline Bible, Large Print, Imitation Leather, Brown (Hardcover)", "tags": "Evangelism New King James Version English Standard Youth International Coloring Books Living Translation", "relevancy_score": 74.54191304347826, "price": "$12.60"}, {"title": "Amish Seasons, 3: Seeking Refuge (Paperback)", "tags": "Small Town & Rural Novels Romance Collections Anthologies General Books Western Harlequin Contemporary Women Adult Fiction Top 100", "relevancy_score": 0.0, "price": "$4.18"}, {"title": "The Amish Christmas Matchmaker and Amish Christmas Secrets : A 2-In-1 Collection (Paperback)", "tags": "Small Town & Rural Novels Romance Collections Anthologies General Books Western Harlequin Contemporary Women Adult Fiction Top 100", "relevancy_score": 0.0, "price": "$5.24"}, {"title": "Dream Makers : Surround Yourself with the Best to Be Your Best (Paperback)", "tags": "Tarot Cards & Books Witchcraft Adult Non-Fiction Top 100 Success Personal Growth Happiness Women's Issues", "relevancy_score": 0.0, "price": "$16.99"}, {"title": "Saving the Reformation : The Pastoral Theology of the Canons of Dort", "tags": "Personality Psychology Books Pneumatology Faith Theology Pentecostal & Charismatic Prayer Apologetics Systematic", "relevancy_score": 0.0, "price": "$15.84"}, {"title": "NKJV, Gift and Award Bible, Leather-Look, White, Red Letter Edition (Hardcover)", "tags": "Spiritual Growth Christian Standard Bible Evangelism Dating Youth New International Version King James Living Translation", "relevancy_score": 11.346181818181819, "price": "$6.99"}, {"title": "Jesus-Centered Bible NLT, Charcoal", "tags": "Spiritual Growth Weapons in Military History Books Heart New King James Version Other Translations Death & Dying Social Themes Teen Young Adult International", "relevancy_score": 5.087354838709677, "price": "$20.99"}, {"title": "When God Made You (Hardcover)", "tags": "Children's Books Top 100 United States Kids' General Christian Prejudice & Racism Self-Esteem Self-Reliance Girls Women Emotions Feelings", "relevancy_score": 74.40266666666666, "price": "$8.52"}, {"title": "New Morning Mercies: A Daily Gospel Devotional (Hardcover)", "tags": "Spiritual Growth Top 100 Books Devotional Inspirational English Standard Version Spirituality Women's Issues", "relevancy_score": 5.087354838709677, "price": "$10.99"}, {"title": "The NIV, Action Study Bible", "tags": "Spiritual Growth Evangelism New King James Version Youth Home Schooling Books Coloring", "relevancy_score": 0.0, "price": "$9.99"}, {"title": "Experiencing God : Knowing and Doing the Will of God, Revised and Expanded", "tags": "Greek History Books Cultural & Social Anthropology Christology Discipleship Sociology of Religion Medieval Catholic General Family Teen Young Adult", "relevancy_score": 52.42653658536586, "price": "$4.50"}, {"title": "The Warning : Testimonies and Prophecies of the Illumination of Conscience (Paperback)", "tags": "Futuristic Ancient Egyptian History Books Bible Study Guides Relationships Journaling Self-Help Prayer Eschatology", "relevancy_score": 32.71232432432432, "price": "$14.82"}, {"title": "1001 Spells: The Complete Book of Spells for Every Purpose (Hardcover)", "tags": "Tarot Cards & Books Magick Studies Paganism Neo-Paganism Comparative Religion Motivational Inspirational Self-Help Wicca Occultism Folklore Mythology", "relevancy_score": 14.346181818181819, "price": "$15.19"}, {"title": "Giant Print Bible-KJV (Other)(Large Print)", "tags": "Children & Youth New King James Version Inspirational Other Translations International Revised Standard General Reference Books Living Translation", "relevancy_score": 216.6925, "price": "$24.45"}, {"title": "NIV, Thinline Bible, Large Print, Bonded Leather, Black, Indexed, Red Letter Edition (Hardcover)", "tags": "Evangelism New King James Version Language Study Youth International Women's Issues Living Translation", "relevancy_score": 20.31858823529412, "price": "$28.99"}, {"title": "Behold a Pale Horse (Paperback)", "tags": "Strategy in Military History Books Success General Political Process Unexplained Phenomena Science Motivational Business & Money Love Romance", "relevancy_score": 11.518588235294118, "price": "$15.29"}, {"title": "First Christmas: Lift a Flap Pop Up Board Book (Board Book)", "tags": "Harlequin Thriller Romance Christianity Books for Kids Bears Kids' Baby - Age 2 Suspense Clean & Wholesome", "relevancy_score": 0.0, "price": "$8.99"}, {"title": "KJV Holy Bible, Mini Pocket Black Faux Leather Bible, Red Letter Edition, King James Version", "tags": "", "relevancy_score": 13.146181818181816, "price": "$10.99"}, {"title": "Jesus Calling - Deluxe Edition Pink Cover : Enjoying Peace in His Presence", "tags": "Spiritual Growth Adult Non-Fiction Top 100 Inspirational Mother's Day Gift Guide Books General Christian Kids' Christmas & Advent Meditations", "relevancy_score": 265.75223529411767, "price": "$11.99"}, {"title": "... Bible: The Chakra Bible (Paperback)", "tags": "Channeling & Mediumship Astrology Spiritualism Prayer Spiritual Fortune Telling Self-Help Books Crystals Near-Death Experience", "relevancy_score": 5.087354838709677, "price": "$13.49"}, {"title": "NIV, Holy Bible, Soft Touch Edition, Imitation Leather, Black, Comfort Print (Other)", "tags": "Spiritual Growth Children & Youth New King James Version English Standard International Living Translation", "relevancy_score": 17.518588235294118, "price": "$5.00"}, {"title": "Aviator Leather-Look Brown Extra Large Book and Bible Cover", "tags": "Spiritual Growth Evangelism New King James Version Inspirational International Children General Reference Books", "relevancy_score": 34.97010526315789, "price": "$17.73"}, {"title": "The Make of a Woman (Paperback)", "tags": "Spiritual Warfare Growth Religion, Science & State Men's Issues Bible Study Guides Motivational Inspirational Self-Help Books New International Version Personal", "relevancy_score": 0.0, "price": "$14.95"}, {"title": "The Bible Tells Me So (Paperback)", "tags": "Evangelism New American Standard Bible Study Guides Multiple Translations International Version King James Personal Growth Women's Issues", "relevancy_score": 14.346181818181819, "price": "$7.35"}, {"title": "Friends, Partners, and Lovers: What It Takes to Make Your Marriage Work (Paperback)", "tags": "Family Michelin Travel Books, Maps & Guides Devotional Relationships Dating Marriage Long-Term Prayer Love Romance", "relevancy_score": 4.087354838709677, "price": "$6.75"}, {"title": "My First I Can Read/Beginners Bible - Level Pre1: Barnabas Goes Swimming (Paperback)", "tags": "Classic Kids' Books Children's Top 100 Read Across America Baby - Age 2 Early Readers Christian Percy Jackson Dr. Seuss", "relevancy_score": 0.0, "price": "$0.99"}, {"title": "The Magic of Tarot : Includes a full deck of 78 specially commissioned tarot cards and a 64-page illustrated book", "tags": "Astrology Prayer & Spiritual Fortune Telling General Self-Help Books Motivational Inspirational Popular Culture Antiques Collectibles Mysticism Angels Spirit Guides", "relevancy_score": 5.087354838709677, "price": "$47.29"}, {"title": "Adult Coloring Book: Stress Relieving Designs Animals, Mandalas, Flowers, Paisley Patterns And So Much More (Paperback)", "tags": "Kid Art Easels & Stations Craft Kits Play Dough Magna Doodle Etch-A-Sketch Glue for Slime Toys Kids 5 to 7 Years Children's Paint and Supplies", "relevancy_score": 29.25133333333333, "price": "$10.51"}, {"title": "Catholic Prayer Book for Children (Paperback)", "tags": "Biblical Study Books for Kids Christianity Funny Kids' Bears Easter & Lent Baby - Age 2 Early Readers Christian", "relevancy_score": 0.0, "price": "$4.95"}, {"title": "Joy Journal", "tags": "Journals Creativity Self-Help Books Mother's Day Crafts & Hobbies Journaling Reference Bibliographies Indexes Prayer Guided", "relevancy_score": 16.31858823529412, "price": "$4.99"}, {"title": "Thoth Tarot Deck Large (Other)", "tags": "Shop Toys by Price Classic Games Family All Board Party for Kids 5 to 7 Years Adult", "relevancy_score": 51.17371428571429, "price": "$16.49"}, {"title": "The Other Half of Church : Christian Community, Brain Science, and Overcoming Spiritual Stagnation (Paperback)", "tags": "Great Britain Travel Books Germany Michelin Books, Maps & Guides Evangelism Faith Road Atlases Pastoral Resources Apologetics", "relevancy_score": 0.0, "price": "$11.37"}, {"title": "The Ruthless Elimination of Hurry : How to Stay Emotionally Healthy and Spiritually Alive in the Chaos of the Modern World (Hardcover)", "tags": "Outdoor Skills Books Afterlife & Reincarnation Survival Emergency Preparedness Reference Nature Astrophysics Sports, Outdoors DIY The Message Sign Language", "relevancy_score": 10.16925, "price": "$11.08"}, {"title": "Keepers of the Light Oracle Cards (Other)", "tags": "Topps Card Games Pokemon TCG Booster Box All Trading Cards", "relevancy_score": 35.512324324324325, "price": "$17.71"}, {"title": "The Christmas Table (Hardcover)", "tags": "Harlequin Western Hallmark Books Romance Collections & Anthologies Contemporary Romantic Comedy Classic Allegory Holiday Clean Wholesome", "relevancy_score": 0.0, "price": "$15.02"}, {"title": "Unshakable Hope : Building Our Lives on the Promises of God (Hardcover)", "tags": "Emotions Self-Help Books Adult Non-Fiction Top 100 Faith Bible Study Guides Depression Anxieties & Phobias Motivational Inspirational Spirituality", "relevancy_score": 5.087354838709677, "price": "$17.55"}, {"title": "Before You Say \"I Do\"\u00ae : A Marriage Preparation Guide for Couples", "tags": "Adult Non-Fiction Top 100 Film Kids' Books Devotional Read Across America Dinosaurs & Prehistoric Creatures Love Romance Dr. Seuss", "relevancy_score": 0.0, "price": "$12.09"}, {"title": "Chakra Healing: A Beginner's Guide to Self-Healing Techniques That Balance the Chakras (Paperback)", "tags": "Channeling & Mediumship Astrology Spiritualism Crystals Poetry for Kids Energy Numerology Near-Death Experience", "relevancy_score": 10.16925, "price": "$10.63"}, {"title": "Catholic Bible-RSV-Compact Zipper (Hardcover)", "tags": "New American Bible Catechisms Other Translations Literary Collections - Diaries & Journals Catholic Worship Liturgy King James Version Living Translation", "relevancy_score": 23.386857142857142, "price": "$19.79"}, {"title": "Taming the Wolf : Peace through Faith (Paperback)", "tags": "Values & Virtues Teen Young Adult Books General Practice Law Diplomacy in International Relations Alternative Dispute Resolution Trial Elder Abuse Civil Procedure Negotiation", "relevancy_score": 0.0, "price": "$36.00"}, {"title": "Uncharted: Uncharted Journey (Series #6) (Paperback)", "tags": "", "relevancy_score": 0.0, "price": "$15.15"}, {"title": "KJV, Holy Bible, Larger Print, Paperback (Paperback)", "tags": "Spiritual Growth Children & Youth Evangelism New King James Version Inspirational English Standard International Living Translation", "relevancy_score": 44.724923076923076, "price": "$5.99"}, {"title": "MacArthur Bible Studies: Romans : Grace, Truth, and Redemption (Paperback)", "tags": "Spiritual Warfare Angelology & Demonology Religion, Science State Men's Issues Prophets Pentecostal Charismatic Professional Growth Women's", "relevancy_score": 0.0, "price": "$9.97"}, {"title": "Bible Verse Coloring Book For Kids: A Christian Coloring Book: Inspirational Bible Verse Quotes to Doodle and Colour: Motivational Activity Books for Kids, Boys, Girls, Teens & Adult (Paperback)", "tags": "Journals Children & Youth Biblical Study Books for Kids God's Word Bible Guides Legal Dictionaries Terminology Celtic Spirituality", "relevancy_score": 0.0, "price": "$9.33"}, {"title": "Inspirational Coloring Books New Version: Bible Coloring Book: Inspirational Bible Verse Quotes Coloring Book For Adult (Paperback)", "tags": "God's Word Religious Art Books Ecclesiology Youth Legal Dictionaries & Terminology Pentecostal Charismatic Old Testament Clergy", "relevancy_score": 0.0, "price": "$9.11"}, {"title": "Let the World See You : How to Be Real in a World Full of Fakes (Hardcover)", "tags": "", "relevancy_score": 0.0, "price": "$19.89"}, {"title": "Praying Women Study Guide : How to Pray When You Don't Know What to Say (Paperback)", "tags": "Evangelism New American Standard Bible Study Guides Multiple Translations International Version King James Personal Growth Women's Issues", "relevancy_score": 0.0, "price": "$9.99"}, {"title": "ESV Kid's Bible, Compact (Trutone, Lion of Judah) (Other)", "tags": "Historical Geography Books New American Standard Bible Concordances Language Study International Version King James Living Translation", "relevancy_score": 0.0, "price": "$23.75"}, {"title": "ESV Kid's Bible, Compact (Trutone, Bird of the Air) (Hardcover)", "tags": "Historical Geography Books New American Standard Bible Concordances Language Study International Version King James Living Translation", "relevancy_score": 0.0, "price": "$16.20"}, {"title": "I Am Prophecy (Hardcover)", "tags": "", "relevancy_score": 0.0, "price": "$24.04"}, {"title": "When the Rain Speaks : Celebrating God's Presence in Nature (Paperback)", "tags": "", "relevancy_score": 0.0, "price": "$13.68"}, {"title": "As Silver Refined - eBook", "tags": "Spiritual Warfare Angelology & Demonology Religion, Science State Men's Issues Prophets Pentecostal Charismatic Professional Growth Women's", "relevancy_score": 35.770105263157895, "price": "$15.14"}, {"title": "Berenstain Bears Living Lights 8x8: The Berenstain Bears and a Job Well Done (Paperback)", "tags": "Values & Virtues Christian Kids' Books General Coming of Age Family Concept Business, Careers Occupations All Halloween for Kids Early Readers Bullying", "relevancy_score": 4.087354838709677, "price": "$3.99"}, {"title": "Unshakeable Trust : Find the Joy of Trusting God at All Times, in All Things", "tags": "Family Kayaking Books Prayer & Spiritual Bible Study Guides Child Abuse Polish Cookbooks Happiness Guide", "relevancy_score": 5.087354838709677, "price": "$6.49"}, {"title": "Rockpool Oracle Cards: Queen of the Moon Oracle: Guidance Through Lunar and Seasonal Energies (Other)", "tags": "Tarot Cards & Books Ancient Mysteries Controversial Knowledge Astrology New Thought Fortune Telling Crystals Mysticism Angels Spirit Guides", "relevancy_score": 28.651333333333337, "price": "$19.50"}, {"title": "Jesus Calling: 365 Devotions For Kids", "tags": "Family Christianity Books for Kids Mother's Day Gift Guide Roald Dahl Christmas & Advent Meditations International Children's Bible", "relevancy_score": 58.37371428571428, "price": "$6.94"}, {"title": "KJV, Deluxe Gift Bible, Imitation Leather, Pink, Red Letter Edition (Hardcover)", "tags": "Spiritual Growth Children & Youth Evangelism New King James Version Inspirational International Living Translation", "relevancy_score": 31.31232432432433, "price": "$7.98"}, {"title": "The Modern Witch Tarot Deck (Other)", "tags": "Astrology New Thought Prayer & Spiritual Fortune Telling European Art Books Motivational Inspirational Self-Help Mysticism Angels Spirit Guides", "relevancy_score": 17.518588235294118, "price": "$22.05"}, {"title": "Green Witchcraft: The Green Witch Tarot (Other)", "tags": "Witchcraft New Thought Fortune Telling Motivational & Inspirational Self-Help Books Toys, Dolls Puppet Kids' Mysticism Angels Spirit Guides Israel Travel Books, Maps", "relevancy_score": 10.16925, "price": "$23.04"}, {"title": "Friends Tarot Cards", "tags": "Astrology New Thought Fortune Telling General Self-Help Books Motivational & Inspirational Mysticism Gaia Earth Engeries Angels Spirit Guides", "relevancy_score": 0.0, "price": "$18.62"}, {"title": "The Witch's Herbal Apothecary : Rituals & Recipes for a Year of Earth Magick and Sacred Medicine Making", "tags": "Magick Studies Paganism & Neo-Paganism Comparative Religion Motivational Inspirational Self-Help Books Herbal Medications Wicca Occultism Folklore Mythology", "relevancy_score": 5.087354838709677, "price": "$21.05"}, {"title": "Be Free (Galatians) : Exchange Legalism for True Spirituality", "tags": "", "relevancy_score": 0.0, "price": "$14.99"}, {"title": "The Book of Signs (Hardcover)", "tags": "Spiritual Warfare Paul's Letters Bible Study Guides Theology Pentecostal & Charismatic Old Testament Sign Language Books Eschatology", "relevancy_score": 28.651333333333337, "price": "$22.21"}, {"title": "Grace Upon Grace Journal Wireb", "tags": "Journals Bible Study Guides Devotional Contemporary Women Novels Meditations Prayer Guided Spirituality", "relevancy_score": 19.518588235294118, "price": "$9.99"}, {"title": "NIV Life Application Study Bible, Third Edition, Personal Size (Softcover) (Paperback)", "tags": "Spiritual Growth Evangelism New King James Version Youth Home Schooling Books Coloring Living Translation", "relevancy_score": 0.0, "price": "$25.16"}, {"title": "The Enchanted Map Oracle Cards", "tags": "Tarot Cards & Books Astrology Fortune Telling Gaia Earth Engeries Energy General Fantasy Teen Young Adult Angels Spirit Guides Spirituality", "relevancy_score": 30.451333333333334, "price": "$16.84"}, {"title": "Jesus Calling(r): Jesus Calling: 365 Devotions for Kids (Hardcover)", "tags": "Biblical Study Books for Kids Music Kids' General Religion Christian Religious Reference Devotional Prayer Teen & Young Adult", "relevancy_score": 0.0, "price": "$14.06"}, {"title": "Berenstain Bears/Living Lights: A Faith Story: The Berenstain Bears Classic Collection (Paperback)", "tags": "Classic Kids' Books Read Across America General Family Concept Christian Beginner Reading Early Readers Dr. Seuss", "relevancy_score": 12.246181818181817, "price": "$21.73"}, {"title": "Gift and Award Bible-ESV (Other)", "tags": "Children & Youth Historical Geography Books Evangelism New American Standard Bible International Version King James Living Translation", "relevancy_score": 40.57010526315789, "price": "$7.14"}, {"title": "ESV Economy Bible", "tags": "Spiritual Growth Evangelism New American Standard Bible King James Version Youth International Living Translation", "relevancy_score": 0.0, "price": "$2.99"}, {"title": "Jesus Calling: Enjoying Peace in His Presence", "tags": "Spiritual Growth Adult Non-Fiction Top 100 Devotional Mother's Day Gift Guide Books General Christian Kids' Christmas & Advent Meditations", "relevancy_score": 84.65004081632654, "price": "$12.35"}, {"title": "Oracle of the Mermaids", "tags": "Astrology New Thought Fortune Telling General Self-Help Books Motivational & Inspirational Mysticism Gaia Earth Engeries Angels Spirit Guides", "relevancy_score": 5.087354838709677, "price": "$18.88"}, {"title": "The Chance : A Novel", "tags": "Amish & Mennonite Novels Hallmark Books Religious Mid Atlantic States Cookbooks Beach Reads Family Christian Kids' Suspense Clean Wholesome Romance", "relevancy_score": 52.37371428571428, "price": "$4.99"}, {"title": "Jnl LL I Know the Plans (Paperback)", "tags": "Journals Spiritual Growth Journaling Self-Help Books Bibliographies & Indexes New International Version Love Romance Guided King James", "relevancy_score": 0.0, "price": "$10.99"}, {"title": "Niv, Artisan Collection Bible, Cloth Over Board, Pink Floral, Designed Edges Under Gilding, Red Letter Edition, Comfort Print (Hardcover)", "tags": "Spiritual Growth Inspirational Christian Teen & Young Adult Books Evangelism Pigs Kids' Journaling Self-Help Literary Collections - Diaries Journals Journal Writing King James Version", "relevancy_score": 5.087354838709677, "price": "$33.86"}, {"title": "Chasing Vines Group Experience : Finding Your Way to an Immensely Fruitful Life (Paperback)", "tags": "Evangelism New American Standard Bible Study Guides Multiple Translations International Version King James Personal Growth Women's Issues", "relevancy_score": 5.087354838709677, "price": "$10.89"}, {"title": "KJV Cross Reference Study Bible Compact [Peony Blossoms]", "tags": "Children & Youth Bible Study Guides Concordances Dictionaries Encyclopedias New King James Version Inspirational International Living Translation", "relevancy_score": 10.16925, "price": "$19.79"}, {"title": "Angels and Ancestors Oracle Cards : A 55-Card Deck and Guidebook", "tags": "Tarot Cards & Books Astrology New Thought Fortune Telling General Self-Help Gaia Earth Engeries Fantasy Teen Young Adult Spirituality", "relevancy_score": 5.087354838709677, "price": "$19.79"}, {"title": "Archetype Cards", "tags": "Tarot Cards & Books Fortune Telling Conspiracy Theory Motivational Inspirational Self-Help Gaia Earth Engeries General Fantasy Teen Young Adult Angels Spirit Guides", "relevancy_score": 3.0873548387096776, "price": "$19.18"}, {"title": "The Truth about Us : The Very Good News about How Very Bad We Are (Paperback)", "tags": "Evangelism New American Standard Bible Study Guides Multiple Translations International Version King James Personal Growth Women's Issues", "relevancy_score": 5.087354838709677, "price": "$14.51"}, {"title": "Tarot of Sexual Magic (Other)", "tags": "Astrology New Thought Fortune Telling General Self-Help Books Motivational & Inspirational Mysticism Fantasy Teen Young Adult Angels Spirit Guides", "relevancy_score": 10.16925, "price": "$18.55"}, {"title": "Santa Biblia NTV, Edici\u00f3n compacta letra grande, DuoTono (Letra Roja, SentiPiel, Negro/\u00d3nice)", "tags": "", "relevancy_score": 0.0, "price": "$29.09"}, {"title": "En busca de Dios : El gozo de un avivamiento en la relaci\u00f3n personal con Dios", "tags": "", "relevancy_score": 0.0, "price": "$13.49"}, {"title": "The Wild Offering Oracle : A 52-Card Deck on Giving It All to God", "tags": "Tarot Cards & Books Astrology New Thought Fortune Telling Herbs General Fantasy Teen Young Adult Angels Spirit Guides Methodist", "relevancy_score": 5.087354838709677, "price": "$17.41"}, {"title": "Woman Thou Art Loosed-NKJV (Hardcover)", "tags": "Spiritual Growth History & Culture Inspirational New International Version King James Women's Issues Coloring Books Living Translation", "relevancy_score": 30.451333333333334, "price": "$27.35"}, {"title": "Healing the Soul of a Woman Devotional : 90 Inspirations for Overcoming Your Emotional Wounds (Hardcover)", "tags": "", "relevancy_score": 0.0, "price": "$15.26"}, {"title": "All Things Are Working for Your Good", "tags": "", "relevancy_score": 5.087354838709677, "price": "$6.25"}, {"title": "Professional Spiritual & Pastoral Care : A Practical Clergy and Chaplain's Handbook", "tags": "Fantasy Manga Theology Preaching Counseling Administration & Recovery Leadership Professional Growth", "relevancy_score": 0.0, "price": "$45.48"}, {"title": "Body Cards : Insight from the Body, Wisdom for the Soul", "tags": "Tarot Cards & Books Astrology Spiritualism Prayer Spiritual Fortune Telling Crystals Color Theory Art Alternative Therapies", "relevancy_score": 0.0, "price": "$29.31"}, {"title": "La gu\u00eda completa de la Biblia : Una referencia ilustrada y f\u00e1cil de seguir que abarca tanto el Antiguo como el Nuevo Testamento", "tags": "", "relevancy_score": 0.0, "price": "$15.99"}, {"title": "Day by Day with St. Francis (Hardcover)", "tags": "New American Bible Devotional Inspirational Worship & Liturgy Meditations Prayer Sacraments Revised Standard Version", "relevancy_score": 0.0, "price": "$24.78"}, {"title": "NKJV, Value Thinline Bible, Large Print, Imitation Leather, Black, Red Letter Edition (Hardcover)", "tags": "Spiritual Growth Children & Youth History Culture Evangelism Inspirational New International Version King James Living Translation", "relevancy_score": 37.52492307692307, "price": "$16.49"}, {"title": "Prophetic Words for 2020", "tags": "Futuristic Men's Issues Ancient Egyptian History Books Bible Study Guides Relationships Eschatology", "relevancy_score": 0.0, "price": "$14.67"}, {"title": "Color the Bible(r): Color the Words of Jesus: An Adult Coloring Book for Your Soul (Paperback)", "tags": "", "relevancy_score": 4.087354838709677, "price": "$9.99"}, {"title": "KJV Life Application Study Bible, Second Edition, TuTone (Red Letter, LeatherLike, Dark Brown/Pink, Indexed)", "tags": "Spiritual Growth Children & Youth Evangelism New King James Version Inspirational International Living Translation", "relevancy_score": 0.0, "price": "$82.18"}, {"title": "KJV, Reference Bible, Personal Size Giant Print, Leather-Look, Black, Red Letter Edition (Paperback)(Large Print)", "tags": "", "relevancy_score": 0.0, "price": "$15.25"}, {"title": "Wake Up To Your True Identity: A Guided Personal Development Journal For Young Black Men (Hardcover)", "tags": "Spiritual Growth Family Motivational & Inspirational Self-Help Books General Animal Kids' Journaling African American Studies Hoaxes Deceptions True Crime Women's Issues", "relevancy_score": 0.0, "price": "$38.30"}, {"title": "Verses That Stick: 101 Verses That Stick for Teens: NIV Teen Study Bible (Other)", "tags": "Spiritual Growth Evangelism New King James Version Youth Home Schooling Books Coloring Living Translation", "relevancy_score": 0.0, "price": "$2.49"}, {"title": "Waterproof Bible-KJV-Tree Bark", "tags": "Spiritual Growth Children & Youth Evangelism New King James Version Inspirational International Living Translation", "relevancy_score": 0.0, "price": "$44.26"}, {"title": "Fire Bible : English Standard Version", "tags": "Historical Geography Books New American Standard Bible Concordances Language Study Other Translations International Version King James", "relevancy_score": 0.0, "price": "$45.38"}, {"title": "Peace in the Storms of Life : Devotional Encouragement for Women", "tags": "", "relevancy_score": 5.087354838709677, "price": "$10.87"}, {"title": "Cul-de-Sac Kids: Cul-De-Sac Kids Collection Two: Books 7-12 (Paperback)", "tags": "Social Issues Christian Kids' Books Values & Virtues General Funny Action Adventure Dog Man Summer Reading Chapter", "relevancy_score": 0.0, "price": "$11.39"}, {"title": "Lord, Teach Me to Pray in 28 Days (Paperback)", "tags": "Spiritual Warfare Quilts & Quilting Crafts Hobbies Books Family Men's Issues Bible Study Guides General Self-Help Love Marriage Women's", "relevancy_score": 0.0, "price": "$13.35"}, {"title": "Nrsv, Catholic Bible, Standard Personal Size, Leathersoft, Brown, Comfort Print : Holy Bible (Hardcover)", "tags": "", "relevancy_score": 0.0, "price": "$33.81"}, {"title": "The Exemplary Husband (Paperback)", "tags": "Spiritual Warfare Angelology & Demonology Religion, Science State Bible Study Guides Prophets Pentecostal Charismatic Professional Growth Love Marriage", "relevancy_score": 5.087354838709677, "price": "$14.06"}, {"title": "Stones of Remembrance : Healing Scriptures for Your Mind, Body, and Soul", "tags": "Weapons in Military History Books Mental Health Kabbalah & Mysticism Heart Dreams Self-Help Death Dying Codependency New Living Translation", "relevancy_score": 0.0, "price": "$3.90"}, {"title": "Jesus the Jewish Theologian (Paperback)", "tags": "Christology Discipleship Evangelism Faith Pastoral Resources Genetics & Genomics Life Science Books Apologetics Spirituality", "relevancy_score": 4.087354838709677, "price": "$23.06"}, {"title": "The Furious Longing of God", "tags": "Evangelism New American Standard Bible Study Guides Multiple Translations International Version King James Personal Growth Women's Issues", "relevancy_score": 19.386857142857142, "price": "$14.51"}, {"title": "Dignity and Destiny : Humanity in the Image of God (Paperback)", "tags": "Ancient Egyptian History Books Free Will & Determinism Philosophy Sociology of Religion Prophecy Theology Worship Liturgy Systematic", "relevancy_score": 0.0, "price": "$28.50"}, {"title": "Spirit of the Western Way", "tags": "ESP Afterlife & Reincarnation Spiritualism Literary Collections - General Messianic Judaism Special Appliance Cookbooks Angels Spirit Guides Pet Books", "relevancy_score": 0.0, "price": "$16.95"}, {"title": "The Money Bible (Paperback)", "tags": "Family Soteriology Christology Literature & The Arts Death, Grief Bereavement Religion Science Mysticism Apologetics", "relevancy_score": 0.0, "price": "$27.08"}, {"title": "Courage for the Unknown Season : Navigating What's Next with Confidence and Hope (Paperback)", "tags": "Evangelism New American Standard Bible Study Guides Multiple Translations International Version King James Personal Growth Women's Issues", "relevancy_score": 5.087354838709677, "price": "$15.99"}, {"title": "Undeniably Yours (Paperback)", "tags": "Amish & Mennonite Novels Hallmark Books Religious Suspense Romance Harlequin Contemporary Clean Wholesome", "relevancy_score": 52.42653658536586, "price": "$16.00"}, {"title": "Being Lutheran (Paperback)", "tags": "Children's Health Managerial Accounting Books General Finance Corporate Religious Comic & Graphic Novels Harvard Business Review Autism Spectrum Disorders Psychopathology Developmental Intellectual Disability Special Education", "relevancy_score": 5.087354838709677, "price": "$17.17"}, {"title": "Menopause Ain't No Joke: Blending Faith and Humor in Perfectly Imperfect Situations (Paperback)", "tags": "", "relevancy_score": 0.0, "price": "$15.58"}, {"title": "4th Dimensional Living in a 3 Dimensional World (Paperback)", "tags": "Fantasy Manga Angelology & Demonology Religion, Science State Men's Issues Bible Study Guides Pentecostal Charismatic Professional Growth Women's", "relevancy_score": 5.087354838709677, "price": "$11.61"}, {"title": "If: Trading Your If Only Regrets for God's What If Possibilities (Paperback)", "tags": "", "relevancy_score": 0.0, "price": "$7.19"}, {"title": "Secrets of the Vine Bible Study : Breaking Through to Abundance", "tags": "", "relevancy_score": 0.0, "price": "$7.99"}, {"title": "This Little Light of Mine (Hardcover)", "tags": "Relationships Dating Interpersonal Relations Psychology Books Marriage & Long-Term Prayer Personal Growth Love Women's Issues", "relevancy_score": 0.0, "price": "$12.35"}, {"title": "Wicca: Wicca Herbal Magic : The Ultimate Encyclopedia on Wiccan Herbal Magic. A Practical Guide on Traditions, Beliefs and Secrets About Plants, Oils and Herbs for Witchcraft Rituals, Spells and Magic (Series #2) (Paperback)", "tags": "Witchcraft Contemporary Fantasy Teen & Young Adult Books Magick Studies Paganism Neo-Paganism Comparative Religion Occultism Mysticism Celtic Spirituality", "relevancy_score": 0.0, "price": "$15.38"}, {"title": "American Monsters : A History of Monster Lore, Legends, and Sightings in America", "tags": "Ancient Mysteries & Controversial Knowledge Afterlife Reincarnation Northeast United States Travel Books, Maps Guides Calvinist Death, Grief Bereavement Metaphysics Philosophy Books Curiosities Wonders Near-Death Experience", "relevancy_score": 3.0873548387096776, "price": "$15.10"}, {"title": "The Baptism of General Butt Naked, Africa's Notorious Warlord : and Other Incredible Stories from the Life of an Australian Faith-Based Missionary Evangelist (Paperback)", "tags": "", "relevancy_score": 0.0, "price": "$14.97"}, {"title": "Dark Wood Tarot (Other)", "tags": "Astrology New Thought Fortune Telling General Self-Help Books Motivational & Inspirational Mysticism Gaia Earth Engeries Angels Spirit Guides", "relevancy_score": 0.0, "price": "$28.79"}, {"title": "Creative Haven Coloring Books: Adult Coloring Book Creative Haven Magical Fairies Coloring Book (Paperback)", "tags": "Plants & Animals Art Books Fantasy Comic Graphic Novels General Horror Papercrafts Crafts Hobbies Drawing Fashion Accessories Design", "relevancy_score": 58.37371428571428, "price": "$5.99"}, {"title": "Modern-Day Witch: The Good Witch's Guide, Volume 2 (Hardcover)", "tags": "Humor Novels Magick Studies Comparative Religion Wicca Herbs General Fantasy Books Occultism Women's History Month Nonfiction", "relevancy_score": 5.087354838709677, "price": "$14.95"}, {"title": "Cosmic Tarot: 78-Card Deck (Other)", "tags": "Tarot Cards & Books Astrology New Thought Fortune Telling Anxieties Phobias Self-Help Motivational Inspirational Mysticism Angels Spirit Guides", "relevancy_score": 50.22653658536586, "price": "$15.32"}, {"title": "The Crystal Power Tarot : Includes a full deck of 78 specially commissioned tarot cards and a 64-page illustrated book", "tags": "Astrology New Thought Fortune Telling General Self-Help Books Motivational & Inspirational Crystals Mysticism Angels Spirit Guides", "relevancy_score": 14.318588235294119, "price": "$15.56"}, {"title": "Celebrate Recovery: Celebrate Recovery Study Bible-NIV (Paperback)", "tags": "Spiritual Growth Drugs Substance Abuse & Addictions Self-Help Books Alcohol Evangelism General Youth Twelve-Step Programs New Living Translation", "relevancy_score": 0.0, "price": "$15.65"}, {"title": "Case for ...: The Case for Christ (Paperback)", "tags": "Christianity Books for Kids Evangelism New International Version Counseling & Recovery Apologetics King James Personal Growth Women's Issues", "relevancy_score": 152.77966666666669, "price": "$8.99"}, {"title": "4' x 30' Holiday Wallpaper Wall Backdrop Scene Setter Decal Halloween Decoration", "tags": "Customs & Traditions Books Animals Christian Kids' Devotional Christmas Advent Religious Art Holidays Celebrations Seasonal Crafts Hobbies General", "relevancy_score": 0.0, "price": "$15.93"}, {"title": "365 Bible Stories and Prayers: Biblical Readings to Share All Through the Year (Hardcover)", "tags": "Bedtime & Dreams Christian Kids' Books Children's Top 100 Nursery Rhymes General Fairy Tales Folklore Baby - Age 2 Beginner Reading", "relevancy_score": 10.16925, "price": "$11.69"}, {"title": "Deep Blue Books of the Bible List Bookmark (Pkg of 25)", "tags": "", "relevancy_score": 0.0, "price": "$4.20"}, {"title": "21 Days of Breakthrough Prayer : The Power of Agreement", "tags": "Spiritual Warfare Family Soteriology Men's Issues Bible Study Guides Self-Help Books Love & Marriage Women's", "relevancy_score": 0.0, "price": "$5.26"}, {"title": "Creative Haven Coloring Books: Creative Haven Dream Horses Coloring Book (Paperback)", "tags": "Kid Art Easels & Stations Craft Kits Play Dough Magna Doodle Etch-A-Sketch Glue for Slime Toys Kids 5 to 7 Years Children's Paint and Supplies", "relevancy_score": 5.087354838709677, "price": "$5.99"}, {"title": "Niv, Gift and Award Bible, Leather-Look, Pink, Red Letter Edition, Comfort Print (Paperback)", "tags": "Spiritual Growth Evangelism New King James Version Youth Children Living Translation", "relevancy_score": 21.386857142857142, "price": "$8.80"}, {"title": "Premium Value Slimline Bible Large Print NLT (Softcover)", "tags": "Spiritual Growth Children & Youth Evangelism New King James Version English Standard International General Reference Books", "relevancy_score": 18.31858823529412, "price": "$10.33"}, {"title": "The Rational Bible: Genesis", "tags": "Theosophy Adult Non-Fiction Top 100 Men's Issues Bible Study Guides Wisdom Literature Reference Apologetics", "relevancy_score": 10.16925, "price": "$25.00"}, {"title": "He's Lying Sis: He's Lying Sis : Uncover the Truth Behind His Words and Actions, Volume 1 (Series #1) (Paperback)", "tags": "", "relevancy_score": 0.0, "price": "$15.89"}, {"title": "Surprised by Joy: The Shape of My Early Life (Paperback)", "tags": "Religious Biographies & Memoirs English, Irish, Scottish Welsh Literary Criticism Books Death, Grief Bereavement Art Reference Apologetics Spirituality Celtic", "relevancy_score": 101.2309090909091, "price": "$11.69"}, {"title": "2021 Saints Calendar & Planner : Spiral Bound", "tags": "New American Bible Devotional Inspirational Worship & Liturgy Meditations Prayer Sacraments Revised Standard Version", "relevancy_score": 5.087354838709677, "price": "$15.26"}, {"title": "Rare, Medium, or Done Well : Make the Most of Your Life", "tags": "", "relevancy_score": 0.0, "price": "$10.99"}, {"title": "NIV, the Woman's Study Bible, Hardcover, Full-Color: Receiving God's Truth for Balance, Hope, and Transformation (Hardcover)", "tags": "Spiritual Growth New King James Version Journaling Self-Help Books Literary Collections - Diaries & Journals Women's Issues Coloring Living Translation", "relevancy_score": 25.651333333333337, "price": "$28.99"}, {"title": "New Testament (Large Print) : King James Version (Paperback)", "tags": "", "relevancy_score": 5.087354838709677, "price": "$19.95"}, {"title": "Tarot of the Divine : A Deck and Guidebook Inspired by Deities, Folklore, and Fairy Tales from Around the World", "tags": "Astrology New Thought Fortune Telling General Self-Help Books Motivational & Inspirational Mysticism Gaia Earth Engeries Angels Spirit Guides", "relevancy_score": 5.087354838709677, "price": "$17.99"}, {"title": "Devocional el campo de batalla de la mente : 100 consejos que cambiar\u00e1n su manera de pensar", "tags": "", "relevancy_score": 0.0, "price": "$5.99"}, {"title": "NKJV, Deluxe Reference Bible, Super Giant Print, Imitation Leather, Blue, Red Letter Edition, Comfort Print (Other)(Large Print)", "tags": "Spiritual Growth History & Culture Inspirational Pentecostal Charismatic New International Version King James Coloring Books Living Translation", "relevancy_score": 15.518588235294118, "price": "$31.99"}, {"title": "Faith, Family & the Feast: Recipes to Feed Your Crew from the Grill, Garden, and Iron Skillet (Hardcover)", "tags": "Outdoor Cooking Books Relationships Dating Marriage & Long-Term Prayer Personal Growth Love Women's Issues", "relevancy_score": 15.246181818181817, "price": "$17.12"}, {"title": "KJV Kids Outreach Bible", "tags": "Children & Youth Biblical Study Books for Kids English Standard Version New International Beginner Reading Kids'", "relevancy_score": 1.0873548387096774, "price": "$3.95"}, {"title": "Cozy White Cottage : 100 Ways to Love the Feeling of Being Home (Hardcover)", "tags": "Mixed Media Art Books Container House Plants & Indoor Fiber Arts Textiles Crafts Hobbies Design Construction Remodeling Renovation Interior Decorating", "relevancy_score": 19.518588235294118, "price": "$18.54"}, {"title": "Spiral Journal W/ Elastic All Things (Other)", "tags": "", "relevancy_score": 5.087354838709677, "price": "$9.99"}, {"title": "Infiltration (Hardcover)", "tags": "New American Bible Devotional Inspirational Worship & Liturgy Meditations Prayer Sacraments Revised Standard Version", "relevancy_score": 5.087354838709677, "price": "$19.85"}, {"title": "Inspire Catholic Bible NLT Large Print (Leatherlike, Pink Fields with Rose Gold) : The Bible for Coloring & Creative Journaling (Hardcover)", "tags": "", "relevancy_score": 0.0, "price": "$52.47"}]