[{"title": "Chanel : Collections and Creations (Hardcover)", "tags": "Corporate & Business History Books Fashion Teen Young Adult Art Artist Biographies Autobiographies for Kids Photography Cultural Heritage Novels Biographical Decorating Accessories Design", "relevancy_score": 54.4225268292683, "price": "$31.49"}, {"title": "Louis Vuitton: The Birth of Modern Luxury Updated Edition : The Birth of Modern Luxury Updated Edition", "tags": "General Art History Books Fashion Photography Action & Adventure Novels Short Story Western Hockey Romance Decorating", "relevancy_score": 5.062825806451613, "price": "$90.65"}, {"title": "Master Guide to Drawing Anime: The Master Guide to Drawing Anime, Volume 1 (Paperback)", "tags": "Pencil Drawing Books Life General Asian Art Kids' Journal Writing Teen & Young Adult Human Figure", "relevancy_score": 20.229129411764706, "price": "$10.79"}, {"title": "Origami Paper 300 Sheets Japanese Washi Patterns 4\" (10 CM): Tuttle Origami Paper: High-Quality Double-Sided Origami Sheets Printed with 12 Different Designs (Other)", "tags": "Construction Paper Scrapbook All Art Decorative Sketchbooks and Metallic & Foil Scrapbooking Embellishments Kits", "relevancy_score": 11.277054545454547, "price": "$7.99"}, {"title": "Origami Paper 200 Sheets Rainbow Colors 6\" (15 CM): Tuttle Origami Paper: High-Quality Double Sided Origami Sheets Printed with 12 Different Designs (Instructions for 6 Projects Included) (Other)", "tags": "Puzzle Books Mother's Day Crafts & Hobbies General Asian Art Crafts, Activities Kids' for Children Papercrafts About Origami", "relevancy_score": 34.668464864864866, "price": "$7.64"}, {"title": "Tom Ford", "tags": "Fashion & Style Self-Help Books General Art History Mother's Day Crafts Hobbies Criticism Design Individual Artists Decorating Photography Accessories", "relevancy_score": 15.429129411764706, "price": "$106.99"}, {"title": "Hamilton : The Revolution", "tags": "General History Kids' Books Musicals Music Theater & Criticism Literature The Arts Historical Biographies Memoirs Political Printed / Sheet", "relevancy_score": 212.66856, "price": "$31.64"}, {"title": "Adult Color by Numbers: Color By Number Adult Coloring Book: Large Print Coloring Books For Adults (Paperback)(Large Print)", "tags": "Plants & Animals Art Books Puzzle Mindfulness Meditation Cacti Succulent Plant Color Theory Landscape Coloring General Crafts Hobbies", "relevancy_score": 52.93035, "price": "$7.98"}, {"title": "Brain Games Sticker by Number Animals (Other)", "tags": "Kids' Activity Books Puzzle Child Development Crafts, Hobbies & Activities Teen Young Adult General Games Papercrafts Crafts", "relevancy_score": 19.429129411764706, "price": "$9.99"}, {"title": "Level 1 - Lesson Book: Piano Adventures (Paperback)", "tags": "Portable Keyboards Bundles Beginner Pianos Musical Classroom Shop Piano by Size Electronic with Stand Instruments", "relevancy_score": 24.27822857142857, "price": "$7.99"}, {"title": "Rainbow Watercolors Gift Wrapping Papers: 6 Sheets of High-Quality 24 X 18 Inch Wrapping Paper (Paperback)", "tags": "Tissue Paper Blue Gift Wrap Supplies Rainbow Baby Shower Wrapping Father's Day Hanukkah Anniversary", "relevancy_score": 5.062825806451613, "price": "$7.99"}, {"title": "Guitar Chords for Beginners", "tags": "Piano-Vocal-Guitar Printed Music Books Slavery Piano & Keyboard Reference Cartooning Prints Art Guitar Fretted Instrument", "relevancy_score": 3.0628258064516127, "price": "$5.99"}, {"title": "Piano Adventures, Primer Level, Lesson Book", "tags": "Piano & Keyboard Books Musicals, Film TV Printed Music Strings Guitar Appreciation Children's Repertoire General / Sheet", "relevancy_score": 5.062825806451613, "price": "$7.99"}, {"title": "Audubon Engagement Calendar 2021", "tags": "Individual Photographers Books Botany Life Science Agronomy Tree Plant Photography Reference Bird Animal General Forest & Rainforest", "relevancy_score": 0.0, "price": "$14.52"}, {"title": "Fabric for Fashion: The Swatch Book (Hardcover)", "tags": "Direction & Production Film Books Commercial Corporate Graphic Art Stagecraft Scenography General Fashion Crafts Hobbies Video Decorative Arts Accessories Design", "relevancy_score": 0.0, "price": "$72.76"}, {"title": "Fantasy Coloring by Selina: Night Magic - Gothic and Halloween Coloring Book (Series #10) (Paperback)", "tags": "Estimating Construction Books Role Playing & Fantasy Goddess Worship Self-Esteem Self-Reliance Kids' Historical Teen Young Adult Activity Crafts for Children Papercrafts Hobbies", "relevancy_score": 0.0, "price": "$10.36"}, {"title": "ABC: Golden Girls Cookbook : More Than 90 Delectable Recipes from Blanche, Rose, Dorothy, and Sophia (Hardcover)", "tags": "Mother's Day Cookbooks General American Special Appliance Top 100 Cooking & Grilling Courses Dishes Pioneer Woman Quick Easy", "relevancy_score": 0.0, "price": "$20.01"}, {"title": "Steven Universe: End of an Era (Hardcover)", "tags": "Comic-Con Books Quotations Reference Film & Video Art Kids' with Robots TV Science Fiction, Fantasy Horror General History Criticism Animation", "relevancy_score": 0.0, "price": "$25.07"}, {"title": "Teach Yourself Henna Tattoo : Making Mehndi Art with Easy-To-Follow Instructions, Patterns, and Projects", "tags": "Critical & Intensive Care Nursing Books General Sociology Logic Philosophy Art Technique Emergency Medicine Reference Crafts Hobbies", "relevancy_score": 0.0, "price": "$16.26"}, {"title": "Philip Guston : A Life Spent Painting (Hardcover)", "tags": "Plants & Animals Art Books European Prints Religious Landscapes Seascapes Folk Outsider Popular Culture Artists, Architects Photographers Biographies Memoirs", "relevancy_score": 0.0, "price": "$76.99"}, {"title": "Let Love Rule (Hardcover)", "tags": "Rich & Famous Biographies Memoirs Body Art Tattooing Books Body, Mind Spirit Kids' Mother's Day Gift Guide Women MLB Entertainment Performing Arts", "relevancy_score": 0.0, "price": "$17.99"}, {"title": "100 Amazing Patterns : An Adult Coloring Book with Fun, Easy, and Relaxing Coloring Pages (Paperback)", "tags": "General Art Books Individual Artists Mindfulness & Meditation Seasonal Crafts Hobbies Drawing Park Recreation Management Industry Coloring", "relevancy_score": 10.5246, "price": "$6.76"}, {"title": "Coloring Book For Adults: MantraCraft: Stained Glass: Stress Relieving Designs for Adults Relaxation (Paperback)", "tags": "Kids' Activity Books General Art Folkcrafts Crafts & Hobbies Landscapes Seascapes Mindfulness Meditation Drawing Coloring", "relevancy_score": 10.121725, "price": "$8.70"}, {"title": "The Quiet Man (DVD)", "tags": "History & Criticism Film Books Dragons, Unicorns Mythical Creatures Kids' Video Art Science Fiction Fantasy Fiction, Magic Harry Potter TV Animation", "relevancy_score": 162.72017142857143, "price": "$24.68"}, {"title": "Mantracraft Coloring Books: Coloring Book For Adults: Fun Designs: Stress Relieving Designs for Adults Relaxation: (MantraCraft Coloring Books Series) (Paperback)", "tags": "Plants & Animals Art Books General Individual Artists Religious Mindfulness Meditation Folk Outsider Popular Culture Crafts Hobbies", "relevancy_score": 8.121725, "price": "$12.68"}, {"title": "Adult Coloring: Creative Haven Mandalas Color by Number Coloring Book (Paperback)", "tags": "Plants & Animals Art Books General Puzzle Mindfulness Meditation Literary Collections - Diaries Journals Papercrafts Crafts Hobbies Coloring", "relevancy_score": 10.121725, "price": "$9.68"}, {"title": "Philip Guston Now (Hardcover)", "tags": "General Art History Books Sculpture & Installation Contemporary European Prints Modern Toys Antiques Collectibles Collections, Catalogs Exhibitions", "relevancy_score": 0.0, "price": "$51.54"}, {"title": "Louis Vuitton : A Passion for Creation: New Art, Fashion and Architecture", "tags": "General Art History Books Fashion Photography & Criticism Design Travel Essay Travelogue Entrepreneurship Biographies Memoirs Historical Decorating", "relevancy_score": 0.0, "price": "$99.61"}, {"title": "Harry Potter: A Pop-Up Book", "tags": "Creepy Teen Titles Comic-Con Books School & Education Kids' Science Fiction Fantasy Film Friendship Fiction, Magic Harry Potter General", "relevancy_score": 42.74944615384616, "price": "$33.47"}, {"title": "The Cowboy Rides Away: Live From AT&T Stadium (DVD)", "tags": "Only at Walmart George Strait Music on CD or Vinyl All World & Reggae Garth Brooks Country Traditional Dolly Parton Folk", "relevancy_score": 59.356457142857145, "price": "$15.57"}, {"title": "Big Book of Beginner's Piano Classics: 83 Favorite Pieces in Easy Piano Arrangements with Downloadable Mp3s (Paperback)", "tags": "Orchestral Strings All Woodwind Instruments Basic Violins Musical Instrument Accessories Guitar Pickups Pianos Shop Piano Keyboards by Size", "relevancy_score": 10.121725, "price": "$15.26"}, {"title": "Hip Hop Raised Me (Paperback)", "tags": "Orchestral Strings All Woodwind Instruments Basic Violins Musical Instrument Accessories Guitar Pickups Pianos Shop Piano Keyboards by Size", "relevancy_score": 0.0, "price": "$28.49"}, {"title": "Dover How to Draw: How to Draw People (Paperback)", "tags": "Cars & Trucks Kids' Books Techniques General Game Activity Study Teaching Art Animal Drawing Cartooning", "relevancy_score": 43.4869, "price": "$4.99"}, {"title": "Teach Yourself to Play Guitar Chords: A Quick and Easy Introduction for Beginners (Other)", "tags": "Musical Instruction Guitar Value Packs Acoustic Guitars Kids String Instruments Classroom Beginner", "relevancy_score": 5.062825806451613, "price": "$7.99"}, {"title": "Hal Leonard Guitar Method, - Complete Edition: Book Only (Paperback)", "tags": "Orchestral Strings All Woodwind Instruments Basic Violins Musical Instrument Accessories Guitar Pickups Pianos Shop Piano Keyboards by Size", "relevancy_score": 14.277054545454547, "price": "$11.03"}, {"title": "The Budget-Savvy Wedding Planner & Organizer (Paperback)", "tags": "Shop Notebooks by Brand Monthly Planners Legal Pads Padfolios School Supplies Color Weekly Telephone & Address Books Daily", "relevancy_score": 5.062825806451613, "price": "$9.36"}, {"title": "Creative Haven Coloring Books: Country Scenes Coloring Book (Paperback)", "tags": "Kid Art Easels & Stations Craft Kits Play Dough Magna Doodle Etch-A-Sketch Glue for Slime Toys Kids 5 to 7 Years Children's Paint and Supplies", "relevancy_score": 117.90424285714286, "price": "$5.99"}, {"title": "Alfred's Basic Adult All-In-One Course, Bk 2: Lesson * Theory * Solo, Comb Bound Book (Paperback)", "tags": "Orchestral Strings All Woodwind Instruments Basic Violins Musical Instrument Accessories Guitar Pickups Pianos Shop Piano Keyboards by Size", "relevancy_score": 11.277054545454547, "price": "$14.99"}, {"title": "Hal Leonard Guitar Method (Songbooks): Guitar for Kids: A Beginner's Guide with Step-By-Step Instruction for Acoustic and Electric Guitar (Other)", "tags": "General Music Kids' Books Piano & Keyboard Strings Guitar Fretted Instrument Printed Children's / Sheet", "relevancy_score": 8.121725, "price": "$12.29"}, {"title": "Doodles, Portraits and Sketches! Fun How to Draw Activity Book", "tags": "Kids' Activity Books Techniques Pencil Drawing Study & Teaching Art Native American History Apologetics", "relevancy_score": 0.0, "price": "$6.92"}, {"title": "100 Most Popular Songs for Fingerpicking Guitar: Solo Guitar Arrangements in Standard Notation and Tab (Paperback)", "tags": "Piano-Vocal-Guitar Printed Music Books General Instruction & Study Techniques Rock Guitar Fretted Instrument Exercises / Sheet", "relevancy_score": 0.0, "price": "$25.06"}, {"title": "Mark Gonzales (Hardcover)", "tags": "Nature & the Natural World Teen Young Adult Books Jewelry Antiques Collectibles General Anthropology Aboriginal Indigenous People Places Sports Photography Roller In-Line Skating Urban Land Use Planning Biographies Memoirs", "relevancy_score": 0.0, "price": "$42.63"}, {"title": "The Adventures Of A.R.I: My Robot Friend (DVD)", "tags": "History & Criticism Film Books Dragons, Unicorns Mythical Creatures Kids' Video Art Science Fiction Fantasy Fiction, Magic Harry Potter TV Animation", "relevancy_score": 10.121725, "price": "$3.74"}, {"title": "Dirty John (DVD)", "tags": "General Canadian History Books TV Reference Curiosities & Wonders Science Fiction, Fantasy Horror Biographies Memoirs Cozy Mystery Film Criticism", "relevancy_score": 5.062825806451613, "price": "$11.76"}, {"title": "Disney Princess Cross-Stitch: 22 Easy-To-Follow Patterns Featuring Ariel, Belle, Jasmine, Mulan, and More! (Paperback)", "tags": "Cross-Stitch Books History & Criticism Film Children's TV Pencil Drawing Comedy Artists, Architects Photographers Biographies Memoirs General Crafts Hobbies Animation", "relevancy_score": 5.062825806451613, "price": "$12.66"}, {"title": "John Thompson's Easiest Piano Course - Part 1 - Book Only: Part 1 - Book Only (Paperback)", "tags": "Piano & Keyboard Books Musicals, Film TV Printed Music Strings Guitar Appreciation Children's Repertoire General / Sheet", "relevancy_score": 15.177054545454546, "price": "$8.64"}, {"title": "Origami Paper 100 Sheets Kimono Patterns 6\" (15 CM): High-Quality Double-Sided Origami Sheets Printed with 12 Different Patterns (Instructions for 6 Projects Included) (Other)", "tags": "Puzzle Books Mother's Day Crafts & Hobbies Pre-Columbian Era Latin American History Activity Saga Novels General Games for Children Origami", "relevancy_score": 0.0, "price": "$10.13"}, {"title": "Animals Color by Numbers for Adults: Adults Coloring Book Stress Relieving Designs Patterns (Paperback)", "tags": "Watercolor Painting Books General Art Silver, Gold & Other Metals Antiques Collectibles Religious Literary Collections - Canadian Folk Outsider Native American Middle Eastern", "relevancy_score": 5.062825806451613, "price": "$11.49"}, {"title": "The Lost Art of Handwriting : Rediscover the Beauty and Power of Penmanship", "tags": "Quilts & Quilting Crafts Hobbies Books Event Planning Reference Mixed Media Art Apocalyptic Post-Apocalyptic Science Fiction Death, Grief Bereavement Farm Animals Kids' Biography Memoir Comic Graphic Novels Literary Collections - Diaries Journals", "relevancy_score": 5.062825806451613, "price": "$6.25"}, {"title": "How to Draw & Paint: Drawing: Landscapes with William F. Powell : Learn to Draw Outdoor Scenes Step by Step (Paperback)", "tags": "Pen & Ink Drawing Books Life Cartooning Landscapes Seascapes Art Kids' Illustration", "relevancy_score": 0.0, "price": "$10.95"}, {"title": "Drawing Blood : How to Draw Zombies Activity Book", "tags": "Pen & Ink Drawing Books Life Cartooning Landscapes Seascapes Art Kids' Illustration", "relevancy_score": 0.0, "price": "$16.12"}, {"title": "Star Wars: Collecting A Galaxy : The Art of Sideshow Collectibles", "tags": "History & Criticism Film Books Dragons, Unicorns Mythical Creatures Kids' Video Art Science Fiction Fantasy Fiction, Magic Harry Potter TV Animation", "relevancy_score": 0.0, "price": "$48.60"}, {"title": "Balenciaga\u0092s Craft : Outside In", "tags": "Textile & Costume Design Books General Art History Fashion Photography Crafts Hobbies Criticism Cultural Heritage Novels Biographical Decorating", "relevancy_score": 0.0, "price": "$32.96"}, {"title": "Acoustic Songs - Really Easy Guitar Series: 22 Songs with Chords, Lyrics & Basic Tab (Paperback)", "tags": "Orchestral Strings All Woodwind Instruments Basic Violins Musical Instrument Accessories Guitar Pickups Pianos Shop Piano Keyboards by Size", "relevancy_score": 4.062825806451613, "price": "$10.38"}, {"title": "Peppa Pig Jumbo Coloring Book : peppa pig coloring book 25 Pages - 8.5\" x 11\" (Paperback)", "tags": "Event Planning Reference Books Calligraphy Decorative Arts General Travel Books, Maps & Guides Crafts for Children Literary Collections - Diaries Journals Nature Hobbies Weddings", "relevancy_score": 0.0, "price": "$17.35"}, {"title": "Thomas Kinkade Studios 2021 Deluxe Wall Calendar with Scripture", "tags": "Plants & Animals Art Books European Prints Religious Landscapes Seascapes Folk Outsider Popular Culture Artists, Architects Photographers Biographies Memoirs", "relevancy_score": 0.0, "price": "$14.39"}, {"title": "Sound Innovations: Sound Innovations for Concert Band, Bk 1: A Revolutionary Method for Beginning Musicians (B-Flat Trumpet), Book & Online Media (Other)", "tags": "Orchestral Strings All Woodwind Instruments Basic Violins Musical Instrument Accessories Guitar Pickups Pianos Shop Piano Keyboards by Size", "relevancy_score": 0.0, "price": "$10.51"}, {"title": "The Art of Rogue One: A Star Wars Story", "tags": "History & Criticism Film Books Comic-Con Video Art Science Fiction Fantasy Action Adventure Acting Auditioning Guides Reviews Reference", "relevancy_score": 0.0, "price": "$31.53"}, {"title": "The Klingon Dictionary : The Official Guide to Klingon Words and Phrases", "tags": "Comic-Con Books Film & Video Art Road Travel Books, Maps Guides Media Tie-In Novels TV Science Fiction, Fantasy Horror General Cookbooks Popular Culture", "relevancy_score": 2.0628258064516127, "price": "$4.99"}, {"title": "Net of Being", "tags": "Plants & Animals Art Books European Prints Religious Landscapes Seascapes Folk Outsider Popular Culture General Family Law", "relevancy_score": 0.0, "price": "$33.30"}, {"title": "Walter Foster Lettering with Purpose", "tags": "Pen & Ink Drawing Books Calligraphy Painting Crafts Hobbies Human Figure Art Mixed Media Coloring", "relevancy_score": 0.0, "price": "$8.67"}, {"title": "The Art of 3D Drawing (Paperback)", "tags": "Pen & Ink Drawing Books Life Cartooning Landscapes Seascapes Art Kids' Illustration", "relevancy_score": 0.0, "price": "$8.99"}, {"title": "How to Draw (Search Press): How to Draw: Cats (Paperback)", "tags": "Teens' Wall Decor Dorm Study Essentials Better Homes & Gardens Farmhouse Clocks Picture Frames Shop All Fall Mirrors", "relevancy_score": 0.0, "price": "$9.95"}, {"title": "Notebook for Anna Magdalena Bach (Paperback)", "tags": "Orchestral Strings All Woodwind Instruments Basic Violins Musical Instrument Accessories Guitar Pickups Pianos Shop Piano Keyboards by Size", "relevancy_score": 0.0, "price": "$12.95"}, {"title": "Willie Nelson - Guitar Chord Songbook", "tags": "Orchestral Strings All Woodwind Instruments Basic Violins Musical Instrument Accessories Guitar Pickups Pianos Shop Piano Keyboards by Size", "relevancy_score": 0.0, "price": "$14.61"}, {"title": "Thomas Kinkade Gardens of Grace with Scripture 2021 Wall Calendar", "tags": "Plants & Animals Art Books European Prints Religious Landscapes Seascapes Folk Outsider Popular Culture Artists, Architects Photographers Biographies Memoirs", "relevancy_score": 0.0, "price": "$13.49"}, {"title": "Draw 500 Things from Space : A Sketchbook for Artists, Designers, and Doodlers", "tags": "Plants & Animals Art Books Pencil Drawing General Cartooning Kids' Human Figure Illustration Crafts Hobbies", "relevancy_score": 0.0, "price": "$2.49"}, {"title": "The 101 Habits of Highly Successful Screenwriters, 10th Anniversary Edition : Insider Secrets from Hollywood's Top Writers", "tags": "Direction & Production Film Books Science Fiction Fantasy Screenwriting for TV Composition Creative Writing Business Aspects Reference Spirituality Storytelling in", "relevancy_score": 4.062825806451613, "price": "$4.99"}, {"title": "Paris Street; Rainy Day Notebook (Paperback)", "tags": "Renaissance Art History Books Tarot Cards & Collections, Catalogs Exhibitions General Individual Artists Modern Baroque Rococo Criticism Theory", "relevancy_score": 0.0, "price": "$8.99"}, {"title": "Gustav Klimt Weekly Planner 2021 : Hope II Artistic Art Nouveau Daily Scheduler With January - December Year Calendar (12 Months) Beautiful Artsy Yellow Red & Gold Jugendstil Modern Art Monthly Agenda for Appointments, School, Office & Work (Paperback)", "tags": "Data Warehousing Books Life Drawing Computer Graphics Portraits Art Digital Photography", "relevancy_score": 0.0, "price": "$12.27"}, {"title": "Handbook for the Recently Deceased Journal: Handbook For The Recently Deceased (Series #2) (Paperback)", "tags": "Plants & Animals Art Books Comedy Film Care Restoration Antiques Collectibles Mindfulness Meditation Drawing Illustration Coloring General Crafts Hobbies", "relevancy_score": 7.077054545454545, "price": "$6.99"}, {"title": "Alfred's Basic Piano Library: Alfred's Basic Piano Library Lesson Book, Bk 1b (Paperback)", "tags": "Orchestral Strings All Woodwind Instruments Basic Violins Musical Instrument Accessories Guitar Pickups Pianos Shop Piano Keyboards by Size", "relevancy_score": 5.062825806451613, "price": "$8.99"}, {"title": "Essential Elements for Band - Book 2 with Eei: F Horn (Paperback)", "tags": "Orchestral Strings All Woodwind Instruments Basic Violins Musical Instrument Accessories Guitar Pickups Pianos Shop Piano Keyboards by Size", "relevancy_score": 0.0, "price": "$10.38"}, {"title": "The Walking Dead: The Official Cookbook and Survival Guide", "tags": "The Walking Dead Toys My Hero Academia Books & Comics TV Show Game of Thrones Hoodies Jon Snow Stranger Things Shop All Clothing", "relevancy_score": 9.121725, "price": "$22.06"}, {"title": "Level 2b - Lesson Book: Piano Adventures (Paperback)", "tags": "Orchestral Strings All Woodwind Instruments Basic Violins Musical Instrument Accessories Guitar Pickups Pianos Shop Piano Keyboards by Size", "relevancy_score": 10.121725, "price": "$7.99"}, {"title": "Origami Paper 500 Sheets Kaleidoscope Patterns 6\" (15 CM): Tuttle Origami Paper: High-Quality Double-Sided Origami Sheets Printed with 12 Different Designs (Instructions for 6 Projects Included) (Othe", "tags": "Classic Games Family All Board Toys for Kids 2 to 4 Years Drawing & Coloring Fashion Dolls 5 7", "relevancy_score": 9.121725, "price": "$12.95"}, {"title": "Vincent van Gogh Planner 2021 : Starry Night Planner Organizer - Calendar Year January - December 2021 (12 Months) - Large Artistic Monthly Weekly Daily Agenda Scheduler - For Meetings, Appointments, Goals, School or Work (Paperback)", "tags": "Watercolor Painting Books Celebrity & Popular Culture Individual Artists Art Religious General American Folk Outsider Guided Journals", "relevancy_score": 0.0, "price": "$15.76"}, {"title": "Stan Lee's Master Class : Lessons in Drawing, World-Building, Storytelling, Manga, and Digital Comics from the Legendary Co-creator of Spider-Man, The Avengers, and The Incredible Hulk", "tags": "Shop all Iron Man Darth Vader Captain America Books & Comics All X-Men Hulk Thor", "relevancy_score": 0.0, "price": "$19.54"}, {"title": "Thomas Kinkade Gardens of Grace 2019 Wall Calendar", "tags": "All Planners Monthly Classroom Decoration Whiteboards Teaching Aids Desk Calendars Dry Erase Calendar Boards Wall", "relevancy_score": 5.062825806451613, "price": "$26.94"}, {"title": "The Science of Interstellar (Paperback)", "tags": "Relativity Physics Books Adult Non-Fiction Top 100 Cosmology Science Security in Politics General & Nature Teen Young Technology Policy Astronomy", "relevancy_score": 14.277054545454547, "price": "$19.29"}, {"title": "Disney Dreams Collection by Thomas Kinkade Studios: 2021 Wall Calendar", "tags": "Cross-Stitch Books Children's TV Pencil Drawing Comedy Film Individual Artists Art Media Tie-In Novels General Crafts & Hobbies Animation", "relevancy_score": 0.0, "price": "$9.94"}, {"title": "John Thompson's Easiest Piano Course - Complete: 4-Book/Audio Boxed Set (Other)", "tags": "Orchestral Strings All Woodwind Instruments Basic Violins Musical Instrument Accessories Guitar Pickups Pianos Shop Piano Keyboards by Size", "relevancy_score": 10.121725, "price": "$27.87"}, {"title": "Sketch Book: Notebook for Drawing, Writing, Painting, Sketching and Doodling, A Large 8.5\" x 11\" Sketchbook for Kids and Adults to Unleash Creativity, Exclusive Colorful Flowers Cover (Paperback)", "tags": "Mixed Media Paper All Art Sketchbooks and Watercolor Pencils Sets Sketching Drawing", "relevancy_score": 0.0, "price": "$11.49"}, {"title": "Workbook to Accompany the Complete Musician: Workbook 1: Writing and Analysis (Paperback)", "tags": "Orchestral Strings All Woodwind Instruments Basic Violins Musical Instrument Accessories Guitar Pickups Pianos Shop Piano Keyboards by Size", "relevancy_score": 0.0, "price": "$67.37"}, {"title": "Level 3a - Technique & Artistry Book: Piano Adventures (Paperback)", "tags": "Orchestral Strings All Woodwind Instruments Basic Violins Musical Instrument Accessories Guitar Pickups Pianos Shop Piano Keyboards by Size", "relevancy_score": 0.0, "price": "$7.35"}, {"title": "Disney Songs for Ukulele (Paperback)", "tags": "Orchestral Strings All Woodwind Instruments Basic Violins Musical Instrument Accessories Guitar Pickups Pianos Shop Piano Keyboards by Size", "relevancy_score": 0.0, "price": "$14.61"}, {"title": "Accelerated Piano Adventures for the Older Beginner: Technique & Artistry Book 2 (Paperback)", "tags": "Orchestral Strings All Woodwind Instruments Basic Violins Musical Instrument Accessories Guitar Pickups Pianos Shop Piano Keyboards by Size", "relevancy_score": 0.0, "price": "$9.80"}, {"title": "I Heart Drawing: Marvelous Mermaids (Paperback)", "tags": "Calligraphy Books General Health & Healing Cookbooks Roald Dahl Top 100 Human Figure Art Drawing Mixed Media Crafts Hobbies Coloring", "relevancy_score": 0.0, "price": "$19.29"}, {"title": "Power Rangers: Green Ranger Hardcover Ruled Journal", "tags": "Thomas & Friends Shop All PJ Masks Eleven Rick and Morty Dragon Ball Clothing Accessories Power Rangers Movies TV Shows Puppy Dog Pals", "relevancy_score": 0.0, "price": "$15.79"}, {"title": "Color by Number for Adults : Guided Biblical Inspiration Adult Coloring Book, A Christian Coloring Book gift card alternative, Christian Religious Lessons Relaxing coloring book (Paperback)", "tags": "Conservation & Preservation Art Books Canadian Creativity Self-Help General Puzzle Birdwatching Guide Literary Collections - Diaries Journals Crafts Hobbies", "relevancy_score": 7.077054545454545, "price": "$13.36"}, {"title": "Password Logbook: WTF Is My Password : Password Book Log Book AlphabeticalPocket Size Purple Flower Cover Black Frame 6\" x 9\" (Series #5) (Paperback)", "tags": "Event Planning Reference Books Calligraphy Online Safety & Privacy General Travel Books, Maps Guides Crafts for Children Literary Collections - Diaries Journals Nature Hobbies Weddings", "relevancy_score": 5.062825806451613, "price": "$9.31"}, {"title": "KJOS Standard Of Excellence Book 1 Trumpet", "tags": "Guitar Accessories All Brass Instruments Sheet Music Stands Woodwind Instrument Reeds Capos Clarinet Acoustic Dampers Foam Tiles", "relevancy_score": 5.062825806451613, "price": "$10.99"}, {"title": "Level 3b - Theory Book: Piano Adventures (Paperback)", "tags": "Orchestral Strings All Woodwind Instruments Basic Violins Musical Instrument Accessories Guitar Pickups Pianos Shop Piano Keyboards by Size", "relevancy_score": 5.062825806451613, "price": "$8.64"}, {"title": "Accent on Achievement: Accent on Achievement, Bk 1: Trombone, Book & CD (Paperback)", "tags": "Orchestral Strings All Woodwind Instruments Basic Violins Musical Instrument Accessories Guitar Pickups Pianos Shop Piano Keyboards by Size", "relevancy_score": 0.0, "price": "$9.80"}, {"title": "Hope, Grace & Faith (Hardcover)", "tags": "Country & Bluegrass Music Books Rich Famous Biographies Memoirs General American Government Political Rock Legal Dictionaries Terminology Meditations Spirituality Personal", "relevancy_score": 5.062825806451613, "price": "$16.89"}, {"title": "MANHOOD Adult Coloring Book for Relaxation, Meditation and Stress-Relief (Paperback)", "tags": "Pictorial Rugs Crafts & Hobbies Books Mindfulness Meditation Stress Management Energy Internal Medicine Coloring General", "relevancy_score": 9.121725, "price": "$11.00"}, {"title": "Art in Renaissance Italy, Fourth Edition", "tags": "Science & Technology Biographies Memoirs General Art History Books Portraits European Renaissance Literary Criticism Individual Artists Human Figure Artists, Architects Photographers", "relevancy_score": 0.0, "price": "$48.36"}, {"title": "Stickerbomb Skateboard : 150 Classic Skateboard Stickers", "tags": "Midwest State & Local United States History Books Criminology Prehistoric Primitive Art Contemporary Calligraphy Politics General Technique Popular Culture", "relevancy_score": 0.0, "price": "$23.65"}, {"title": "City Farmhouse Style : Designs for a Modern Country Life", "tags": "Plants & Animals Art Books Quilts Quilting Crafts Hobbies Decorating Creativity Self-Help Mindfulness Meditation Interior Design Origami General", "relevancy_score": 2.0628258064516127, "price": "$14.89"}, {"title": "The Official Bob Ross Coloring Book : The Colors of the Four Seasons (Paperback)", "tags": "Kid Art Easels & Stations Bobble Heads Craft Kits Play Dough Magna Doodle Etch-A-Sketch Glue for Slime Children's Paint and Supplies", "relevancy_score": 5.062825806451613, "price": "$6.99"}, {"title": "Pink Floyd : Their Mortal Remains", "tags": "Orchestral Strings All Woodwind Instruments Basic Violins Musical Instrument Accessories Guitar Pickups Pianos Shop Piano Keyboards by Size", "relevancy_score": 0.0, "price": "$46.00"}, {"title": "How to Draw: Drawing and Sketching Objects and Environments from Your Imagination (Paperback)", "tags": "Shop Notebooks by Brand 5-Subject Spiral School Supplies Color Composition Books Office Bulk Buys 1-Subject Copy & Multipurpose Paper All", "relevancy_score": 0.0, "price": "$27.94"}, {"title": "Frida Kahlo Paper Dolls (Other)", "tags": "Die Cutting Tools & Accessories Scrapbook Paper Decorative Art Sketchbooks and Stickers Craft Wood Scrapbooking Embellishments Kits", "relevancy_score": 5.062825806451613, "price": "$12.10"}, {"title": "Playbook - Learn to Play Guitar : A Handy Beginner's Guide!", "tags": "Guitar Accessories Value Packs Acoustic Guitars Kids String Instruments Musical Classroom Beginner", "relevancy_score": 1.062825806451613, "price": "$7.38"}, {"title": "Repository of Scales and Melodic Patterns: Spiral-Bound Book (Paperback)", "tags": "Orchestral Strings All Woodwind Instruments Basic Violins Musical Instrument Accessories Guitar Pickups Pianos Shop Piano Keyboards by Size", "relevancy_score": 0.0, "price": "$33.46"}, {"title": "First 50 Songs You Should Strum on Guitar (Paperback)", "tags": "Orchestral Strings All Woodwind Instruments Basic Violins Musical Instrument Accessories Guitar Pickups Pianos Shop Piano Keyboards by Size", "relevancy_score": 0.0, "price": "$13.45"}, {"title": "Technical Reference: Zen and the Art of Mixing: REV 2 (Paperback)", "tags": "Orchestral Strings All Woodwind Instruments Basic Violins Musical Instrument Accessories Guitar Pickups Pianos Shop Piano Keyboards by Size", "relevancy_score": 0.0, "price": "$27.47"}, {"title": "The Real Book - Volume III : BB Edition", "tags": "Orchestral Strings All Woodwind Instruments Basic Violins Musical Instrument Accessories Guitar Pickups Pianos Shop Piano Keyboards by Size", "relevancy_score": 0.0, "price": "$27.11"}, {"title": "The Greatest Showman - Recorder Fun! (Paperback)", "tags": "Orchestral Strings All Woodwind Instruments Basic Violins Musical Instrument Accessories Guitar Pickups Pianos Shop Piano Keyboards by Size", "relevancy_score": 0.0, "price": "$10.18"}, {"title": "Tell Me Why : The Beatles: Album By Album, Song By Song, The Sixties And After", "tags": "Orchestral Strings All Woodwind Instruments Basic Violins Musical Instrument Accessories Guitar Pickups Pianos Shop Piano Keyboards by Size", "relevancy_score": 0.0, "price": "$21.49"}, {"title": "Easy Guitar with Notes & Tab: Country Classics for Easy Guitar (Paperback)", "tags": "Orchestral Strings All Woodwind Instruments Basic Violins Musical Instrument Accessories Guitar Pickups Pianos Shop Piano Keyboards by Size", "relevancy_score": 0.0, "price": "$20.66"}, {"title": "Alfred's Basic Piano Library: Alfred's Basic Piano Library Lesson Book Complete, Bk 2 & 3: For the Later Beginner (Paperback)", "tags": "Orchestral Strings All Woodwind Instruments Basic Violins Musical Instrument Accessories Guitar Pickups Pianos Shop Piano Keyboards by Size", "relevancy_score": 0.0, "price": "$9.80"}, {"title": "Showtime Piano Disney: Level 2a (Paperback)", "tags": "Orchestral Strings All Woodwind Instruments Basic Violins Musical Instrument Accessories Guitar Pickups Pianos Shop Piano Keyboards by Size", "relevancy_score": 0.0, "price": "$7.79"}, {"title": "The Easy Christmas Songbook : Easy to Play on Piano or Guitar with Lyrics", "tags": "Orchestral Strings All Woodwind Instruments Basic Violins Musical Instrument Accessories Guitar Pickups Pianos Shop Piano Keyboards by Size", "relevancy_score": 5.062825806451613, "price": "$13.74"}, {"title": "Alfred's Basic Piano Library: Alfred's Basic Piano Library Theory, Bk 1b (Paperback)", "tags": "Orchestral Strings All Woodwind Instruments Basic Violins Musical Instrument Accessories Guitar Pickups Pianos Shop Piano Keyboards by Size", "relevancy_score": 0.0, "price": "$6.99"}, {"title": "8 x 10 Photo Album For Great Memories", "tags": "Photo Album Refills Paper Cutouts Scrapbook Art Sketchbooks and Pinnacle Albums Scrapbooking Storage Embellishments Kits", "relevancy_score": 0.0, "price": "$12.29"}, {"title": "Complete Classic Chicago Blues Harp (Paperback)", "tags": "Orchestral Strings All Woodwind Instruments Basic Violins Musical Instrument Accessories Guitar Pickups Pianos Shop Piano Keyboards by Size", "relevancy_score": 0.0, "price": "$26.99"}, {"title": "Dozen a Day: A Dozen a Day Book 2 (Paperback)", "tags": "Orchestral Strings All Woodwind Instruments Basic Violins Musical Instrument Accessories Guitar Pickups Pianos Shop Piano Keyboards by Size", "relevancy_score": 0.0, "price": "$6.78"}, {"title": "The Rise of Music in the Ancient World : East and West", "tags": "Orchestral Strings All Woodwind Instruments Basic Violins Musical Instrument Accessories Guitar Pickups Pianos Shop Piano Keyboards by Size", "relevancy_score": 0.0, "price": "$16.16"}, {"title": "WWE Pop Quiz Trivia Deck (Books)", "tags": "John Cena Toys Shop All WWE Title Belts AJ Styles", "relevancy_score": 0.0, "price": "$13.87"}, {"title": "Robin Williams - Night at the Met - CD", "tags": "", "relevancy_score": 2.0628258064516127, "price": "$7.79"}, {"title": "Standard Wirebound Manuscript Paper (Green Cover)", "tags": "Orchestral Strings All Woodwind Instruments Basic Violins Musical Instrument Accessories Guitar Pickups Pianos Shop Piano Keyboards by Size", "relevancy_score": 9.121725, "price": "$7.23"}, {"title": "Anne Geddes 2021 Wall Calendar", "tags": "Plants & Animals Photography Books Erotica Portraits Selfies Celebrity Rock Music Photoessays Documentaries Architectural Industrial Collections, Catalogs Exhibitions", "relevancy_score": 0.0, "price": "$13.95"}, {"title": "Paint by Sticker Masterpieces - Paperback", "tags": "Kids' Activity Books Puzzle Crafts, Hobbies & Activities Christmas Advent Teen Young Adult General Games Coloring", "relevancy_score": 20.229129411764706, "price": "$9.19"}, {"title": "Disney Dreams Collection by Thomas Kinkade Studios: 2021 Monthly/Weekly Engageme", "tags": "Tarot Cards & Books Goddess Worship Animated Film Religious Art Landscapes Seascapes Gaia Earth Engeries Popular Culture General Crafts Hobbies", "relevancy_score": 0.0, "price": "$15.29"}, {"title": "The Golden Girls: Forever Golden : The Real Autobiographies of Dorothy, Rose, Sophia, and Blanche (Hardcover)", "tags": "Action & Adventure Fantasy Books Decorating Crafts Hobbies Dragons, Unicorns Mythical Creatures Kids' Humor Novels Cookbooks for Entertaining Anecdotes Quotations Card Game TV History Criticism", "relevancy_score": 0.0, "price": "$15.49"}, {"title": "The Design of Everyday Things (Paperback)", "tags": "Project Management Books Office Software Motivational & Personal Success Leadership Labels Business Biographies Memoirs Marketing Investments Securities", "relevancy_score": 92.84518490566037, "price": "$15.60"}, {"title": "The Easy Piano Hymn Collection : Easy Piano", "tags": "Orchestral Strings All Woodwind Instruments Basic Violins Musical Instrument Accessories Guitar Pickups Pianos Shop Piano Keyboards by Size", "relevancy_score": 0.0, "price": "$12.99"}, {"title": "10 for 10 Sheet Music -- Classical Piano Favorites, Bk2 (Paperback)", "tags": "Orchestral Strings All Woodwind Instruments Basic Violins Musical Instrument Accessories Guitar Pickups Pianos Shop Piano Keyboards by Size", "relevancy_score": 5.062825806451613, "price": "$10.00"}, {"title": "Shibori : The Inventive Art of Japanese Shaped Resist Dyeing", "tags": "Project Management Books Office Software Motivational & Personal Success Leadership Labels Business Biographies Memoirs Marketing Investments Securities", "relevancy_score": 0.0, "price": "$37.34"}, {"title": "Adult Coloring Book - Whimsical Dreams : Color Up a Fantasy, Magic Characters. All Ages. 50 Different Images Printed on Single-Sided Pages", "tags": "Plants & Animals Art Books Fantasy Comic Graphic Novels NFL Mindfulness Meditation Papercrafts Crafts Hobbies Drawing Coloring General", "relevancy_score": 5.062825806451613, "price": "$10.95"}, {"title": "Country Farmhouse (Hardcover)", "tags": "Decorating Crafts & Hobbies Books Lifestyles Photography Sustainable Living Silver, Gold Other Metals Antiques Collectibles Cookbooks for Entertaining Interior Design Vegetables", "relevancy_score": 0.0, "price": "$26.49"}, {"title": "Bts: Blood, Sweat & Tears (Paperback)", "tags": "Country & Bluegrass Music Books Heavy Metal Rock Science Fiction Romance Individual Composer Artist Women Biographies Memoirs Entertainment Performing Arts", "relevancy_score": 6.121725, "price": "$21.10"}, {"title": "Creative Haven Coloring Books: Creative Haven Victorian Houses Architecture Coloring Book (Paperback)", "tags": "Fashion Crafts & Hobbies Books Flower Plant Landscapes Seascapes Art General American Mindfulness Meditation Accessories Design Architecture History", "relevancy_score": 5.062825806451613, "price": "$8.23"}, {"title": "Learn to Draw Bugs Bunny and Friends: How to Draw Looney Tunes : Learn to Draw Looney Tunes (Series #0) (Paperback)", "tags": "Plants & Animals Art Books Pencil Drawing Cartooning Kids' General Games Activity Human Figure Illustration Crafts Hobbies", "relevancy_score": 0.0, "price": "$13.20"}, {"title": "How to Draw & Paint: Drawing: Faces & Expressions: Master the Art of Drawing a Range of Faces and Expressions - Step by Step (Paperback)", "tags": "Pen & Ink Drawing Books Life Cartooning Landscapes Seascapes Art Kids' Illustration", "relevancy_score": 0.0, "price": "$13.34"}, {"title": "Katie Daisy 2021 Wall Calendar (Other)", "tags": "Plants & Animals Art Books European Prints Religious Landscapes Seascapes Folk Outsider Popular Culture Artists, Architects Photographers Biographies Memoirs", "relevancy_score": 0.0, "price": "$13.49"}, {"title": "The Art of Star Wars: The Rise of Skywalker", "tags": "Direction & Production Film Books Comic-Con Video Art Science Fiction Fantasy Space Opera Guides Reviews Popular Culture Comic Graphic Novels", "relevancy_score": 4.062825806451613, "price": "$27.99"}, {"title": "Good Night Stories for Rebel Girls: Good Night Stories for Rebel Girls 2, Volume 2 (Hardcover)", "tags": "Science Fiction Teen & Young Adult Books Women's Perspective Biographies Autobiographies for Kids Architecture Professional Practice Regional Individual Architects Firms Girls Women Kids' Contemporary Methods Materials", "relevancy_score": 8.121725, "price": "$18.71"}, {"title": "Howards End (Masterpiece) (DVD)", "tags": "TV Reference Books Space Opera Science Fiction, Fantasy & Horror General Biographies Memoirs Cozy Mystery MLB Film History Criticism", "relevancy_score": 10.121725, "price": "$21.52"}, {"title": "Polar Obsession", "tags": "Individual Photographers Books Botany Life Science Agronomy Tree Plant Photography Reference Bird Animal General Forest & Rainforest", "relevancy_score": 0.0, "price": "$35.49"}, {"title": "Klimt & Rodin : An Artistic Encounter", "tags": "Plants & Animals Art Books European Prints Religious Landscapes Seascapes Folk Outsider Popular Culture Artists, Architects Photographers Biographies Memoirs", "relevancy_score": 0.0, "price": "$36.05"}, {"title": "Anime: A History (Paperback)", "tags": "Direction & Production Film Books Food Beverage History Research Reference Horror Individual Director Guides Reviews Popular Culture General", "relevancy_score": 0.0, "price": "$39.32"}, {"title": "Draw the Draw 50 Way : How to Draw Cats, Puppies, Horses, Buildings, Birds, Aliens, Boats, Trains, and Everything Else Under the Sun", "tags": "Dark Fantasy Books Small Business Corporate Law Success Magick Studies Traditional Mystery & Detective Film Reference", "relevancy_score": 6.121725, "price": "$9.49"}, {"title": "The Beast of Boggy Creek : The True Story of the Fouke Monster", "tags": "History & Criticism Film Books Dragons, Unicorns Mythical Creatures Kids' Video Art Science Fiction Fantasy Fiction, Magic Harry Potter TV Animation", "relevancy_score": 5.062825806451613, "price": "$26.53"}, {"title": "How to Draw & Paint: Drawing: Faces: Learn to Draw Step by Step (Paperback)", "tags": "Pen & Ink Drawing Books Life Cartooning Landscapes Seascapes Art Kids' Illustration", "relevancy_score": 0.0, "price": "$10.95"}, {"title": "Jean & Ron Henry: Moon Maiden (Blank Sketch Book)", "tags": "Plants & Animals Art Books Pencil Drawing General Cartooning Kids' Human Figure Illustration Crafts Hobbies", "relevancy_score": 0.0, "price": "$19.99"}, {"title": "How To Watercolor: Your Step By Step Guide To Watercoloring (Hardcover)", "tags": "Plants & Animals Art Books Pen Ink Drawing Acrylic Painting Mother's Day Crafts Hobbies Landscapes Seascapes Design, Drafting, Presentation", "relevancy_score": 0.0, "price": "$29.99"}, {"title": "Basics Textile Design: Sourcing Ideas for Textile Design: Researching Colour, Surface, Structure, Texture and Pattern (Paperback)", "tags": "Direction & Production Film Books Commercial Corporate Graphic Art Stagecraft Scenography General Needlework Fashion Crafts Hobbies Video Decorative Arts Accessories Design", "relevancy_score": 0.0, "price": "$20.39"}, {"title": "Fast & Fun Landscape Painting with Donna Dewberry (Paperback)", "tags": "Watercolor Painting Books Crafts & Hobbies Social Scientists Psychologists Biographies Memoirs Landscapes Seascapes Art Oil Human Figure Color Theory", "relevancy_score": 0.0, "price": "$24.04"}, {"title": "Look at Me! : The XXXTENTACION Story", "tags": "Orchestral Strings All Woodwind Instruments Basic Violins Musical Instrument Accessories Guitar Pickups Pianos Shop Piano Keyboards by Size", "relevancy_score": 6.121725, "price": "$15.29"}, {"title": "Seven Deadly Sins : Settling the Argument Between Born Bad and Damaged Good", "tags": "Orchestral Strings All Woodwind Instruments Basic Violins Musical Instrument Accessories Guitar Pickups Pianos Shop Piano Keyboards by Size", "relevancy_score": 12.177054545454546, "price": "$4.99"}, {"title": "The Classic Doctor Who DVD Compendium (Paperback)", "tags": "", "relevancy_score": 0.0, "price": "$20.86"}, {"title": "Keyboard Strategies : Master Text II", "tags": "Orchestral Strings All Woodwind Instruments Basic Violins Musical Instrument Accessories Guitar Pickups Pianos Shop Piano Keyboards by Size", "relevancy_score": 3.0628258064516127, "price": "$35.68"}, {"title": "Playtime Piano Popular: Level 1 (Paperback)", "tags": "Orchestral Strings All Woodwind Instruments Basic Violins Musical Instrument Accessories Guitar Pickups Pianos Shop Piano Keyboards by Size", "relevancy_score": 0.0, "price": "$8.06"}, {"title": "The Illustrated Treasury of Disney Songs (Paperback)", "tags": "Orchestral Strings All Woodwind Instruments Basic Violins Musical Instrument Accessories Guitar Pickups Pianos Shop Piano Keyboards by Size", "relevancy_score": 0.0, "price": "$24.28"}, {"title": "Pop Instrumental Solo: Harry Potter Instrumental Solos for Strings (Movies 1-5): Violin, Book & CD (Other)", "tags": "Orchestral Strings All Woodwind Instruments Basic Violins Musical Instrument Accessories Guitar Pickups Pianos Shop Piano Keyboards by Size", "relevancy_score": 0.0, "price": "$14.25"}, {"title": "This Music Leaves Stains: The Cpb (Paperback)", "tags": "Orchestral Strings All Woodwind Instruments Basic Violins Musical Instrument Accessories Guitar Pickups Pianos Shop Piano Keyboards by Size", "relevancy_score": 5.062825806451613, "price": "$18.11"}, {"title": "Pink Floyd - The Endless River (Paperback)", "tags": "Orchestral Strings All Woodwind Instruments Basic Violins Musical Instrument Accessories Guitar Pickups Pianos Shop Piano Keyboards by Size", "relevancy_score": 3.0628258064516127, "price": "$16.60"}, {"title": "Primer Level - Gold Star Performance: Piano Adventures (Other)", "tags": "Orchestral Strings All Woodwind Instruments Basic Violins Musical Instrument Accessories Guitar Pickups Pianos Shop Piano Keyboards by Size", "relevancy_score": 0.0, "price": "$9.33"}, {"title": "For Dummies: Calligraphy for Dummies (Paperback)", "tags": "Pen & Ink Drawing Books Critical Intensive Care Nursing Body Art Tattooing Mixed Media Book Mother's Day Crafts Hobbies Typography", "relevancy_score": 5.062825806451613, "price": "$16.29"}, {"title": "Millie Marotta Adult Coloring Book: Millie Marotta's Brilliant Beasts: Favorite Illustrations from Coloring Adventures (Paperback)", "tags": "Kid Art Easels & Stations Paw Patrol Craft Kits Play Dough Magna Doodle Etch-A-Sketch Glue for Slime Children's Paint and Supplies", "relevancy_score": 5.062825806451613, "price": "$11.96"}, {"title": "Dungeons & Dragons Tactical Maps Reincarnated (D&d Accessory)", "tags": "Personal & Practical Guides Adult Non-Fiction Top 100 General Kids' Game Activity Books Science Fiction Fantasy Art Role Playing All Dungeons Dragons Reference", "relevancy_score": 0.0, "price": "$21.97"}, {"title": "Tiny Book: DC Comics: Villains of Gotham City (Tiny Book) : Batman's Rogues Gallery (Hardcover)", "tags": "Direction & Production Film Books Video Art Action Adventure Media Tie-In Novels Science Fiction, Fantasy Magic Kids' Guides Reviews Popular Culture Harry Potter", "relevancy_score": 0.0, "price": "$9.99"}, {"title": "Black Paper Sketch Book - 8.5 x 11: Large Llama Sketch Book With Black Pages - Sketchbook For Use With Gel Pens - Reverse Color Sketchbook (Paperback)", "tags": "Shop Notebooks by Brand 5-Subject Spiral School Supplies Color Composition Books Office Bulk Buys 1-Subject Copy & Multipurpose Paper All", "relevancy_score": 0.0, "price": "$16.99"}, {"title": "Sonic The Hedgehog Coloring Book For Kids : Sonic The Hedgehog Coloring Book Kids Girls Adults Toddlers (Kids ages 2-8) Unofficial 25 high quality illustrations Pages (8.5 x 11) (Paperback)", "tags": "Shop all Super Mario Sonic Adult Clothing Arts & Crafts All Bedding Accessories Jewelry Fortnite Books Wall Decor", "relevancy_score": 0.0, "price": "$13.67"}, {"title": "Monster Hunter: World - Official Complete Works", "tags": "Direction & Production Film Books General Asian Art Role Playing Fantasy All Dungeons Dragons Science Fiction Digital Crafts for Children Papercrafts Hobbies", "relevancy_score": 0.0, "price": "$33.77"}, {"title": "Level 2a - Performance Book: Piano Adventures (Paperback)", "tags": "Orchestral Strings All Woodwind Instruments Basic Violins Musical Instrument Accessories Guitar Pickups Pianos Shop Piano Keyboards by Size", "relevancy_score": 5.062825806451613, "price": "$6.99"}, {"title": "Super Mario for Piano: 34 Super Mario Themes Arranged for Easy Piano (Other)", "tags": "Super Mario Home Decor Overwatch Shop All Sonic all & Bedding Clothing Minecraft", "relevancy_score": 4.062825806451613, "price": "$17.79"}, {"title": "Level 2a - Technique & Artistry Book: Piano Adventures (Paperback)", "tags": "Orchestral Strings All Woodwind Instruments Basic Violins Musical Instrument Accessories Guitar Pickups Pianos Shop Piano Keyboards by Size", "relevancy_score": 5.062825806451613, "price": "$7.35"}, {"title": "Sexy Women Illustrations: Adult Coloring Book - Fantasy Girls: 18+ (Paperback)", "tags": "Erotica Photography Books Science Experiments & Project Nudes Pride Month Gay Studies Romance Graphic Novels Hydrodynamic Mechanics Drawing", "relevancy_score": 0.0, "price": "$10.93"}, {"title": "Relax and Destress: Amazing Landscapes, Gardens, and Animals Coloring Book For Adults For Stress Relief and Relaxation (Paperback)", "tags": "Plants & Animals Art Books Sustainable Agriculture Modern History Landscapes Seascapes Mindfulness Meditation Drawing General Crafts Hobbies Organic Technology Engineering", "relevancy_score": 3.0628258064516127, "price": "$11.22"}, {"title": "Bts Artist Sketch Book: Bts Drawings (Paperback)", "tags": "Kids' Activity Books Pop Vocal Music General Teen & Young Adult Musician Biography Autobiography Dance Performing Arts Popular Musical History Vegetables", "relevancy_score": 3.0628258064516127, "price": "$13.72"}, {"title": "Draw Manga Faces for Expressive Characters : Learn to Draw More Than 900 Faces", "tags": "Cross-Stitch Books General Manga Pencil Drawing Fantasy Cartooning Kids' Journal Writing Teen & Young Adult Reference for Kids", "relevancy_score": 0.0, "price": "$19.18"}, {"title": "Do What You Want : The Story of Bad Religion (Hardcover)", "tags": "", "relevancy_score": 5.062825806451613, "price": "$39.54"}, {"title": "'camel Toe' Sexy Adults Coloring Books", "tags": "Pictorial Erotica Art Books Rugs Crafts & Hobbies Mindfulness Meditation Stress Management Internal Medicine Coloring General", "relevancy_score": 5.062825806451613, "price": "$6.78"}, {"title": "Beginner's Electric Guitar : Learn to Play Classic Rock", "tags": "Rock & Mineral Books Music Techniques Guitar Fretted Instrument Printed Exercises Percussion General Musical / Sheet Blues", "relevancy_score": 5.062825806451613, "price": "$11.93"}, {"title": "Guest Book, Visitors Book, Guests Comments, Vacation Home Guest Book, Beach House Guest Book, Comments Book, Visitor Book, Nautical Guest Book, Holiday Home, Bed & Breakfast, Retreat Centres, Family H", "tags": "Book Office Equipment & Supplies Books Scrapbooking Crafts Hobbies Death, Grief Bereavement General Travel Books, Maps Guides Literary Collections - Diaries Journals Yearbooks Annuals Weddings Reference", "relevancy_score": 0.0, "price": "$36.35"}, {"title": "Sophie Calle: Take Care of Yourself", "tags": "Plants & Animals Art Books European Prints Religious Landscapes Seascapes Folk Outsider Popular Culture Artists, Architects Photographers Biographies Memoirs", "relevancy_score": 0.0, "price": "$77.02"}, {"title": "Manhattan: Season One (DVD)", "tags": "General Canadian History Books TV Reference Curiosities & Wonders Science Fiction, Fantasy Horror Biographies Memoirs Cozy Mystery Film Criticism", "relevancy_score": 5.062825806451613, "price": "$33.25"}, {"title": "Fearless Watercolor for Beginners: Adventurous Painting Techniques to Get You Started (Paperback)", "tags": "Plants & Animals Art Books Pen Ink Drawing Acrylic Painting Mother's Day Crafts Hobbies Landscapes Seascapes Design, Drafting, Presentation", "relevancy_score": 0.0, "price": "$17.86"}, {"title": "Isometric Graph Paper Workbook 8 X 10 150 Pages", "tags": "Plants & Animals Art Books Mindfulness Meditation Papercrafts Crafts Hobbies Drawing Color Theory Illustration Coloring General", "relevancy_score": 0.0, "price": "$18.99"}, {"title": "100 Beautiful Mandalas Coloring Book : Mandala Coloring Book For Adults With Thick Artist Quality Paper, Hardback Covers, and Spiral Binding ... Adult Coloring Book Featuring Beautify (Paperback)", "tags": "Plants & Animals Art Books General European Prints Religious Landscapes Seascapes Folk Outsider Popular Culture", "relevancy_score": 0.0, "price": "$9.83"}, {"title": "The Penguin and the Polar Bear", "tags": "Plants & Animals Art Books Mindfulness Meditation Papercrafts Crafts Hobbies Drawing Color Theory Illustration Coloring General", "relevancy_score": 0.0, "price": "$17.78"}, {"title": "Harry Potter and the Chamber of Secrets Enchanted Postcard Book (Other)", "tags": "Creepy Teen Titles Comic-Con Books School & Education Kids' Film Video Art Science Fiction Fantasy Fiction, Magic Popular Culture Harry Potter", "relevancy_score": 0.0, "price": "$11.73"}, {"title": "Creative Haven Coloring Books: Creative Haven Cozy Creatures Coloring Book (Paperback)", "tags": "General Art Books Individual Artists Decorative Arts Mindfulness & Meditation Drawing Piano Keyboard Repertoire Printed Music Coloring Crafts Hobbies", "relevancy_score": 0.0, "price": "$8.06"}, {"title": "Charles Evans' Pocket Book for Watercolour Artists : Over 100 Essential Tips to Improve Your Painting", "tags": "Plants & Animals Art Books Pen Ink Drawing Acrylic Painting Mother's Day Crafts Hobbies Landscapes Seascapes Design, Drafting, Presentation", "relevancy_score": 0.0, "price": "$14.20"}, {"title": "Music by the Masters: Bach, Beethoven, Chopin, Grieg, Handel, Haydn, Schubert and More (Paperback)", "tags": "Bilingual Education Books General Music Heavy Metal Rap & Hip Hop Jazz Rock Punk Individual Composer Artist", "relevancy_score": 0.0, "price": "$12.53"}, {"title": "Chamber Music for Two String Instruments, Bk 1 : 2 Violas", "tags": "General Music Instruction & Study Books Woodwinds Strings Printed Guitar Fretted Instrument Classical Percussion Children's / Sheet", "relevancy_score": 0.0, "price": "$6.99"}, {"title": "Strong Is the New Pretty - Paperback", "tags": "Handwriting Books Individual Photographers Pictorial Toymaking Crafts & Hobbies Portraits Selfies Photography Girls Women Kids' Stuffed Animals Knitting", "relevancy_score": 14.277054545454547, "price": "$14.32"}, {"title": "This Isn't Happening : Radiohead's \"kid A\" and the Beginning of the 21st Century (Hardcover)", "tags": "Country & Bluegrass Music Books Heavy Metal Rock Science Fiction Romance Individual Composer Artist Women Biographies Memoirs Entertainment Performing Arts", "relevancy_score": 0.0, "price": "$20.49"}, {"title": "Shaquille O\u2019Neal Presents All Star Comedy Jam: Live From Las Vegas (DVD)", "tags": "Instawatch Comedy Movies Stand-Up Drama Action & Adventure DVD All Kids and Family", "relevancy_score": 0.0, "price": "$9.99"}, {"title": "Disney Favorites - Instant Piano Songs: Simple Sheet Music + Audio Play-Along (Other)", "tags": "Orchestral Strings All Woodwind Instruments Basic Violins Musical Instrument Accessories Guitar Pickups Pianos Shop Piano Keyboards by Size", "relevancy_score": 0.0, "price": "$14.99"}, {"title": "Hurricanes : A Memoir", "tags": "Rich & Famous Biographies Memoirs Motivational Inspirational Self-Help Books Composers Musicians Mother's Day Gift Guide Women Women's History Month Nonfiction Entertainment Performing Arts Personal", "relevancy_score": 20.229129411764706, "price": "$13.99"}, {"title": "Knightfall: Season Two (DVD)", "tags": "General Canadian History Books TV Reference Curiosities & Wonders Science Fiction, Fantasy Horror Biographies Memoirs Cozy Mystery Film Criticism", "relevancy_score": 3.0628258064516127, "price": "$18.99"}, {"title": "Alfred's Basic Adult Piano Course: Alfred's Basic Adult All-In-One Course, Bk 3: Lesson * Theory * Solo, Comb Bound Book (Paperback)", "tags": "Orchestral Strings All Woodwind Instruments Basic Violins Musical Instrument Accessories Guitar Pickups Pianos Shop Piano Keyboards by Size", "relevancy_score": 15.177054545454546, "price": "$14.39"}, {"title": "Presents Stand-Up Revolution (DVD)", "tags": "Instawatch Comedy Movies Animated Drama Family Stand-Up All Action & Adventure", "relevancy_score": 14.277054545454547, "price": "$12.61"}, {"title": "Sonic The Hedgehog Coloring Book For Kids : Sonic The Hedgehog Coloring Book Kids Girls Adults Toddlers (Kids ages 2-8) Unofficial 25 high quality illustrations Pages (8.5 x 11) (Paperback)", "tags": "Shop all Super Mario Sonic Adult Clothing Arts & Crafts All Bedding Accessories Jewelry Fortnite Books Wall Decor", "relevancy_score": 0.0, "price": "$13.67"}, {"title": "Best Unicorn Coloring Book : Best Coloring book For Girls kids all unicorn lovers - with 100+ unique illustrator for ever (Paperback)", "tags": "Unicorn Comforters Bedding All Toys Pool Floats Kids Clothing Arts & Crafts Books Dolls", "relevancy_score": 5.062825806451613, "price": "$13.67"}, {"title": "Level 3a - Theory Book: Piano Adventures (Paperback)", "tags": "Orchestral Strings All Woodwind Instruments Basic Violins Musical Instrument Accessories Guitar Pickups Pianos Shop Piano Keyboards by Size", "relevancy_score": 0.0, "price": "$6.99"}, {"title": "Color By Number Book Coloring Book : Large Print Flowers, Floral Patterns, Landscapes, Animals, Butterflies and More", "tags": "Plants & Animals Art Books General Puzzle Annuals Papercrafts Crafts Hobbies Landscape Coloring", "relevancy_score": 2.121725, "price": "$7.99"}, {"title": "80's Classics: Beetlejuice Pocket Notebook Collection (Set of 3) (Paperback)", "tags": "Direction & Production Film Books Children's TV Celebrity Popular Culture Role Playing Fantasy Comedy Animated Science Fiction Fiction, Horror", "relevancy_score": 0.0, "price": "$24.99"}, {"title": "Hal Leonard Keyboard Strategies Master Text I (Chapters I-XI)", "tags": "Orchestral Strings All Woodwind Instruments Basic Violins Musical Instrument Accessories Guitar Pickups Pianos Shop Piano Keyboards by Size", "relevancy_score": 0.0, "price": "$30.70"}, {"title": "Crystal Lake Memories: The Complete History of Friday The 13th", "tags": "History & Criticism Film Books Direction Production Fantasy Manga Science Fiction Action Adventure Models Crafts Hobbies Reference General Courses Dishes Cookbooks", "relevancy_score": 10.121725, "price": "$36.40"}, {"title": "Watercolor with Me in the Ocean", "tags": "Colors Kids' Books Acrylic Painting Mother's Day Crafts & Hobbies Papercrafts Mixed Media Coloring", "relevancy_score": 15.177054545454546, "price": "$18.79"}, {"title": "Bible Verse Coloring Book For Adults: Scripture Verses To Inspire As You Color (Paperback)", "tags": "Writing Skills Reference Books General Art Mother's Day Gift Guide Legal Dictionaries & Terminology Folklore Mythology Religion Fashion Kids' Cartooning", "relevancy_score": 15.177054545454546, "price": "$12.02"}, {"title": "The Unofficial Stranger Things A-Z", "tags": "Stranger Things Wall Decor Eleven Will Dustin Bedding Books Max DVDs", "relevancy_score": 0.0, "price": "$14.95"}, {"title": "Alfred's Teach Yourself to Play Banjo: Everything You Need to Know to Start Playing the 5-String Banjo, Book & Online Video/Audio/Software (Paperback)", "tags": "Orchestral Strings All Woodwind Instruments Basic Violins Musical Instrument Accessories Guitar Pickups Pianos Shop Piano Keyboards by Size", "relevancy_score": 0.0, "price": "$17.01"}, {"title": "Giant Book of Sheet Music: The Giant Book of Classical Sheet Music (Paperback)", "tags": "Orchestral Strings All Woodwind Instruments Basic Violins Musical Instrument Accessories Guitar Pickups Pianos Shop Piano Keyboards by Size", "relevancy_score": 0.0, "price": "$18.80"}, {"title": "Hamilton: Ukulele Selections (Paperback)", "tags": "Orchestral Strings All Woodwind Instruments Basic Violins Musical Instrument Accessories Guitar Pickups Pianos Shop Piano Keyboards by Size", "relevancy_score": 5.062825806451613, "price": "$16.99"}, {"title": "Woman of Color", "tags": "United States Kids' Books Essays on Social Science Prejudice & Racism Death, Grief Loss Poetry by Female Poets African American Discrimination Race Relations", "relevancy_score": 0.0, "price": "$8.88"}, {"title": "Millie Marotta Adult Coloring Book: Beautiful Birds and Treetop Treasures (Paperback)", "tags": "Classic Kids' Books Iceland & Greenland Travel Western Novels Prejudice Racism Drawing Coloring", "relevancy_score": 5.062825806451613, "price": "$4.25"}, {"title": "Guitar Chords - eBook", "tags": "Pop Vocal Music Books Education Reference Theory Woodwinds Recording & Reproduction Guitar Fretted Instrument Printed Korean Language", "relevancy_score": 0.0, "price": "$5.99"}, {"title": "Copper, Brass and Bronze of Iran: From the Late 14th to the Mid-18th Century in the Hermitage Collection (Hardcover)", "tags": "", "relevancy_score": 0.0, "price": "$43.59"}, {"title": "Fundamentals: The Fundamentals of Interior Design (Paperback)", "tags": "Decorating Crafts & Hobbies Books History Criticism Design Decorative Arts Remodeling Renovation Decoration Ornament Early Childhood Education Residential Architecture", "relevancy_score": 0.0, "price": "$27.20"}, {"title": "National Gallery of Art 2021 Engagement Calendar", "tags": "General Art History Books Sculpture & Installation Contemporary European Prints Modern Toys Antiques Collectibles Collections, Catalogs Exhibitions", "relevancy_score": 0.0, "price": "$15.99"}, {"title": "The Teenage Slasher Movie Book, 2nd Revised and Expanded Edition (Paperback)", "tags": "History & Criticism Film Books No-Ficcion Libros Para Ninos New King James Version General Theater Spanish Kids' Individual Director Reference Historical", "relevancy_score": 0.0, "price": "$19.57"}, {"title": "Worship - Super Easy Songbook (Paperback)", "tags": "Pop Vocal Music Books General Instruction & Study Piano Keyboard Strings Rock Guitar Classical Children's", "relevancy_score": 0.0, "price": "$13.45"}, {"title": "Sons of Anarchy : The Official Collector's Edition", "tags": "", "relevancy_score": 25.27822857142857, "price": "$25.28"}, {"title": "Ernst Haas : New York in Color, 1952-1962 (Hardcover)", "tags": "Plants & Animals Photography Books Erotica Portraits Selfies Celebrity Rock Music Photoessays Documentaries Architectural Industrial Collections, Catalogs Exhibitions", "relevancy_score": 0.0, "price": "$44.67"}, {"title": "Level 3b - Lesson Book: Piano Adventures (Paperback)", "tags": "Orchestral Strings All Woodwind Instruments Basic Violins Musical Instrument Accessories Guitar Pickups Pianos Shop Piano Keyboards by Size", "relevancy_score": 5.062825806451613, "price": "$7.99"}, {"title": "Level 3b - Performance Book: Piano Adventures (Paperback)", "tags": "Orchestral Strings All Woodwind Instruments Basic Violins Musical Instrument Accessories Guitar Pickups Pianos Shop Piano Keyboards by Size", "relevancy_score": 10.121725, "price": "$6.99"}, {"title": "Final Fantasy XIV: Final Fantasy XIV: Shadowbringers -- The Art of Reflection -Histories Forsaken- (Paperback)", "tags": "", "relevancy_score": 0.0, "price": "$29.72"}, {"title": "The Art of the Stonemason (Paperback)", "tags": "Individual Architects & Firms Books Landmarks Monuments Labor Industrial Relations Political Design Construction Modern Architecture History Residential Methods Materials Masonry", "relevancy_score": 0.0, "price": "$19.56"}, {"title": "Pinkalicious & Peterrific: Pinkatastic Pets! (DVD)", "tags": "General Canadian History Books TV Reference Curiosities & Wonders Funny Kids' Science Fiction, Fantasy Horror Biographies Memoirs Cozy Mystery Criticism", "relevancy_score": 0.0, "price": "$10.39"}, {"title": "Graphing Paper Composition Notebook 5 Squares Per Inch 6.69 X 9.61: Graph paper composition notebook: Composition notebook graph paper - Quadrille notebook mead graph notebook - used for math or scien", "tags": "Shop Notebooks by Brand 5-Subject Spiral School Supplies Color Composition Books Office Bulk Buys 1-Subject Copy & Multipurpose Paper All", "relevancy_score": 0.0, "price": "$9.96"}, {"title": "National Geographic the Photo Ark Limited Earth Day Edition : One Man's Quest to Document the World's Animals (Hardcover)", "tags": "China Travel Books Holocaust History Kids' Wildlife Animal Primate Mammals Biological Diversity Life Science Environmental Conservation & Protection Arts in Education", "relevancy_score": 5.062825806451613, "price": "$23.85"}, {"title": "The Midsummer Station (CD)", "tags": "All Rock Music Madonna Music: Vinyl Records Pop on CD or R&B and Soul:", "relevancy_score": 13.077054545454544, "price": "$13.81"}, {"title": "Billie Eilish - When We All Fall Asleep, Where Do We Go? (Paperback)", "tags": "All Rock Music New Release Music: Vinyl Records General Pop", "relevancy_score": 0.0, "price": "$16.18"}, {"title": "Drawing Pad for Kids : Childrens Sketch Book for Drawing Practice ( Best Gifts for Age 4, 5, 6, 7, 8, 9, 10, 11, and 12 Year Old Boys and Girls - Great Art Gift, Top Boy Toys and Books )", "tags": "Plants & Animals Art Books Mindfulness Meditation Papercrafts Crafts Hobbies Drawing Color Theory Illustration Coloring General", "relevancy_score": 0.0, "price": "$13.67"}, {"title": "Harry Potter: Constellation: Harry Potter: Gryffindor Constellation Sewn Pocket Notebook Collection (Paperback)", "tags": "Harry Potter Children & Adult Costumes Ariel Clothing All Snow White Shop Glass Teenage Mutant Ninja Turtles Women's Rapunzel - Tangled Mulan", "relevancy_score": 0.0, "price": "$8.99"}, {"title": "How To Draw Comics The Marvel Way", "tags": "General Comic Books & Graphic Novels Techniques Kids' Study Teaching Art Drawing Cartooning Nonfiction Manga", "relevancy_score": 37.210021052631575, "price": "$13.94"}, {"title": "Faith Bible Verses Coloring Book for Adults : Featuring Illustrations and Designs to Color with Bible Scripture Verses on Faith", "tags": "Plants & Animals Art Books Maps Road Atlases Religious Mindfulness Meditation Legal Dictionaries Terminology Papercrafts Crafts Hobbies Drawing General", "relevancy_score": 14.27822857142857, "price": "$8.99"}, {"title": "Chanel : The Vocabulary of Style", "tags": "Women's Perspective Biographies & Autobiographies for Kids Artist General Art History Books Fashion Photography Memoirs Cultural Heritage Novels Biographical Decorating", "relevancy_score": 10.121725, "price": "$66.49"}, {"title": "Harry Potter Slytherin Hardcover Ruled Journal", "tags": "History & Criticism Film Books Dragons, Unicorns Mythical Creatures Kids' Science Fiction Fantasy Media Tie-In Novels Popular Culture Art Harry Potter Cookbooks Food Animation", "relevancy_score": 0.0, "price": "$17.62"}, {"title": "Poldark: The Complete Fourth Season (Masterpiece) (DVD)", "tags": "New DVD Releases Crime United Kingdom Movies Drama TV Shows Sci-Fi & Fantasy Boxed Sets Collections All Documentaries Classics", "relevancy_score": 15.177054545454546, "price": "$25.51"}, {"title": "Wolves Coloring: Coloring Book for Adults Wolves Design in Mandala Coloring Book Style Designs for Stress Relief, Relaxation and Boost Creativity (Paperback)", "tags": "Plants & Animals Art Books Wolf Animal Mindfulness Meditation Papercrafts Crafts Hobbies Drawing Illustration Coloring General", "relevancy_score": 5.062825806451613, "price": "$18.99"}, {"title": "The Ultimate Guide to Modern Calligraphy & Hand Lettering for Beginners (Paperback)", "tags": "Pen & Ink Drawing Books Techniques Kids' Pencil Mixed Media Art Book History of Education Handwriting", "relevancy_score": 0.0, "price": "$9.33"}, {"title": "Mister Rogers' Neighborhood: Would You Be Mine Collection (DVD)", "tags": "General Canadian History Books TV Reference Curiosities & Wonders Science Fiction, Fantasy Horror Biographies Memoirs Cozy Mystery Film Criticism", "relevancy_score": 0.0, "price": "$12.57"}, {"title": "50 Three-Chord Christmas Songs for Guitar, Banjo, and Uke (Paperback)", "tags": "Orchestral Strings All Woodwind Instruments Basic Violins Musical Instrument Accessories Guitar Pickups Pianos Shop Piano Keyboards by Size", "relevancy_score": 0.0, "price": "$19.99"}, {"title": "Ash vs. Evil Dead: Season 3 (DVD)", "tags": "All 4K Ultra HD Movies Mystery & Suspense Supernatural Horror Sci-Fi Fantasy New Release Action Adventure Instawatch", "relevancy_score": 5.062825806451613, "price": "$19.33"}, {"title": "The New York Big Band Concert (DVD)", "tags": "All Anime & Animation Animated Drama Movies Family Romantic Comedy Action Adventure Instawatch", "relevancy_score": 0.0, "price": "$24.73"}, {"title": "Black Notebooks: The Black Paper Journal : College Ruled - 6x9 Black Paper Notebook (Series #1) (Paperback)", "tags": "Customs & Traditions Books Japanese History Literary Collections - Letters Criticism Asian Drama Drawing Kids' Poetry", "relevancy_score": 0.0, "price": "$12.95"}, {"title": "Dover Pictorial Archives: Godey's Fashions Coloring Book (Paperback)", "tags": "Fashion Crafts & Hobbies Books General American Art Mindfulness Meditation Kids' Accessories Design Origami", "relevancy_score": 0.0, "price": "$7.33"}, {"title": "Color Mixing Recipes: 1,500 Color Mixing Recipes for Oil, Acrylic & Watercolor: Achieve Precise Color When Painting Landscapes, Portraits, Still Lifes, and More (Hardcover)", "tags": "Watercolor Painting Books Portraits Art Crafts & Hobbies Landscapes Seascapes Oil Color Theory Coloring", "relevancy_score": 23.27822857142857, "price": "$19.99"}, {"title": "The Legend of Korra: The Art of the Animated Series Book One - Air", "tags": "General Comic Books & Graphic Novels Tarot Cards Comic-Con Video Game Film Art Individual Artists Prints Science Fiction Fantasy", "relevancy_score": 5.062825806451613, "price": "$28.80"}, {"title": "Alfred's Premier Piano Course: Premier Piano Course Lesson Book, Bk 1a: Book & CD (Other)", "tags": "Orchestral Strings All Woodwind Instruments Basic Violins Musical Instrument Accessories Guitar Pickups Pianos Shop Piano Keyboards by Size", "relevancy_score": 5.062825806451613, "price": "$9.80"}, {"title": "The Durrells in Corfu: The Complete Fourth Season (Masterpiece) (DVD)", "tags": "General Canadian History Books TV Reference Curiosities & Wonders Science Fiction, Fantasy Horror Biographies Memoirs Cozy Mystery Film Criticism", "relevancy_score": 0.0, "price": "$25.99"}, {"title": "Nightfall Coloring Book: Originally Published in Sweden as Skymningstimman (Hardcover)", "tags": "Pencil Drawing Books General Art Clip Mother's Day Crafts & Hobbies Advertising Graphic Typography", "relevancy_score": 0.0, "price": "$13.79"}, {"title": "Thomas Kinkade Special Collector's Edition 2021 Deluxe Wall Calendar : Reflections", "tags": "Plants & Animals Art Books European Prints Religious Landscapes Seascapes Folk Outsider Popular Culture Artists, Architects Photographers Biographies Memoirs", "relevancy_score": 0.0, "price": "$17.09"}]