[{"title": "White Fragility : Why It's So Hard for White People to Talk About Racism", "tags": "All 4K Ultra HD Movies Family Drama New Release DVD Action & Adventure Comedy Children", "relevancy_score": 76.57664, "price": "$9.60"}, {"title": "12 Rules for Life : An Antidote to Chaos", "tags": "Penology Books Top 100 Ethics & Moral Philosophy Adult Non-Fiction Behaviorism Movement in Psychology Russian History Applied", "relevancy_score": 78.72142978723403, "price": "$15.55"}, {"title": "Road Back to You Set: The Road Back to You (Hardcover)", "tags": "Personality Psychology Books Family Affirmations Self-Help Interpersonal Relations Conflict Resolution Activities Prayer Personal Growth", "relevancy_score": 32.47273513513513, "price": "$18.28"}, {"title": "Best Self: Be You, Only Better (Hardcover)", "tags": "Adult Non-Fiction Top 100 Success General Self-Help Books Literary Summaries & Notes Motivational Inspirational Love Romance Happiness", "relevancy_score": 70.98053333333333, "price": "$13.29"}, {"title": "The Complete Adult Psychotherapy Treatment Planner : Includes Dsm-5 Updates", "tags": "Geriatrics Books Pediatrics Compulsive Behavior Psychopathology Counseling Psychotherapy Couples & Family Practice Management in Psychology General Psychiatry Child Adolescent", "relevancy_score": 33.172735135135134, "price": "$56.63"}, {"title": "Atomic Habits : An Easy & Proven Way to Build Good Habits & Break Bad Ones (Hardcover)", "tags": "Fashion & Style Self-Help Books Adult Non-Fiction Top 100 Social Psychology GED Test Prep Armed Forces Leadership in Business College Back to School", "relevancy_score": 18.1696, "price": "$16.20"}, {"title": "The New Jim Crow (Paperback)", "tags": "Penology Books Civil Rights Political General Criminal Law Counseling Education African American Studies Women's History Month Nonfiction Discrimination & Race Relations Organized True Crime", "relevancy_score": 141.7208, "price": "$20.51"}, {"title": "Jesus Politics: How to Win Back the Soul of America (Hardcover)", "tags": "Spiritual Warfare Angelology & Demonology Men's Issues Bible Study Guides Sociology of Religion Books Social Prophets Professional Growth", "relevancy_score": 29.040266666666664, "price": "$11.99"}, {"title": "Advanced Review of Speech-Language Pathology: Preparation for PRAXIS and Comprehensive Examination", "tags": "", "relevancy_score": 0.0, "price": "$118.00"}, {"title": "The Dialectical Behavior Therapy Skills Workbook : Practical Dbt Exercises for Learning Mindfulness, Interpersonal Effectiveness, Emotion Regulation, and Distress Tolerance (Edition 2) (Paperback)", "tags": "", "relevancy_score": 9.0901, "price": "$18.79"}, {"title": "Becoming Bulletproof : Protect Yourself, Read People, Influence Situations, and Live Fearlessly", "tags": "Personality Psychology Books Family General Business Communication Prophecy Interpersonal Relations Evolutionary Leadership in Language Experience Approach", "relevancy_score": 5.046503225806451, "price": "$20.48"}, {"title": "The Tyranny of Merit : What's Become of the Common Good? (Hardcover)", "tags": "Ethics & Moral Philosophy Books General Sociology American Government Political History Theory Fascism Totalitarianism Ideologies Ethnic Studies Freedom Discrimination Race Relations", "relevancy_score": 0.0, "price": "$25.20"}, {"title": "DBT Skills Training Handouts and Worksheets, Second Edition", "tags": "Football Books General Substance Abuse & Addictions Self-Help Addiction Psychopathology Practice Management in Psychology Neuropsychology Psychiatry Child Adolescent Psychotherapy", "relevancy_score": 10.0901, "price": "$36.40"}, {"title": "My Daddy is a Hero: How Chris Watts Went from Family Man to Family Killer (Paperback)", "tags": "Presidents & Heads of State Biographies Memoirs General Psychology Books Abuse Self-Help Prejudice Racism Social Themes Teen Young Adult Crafts, Hobbies Activities Kids' College Back to School Clothing Dress Children's", "relevancy_score": 15.131054545454546, "price": "$12.99"}, {"title": "Hillbilly Elegy : A Memoir of a Family and Culture in Crisis", "tags": "Mother's Day Gift Guide Books Beach Reads Poverty & Homelessness Southern State Local United States History Women's Month Nonfiction Rural Sociology Adult Fiction Top 100", "relevancy_score": 395.0114625954198, "price": "$10.65"}, {"title": "Separated : Inside an American Tragedy (Hardcover)", "tags": "Presidents & Heads of State Biographies Memoirs Social Activists Economic Conditions Books Labor Business Money General Editors, Journalists Publishers Political Personal", "relevancy_score": 10.0901, "price": "$24.99"}, {"title": "The Coddling of the American Mind : How Good Intentions and Bad Ideas Are Setting Up a Generation for Failure (Paperback)", "tags": "Personality Psychology Books History & Criticism Film Food Beverage Jungian Movement in Multigenerational Kids' General TV Harry Potter", "relevancy_score": 10.0901, "price": "$17.34"}, {"title": "I Hate You--Don't Leave Me : Understanding the Borderline Personality", "tags": "Personality Psychology Books General Prejudice & Racism Social Themes Teen Young Adult Law Crime Urban Fantasy Family Psychopathology TV History Criticism", "relevancy_score": 23.372735135135134, "price": "$12.19"}, {"title": "Permission to Feel : Unlocking the Power of Emotions to Help Our Kids, Ourselves, and Our Society Thrive", "tags": "Child Developmental Psychology Books Zen Philosophy Espa\u00f1ol Para Hispanohablantes, Spanish for Speakers Depression General Animal Zoology Life Science Personal Success in Business & Money Adolescent Psychotherapy", "relevancy_score": 5.046503225806451, "price": "$25.06"}, {"title": "Evicted : Poverty and Profit in the American City", "tags": "Adult Non-Fiction Top 100 Urban Sociology Books General Poetry Inspirational & Religious Mother's Day Gift Guide Poverty Homelessness by Female Poets", "relevancy_score": 391.1588743362832, "price": "$15.28"}, {"title": "Overstated : A Coast-To-Coast Roast of the 50 States (Hardcover)", "tags": "Parodies Feminism & Feminist Theory Books Essays Anecdotes Quotations Executive Branch Political Comic Strips Cartoons Discrimination Race Relations General Crafts Hobbies", "relevancy_score": 0.0, "price": "$21.40"}, {"title": "Mill Town : Reckoning with What Remains (Hardcover)", "tags": "Rich & Famous Biographies Memoirs Body Art Tattooing Books Body, Mind Spirit Kids' Mother's Day Gift Guide Women MLB Entertainment Performing Arts", "relevancy_score": 0.0, "price": "$21.13"}, {"title": "The Twilight Series : An Unauthorized Look at the Criticism Against the Characters in the Novels By Stephenie Meyers (Paperback)", "tags": "General Games & Activities Teen Young Adult Books Entertainment Computers Digital Media Holocaust History Contagious Historiography Software Kids' Vampire Weight Control Cookbooks", "relevancy_score": 0.0, "price": "$19.75"}, {"title": "The Tipping Point : How Little Things Can Make a Big Difference (Paperback)", "tags": "Project Management Books Office Software Motivational & Personal Success Leadership Labels Business Biographies Memoirs Marketing Investments Securities", "relevancy_score": 527.6794909090909, "price": "$13.87"}, {"title": "Cognitive Behavioral Therapy in K-12 School Settings, Second Edition : A Practitioner's Workbook (Edition 2) (Paperback)", "tags": "Clinical Psychology Books Mental Health Couples & Family Psychotherapy General Substance Abuse Addictions Self-Help Machinery Technology Engineering Addiction Psychopathology Counseling Education Child Adolescent", "relevancy_score": 0.0, "price": "$51.41"}, {"title": "The Book of Symbols", "tags": "Personality Psychology Books General Business Communication Anthropology Social Science Reference Occultism Folklore & Mythology Money Skills", "relevancy_score": 5.046503225806451, "price": "$32.25"}, {"title": "Gulag Archipelago, 1918-1956: The Gulag Archipelago Volume 3 (Paperback)", "tags": "Banned Political Books Intelligence & Espionage Criminals Outlaws Biographies Memoirs Criminology Russian History Photoessays Documentaries General Criminal Law Discrimination Race Relations", "relevancy_score": 10.0901, "price": "$16.24"}, {"title": "Feeling Great : The Revolutionary New Treatment for Depression and Anxiety (Hardcover)", "tags": "Men's Issues Mental Health Books Counseling Psychotherapy Dating Love & Romance Happiness Healthy Living Child Adolescent", "relevancy_score": 0.0, "price": "$20.47"}, {"title": "The Fourth Turning : What the Cycles of History Tell Us About America's Next Rendezvous with Destiny", "tags": "Social History Books Science Fiction & Fantasy Art Evolution Life Metaphysics Philosophy Genetics Genomics Civilization Computers Information Technology Industry Quantum Theory Physics", "relevancy_score": 28.44026666666667, "price": "$15.71"}, {"title": "Anxiety, Depression & Anger Toolbox for Teens : 150 Powerful Mindfulness, CBT & Positive Psychology Activities to Manage Emotions (Paperback)", "tags": "Child Developmental Psychology Books Zen Philosophy Espa\u00f1ol Para Hispanohablantes, Spanish for Speakers Depression General Animal Zoology Life Science Personal Success in Business & Money Adolescent Psychotherapy", "relevancy_score": 0.0, "price": "$25.11"}, {"title": "The State of Affairs (Paperback)", "tags": "Clinical Psychology Books Mental Health Couples & Family Psychotherapy General Substance Abuse Addictions Self-Help Interpersonal Relations Marriage Long-Term Relationships Counseling Education Human Sexuality", "relevancy_score": 0.0, "price": "$7.75"}, {"title": "Internships in Psychology : The APAGS Workbook for Writing Successful Applications and Finding the Right Fit", "tags": "Marriage & Family Sociology Books Creative Ability Psychology Clinical Educational Behaviorism Movement in Counseling Psychotherapy Children's Studies Research Methodology", "relevancy_score": 0.0, "price": "$33.15"}, {"title": "Why the Rich Are Getting Richer (Paperback)", "tags": "Project Management Books File Folders Motivational & Personal Success Accounting Finance Cleaning Pads Sponges Business Biographies Memoirs Marketing Investments Securities", "relevancy_score": 0.0, "price": "$15.28"}, {"title": "The Attachment Theory Workbook (Paperback)", "tags": "Adoption & Fostering General Psychotherapy Books Kids' Counseling Couples Family Anger Child Abuse Adolescent", "relevancy_score": 0.0, "price": "$14.09"}, {"title": "The Science of Interstellar (Paperback)", "tags": "Relativity Physics Books Adult Non-Fiction Top 100 Cosmology Science Security in Politics General & Nature Teen Young Technology Policy Astronomy", "relevancy_score": 14.231054545454548, "price": "$19.29"}, {"title": "All We Can Save : Truth, Courage, and Solutions for the Climate Crisis (Hardcover)", "tags": "Environmental Policy Books Diabetes Essays on Nature Coastal Regions & Shorelines Ancient Roman History Meteorology Climatology Earth Science Healthy Living Conservation Protection", "relevancy_score": 0.0, "price": "$30.41"}, {"title": "First, We Make the Beast Beautiful : A New Journey Through Anxiety (Hardcover)", "tags": "Men's Issues Mental Health Books Counseling Psychotherapy Dating Love & Romance Happiness Healthy Living Child Adolescent", "relevancy_score": 3.0465032258064517, "price": "$20.31"}, {"title": "The Man Who Mistook His Wife for a Hat : And Other Clinical Tales (Paperback)", "tags": "Medical Research Books Clinical Psychology Social Science Methodology in Nursing & Theory Education General Psychiatry Reference", "relevancy_score": 238.75014545454545, "price": "$7.19"}, {"title": "A Parent's Guide to High-Functioning Autism Spectrum Disorder, Second Edition : How to Meet the Challenges and Help Your Child Thrive", "tags": "Pediatrics Books Behavioral, Emotional & Social Disability Special Education General Autism Spectrum Disorders Activities Toilet Training Developmental Psychology Intellectual", "relevancy_score": 0.0, "price": "$17.99"}, {"title": "Eastern Body, Western Mind : Psychology and the Chakra System As a Path to the Self", "tags": "Archaeology Books Genealogy & Heraldry Reference General Anthropology Ethnic Studies Communication Women's Social Science Advertising Promotion", "relevancy_score": 10.0901, "price": "$16.41"}, {"title": "Building Trust : In Business, Politics, Relationships, and Life (Paperback)", "tags": "Drugs Substance Abuse & Addictions Self-Help Books Family Mental Health Psychology Dating Conflict Resolution Communication Social Skills Love Romance Negotiation", "relevancy_score": 0.0, "price": "$25.21"}, {"title": "My Life on the Road (Paperback)", "tags": "Rich & Famous Biographies Memoirs Body Art Tattooing Books Body, Mind Spirit Kids' Small Spaces Mother's Day Gift Guide Women Entertainment Performing Arts", "relevancy_score": 119.60858305084744, "price": "$14.58"}, {"title": "Social and Emotional Learning in the Classroom : Promoting Mental Health and Academic Success", "tags": "Child Developmental Psychology Books Clinical Mental Health Adolescent Pediatrics Counseling Psychotherapy Social Work Practice Management in", "relevancy_score": 0.0, "price": "$45.30"}, {"title": "Gender : Ideas, Interactions, Institutions", "tags": "General LGBT Studies Books Feminism & Feminist Theory Gay Human Sexuality Psychology Men's Natural Law Women's", "relevancy_score": 0.0, "price": "$86.87"}, {"title": "The Heroine's Journey Workbook : A Map for Every Woman's Quest (Paperback)", "tags": "Sociolinguistics Books Men's Issues Essays on Social Science Gender Studies Communication African American Women's History Month Nonfiction", "relevancy_score": 0.0, "price": "$17.18"}, {"title": "Spark : The Revolutionary New Science of Exercise and the Brain", "tags": "Preschool to Kindergarten Back School Books Cognitive Psychology & Cognition Puzzle General Language Arts Kids' Mathematics Bodybuilding Weight Training Study Aids Workbooks for Kids", "relevancy_score": 19.3696, "price": "$14.51"}, {"title": "Seeing Red : The One Book Every Woman Needs to Read. Period. (Hardcover)", "tags": "Diabetes Exercise General Sports & Recreation Kids' Books Heart New King James Version Nutrition Gynecology Obstetrics Sexuality", "relevancy_score": 0.0, "price": "$7.99"}, {"title": "A Fearless Heart : How the Courage to Be Compassionate Can Transform Our Lives", "tags": "Child Developmental Psychology Books Zen Philosophy Espa\u00f1ol Para Hispanohablantes, Spanish for Speakers Depression General Animal Zoology Life Science Personal Success in Business & Money Adolescent Psychotherapy", "relevancy_score": 0.0, "price": "$13.99"}, {"title": "Good Morning, Monster : A Therapist Shares Five Heroic Stories of Emotional Recovery (Hardcover)", "tags": "Football Books Couples & Family Psychotherapy General Substance Abuse Addictions Self-Help Addiction Psychopathology Practice Management in Psychology Neuropsychology Psychiatry Child Adolescent", "relevancy_score": 0.0, "price": "$22.32"}, {"title": "Progressive Racism (Hardcover)", "tags": "Campaigns & Elections Political Process Books General Religion, Science State Commentary Opinion Parties Executive Branch National American Government Corruption Misconduct", "relevancy_score": 0.0, "price": "$21.07"}, {"title": "Morgellons Disease : The Silent Pandemic (Paperback)", "tags": "Medical Research Books Drugs Substance Abuse & Addictions Self-Help Pharmacology Nursing Vaccination Social Science Methodology in Theory Violence Society", "relevancy_score": 0.0, "price": "$12.95"}, {"title": "Braiding Sweetgrass : Indigenous Wisdom, Scientific Knowledge and the Teachings of Plants (Hardcover)", "tags": "Botany Life Science Books Environmentalists & Naturalists Biographies Memoirs Global Warming Climate Change Tree Plant Ecology Zoology Environmental Conservation Protection Blended Families Kids'", "relevancy_score": 0.0, "price": "$25.17"}, {"title": "A Bite-Sized History of France (Paperback)", "tags": "Middle Eastern Cookbooks General Wine & Alcohol Books Italian Beer Agriculture Food California Style Cooking Grilling Southern States", "relevancy_score": 0.0, "price": "$15.09"}, {"title": "Mexican Americans and the Law : \u00a1El pueblo unido jam\u00e1s ser\u00e1 vencido!", "tags": "Marriage & Family Sociology Books Emigration Immigration 20th Century United States History Political Advocacy Process Literary Collections - American Policy Individual Film Director Southwest State Local", "relevancy_score": 0.0, "price": "$24.61"}, {"title": "Worksheets for Cognitive Behavioral Therapy for Drug or Alcohol Problems : CBT Workbook to Deal with Stress, Anxiety, Anger, Control Mood, Learn New Behaviors & Regulate Emotions (Paperback)", "tags": "Alcohol Substance Abuse & Addictions Self-Help Books Devotional Comparative Religion Anecdotes Quotations Twelve-Step Programs Neurology Codependency Adult Continuing Education", "relevancy_score": 0.0, "price": "$11.34"}, {"title": "Digital Detox Card Deck : 56 Practices to Help You Detox, De-Stress, Distract and Discover", "tags": "Child Developmental Psychology Books Zen Philosophy Espa\u00f1ol Para Hispanohablantes, Spanish for Speakers Depression General Animal Zoology Life Science Personal Success in Business & Money Adolescent Psychotherapy", "relevancy_score": 0.0, "price": "$17.25"}, {"title": "Emotional Eating Guide : Simple Effective Tips to Control Emotional Eating (Paperback)", "tags": "Pharmacology Nursing Books Espa\u00f1ol Para Hispanohablantes, Spanish for Speakers Fantasy Manga General Substance Abuse & Addictions Self-Help Dieting Weight Control Cookbooks Eating Disorders Psychopathology Women's Health", "relevancy_score": 0.0, "price": "$8.95"}, {"title": "The Miracle of Right Thought (Hardcover)", "tags": "General Baseball Books Mental Health Spiritual Self-Help Substance Abuse & Addictions Interpersonal Relations Psychology Neuropsychology Post-Traumatic Stress Disorder Psychopathology Mind Body Philosophy", "relevancy_score": 0.0, "price": "$23.94"}, {"title": "Footprints in the Dust : Nursing, Survival, Compassion, and Hope with Refugees Around the World", "tags": "Strategic Planning Books Religious Studies Economic Development India & South Asia History African Political Poverty Homelessness Media West", "relevancy_score": 0.0, "price": "$23.69"}, {"title": "Hindu Tales From the Sanskrit - Mythological Stories for Children & Adults (Paperback)", "tags": "", "relevancy_score": 0.0, "price": "$11.65"}, {"title": "Epic Measures: One Doctor. Seven Billion Patients. (Hardcover)", "tags": "Religious Biographies & Memoirs Theology Heart Diseases Books Cultural Heritage General Psychopathology Health Care Delivery Near-Death Experience", "relevancy_score": 0.0, "price": "$3.49"}, {"title": "Gods and Myths of Northern Europe", "tags": "Tarot Cards & Books Witchcraft Magick Studies Fairy Tales, Folk Legends Mythology Literary Criticism New England State Local United States History Comparative Religion Popular Culture Art General Library Information Science", "relevancy_score": 8.0901, "price": "$12.81"}, {"title": "Dying to Cross: The Worst Immigrant Tragedy in American History (Paperback)", "tags": "Midwest State & Local United States History Books Criminals Outlaws Biographies Memoirs Cults Murder True Crime Meetings Presentations in Business Regional Photography Law Enforcement Political", "relevancy_score": 2.0465032258064517, "price": "$5.75"}, {"title": "Can We All Be Feminists? : New Writing from Brit Bennett, Nicole Dennis-Benn, and 15 Others on Intersectionality, Identity, and the Way Forward for Feminism", "tags": "Rich & Famous Biographies Memoirs Science Fiction Teen Young Adult Books Marine Biology Life LGBT Novels Education Women's History Month Nonfiction Weddings Reference", "relevancy_score": 5.046503225806451, "price": "$13.95"}, {"title": "My Name is Julian : Personalized Primary Tracing Book / Learning How to Write Their Name / Practice Paper Designed for Kids in Preschool and Kindergarten (Paperback)", "tags": "Kids' Activity Books General Learning Concept School & Education Elementary Reading Phonics Handwriting Parent Participation in Summer Workbooks", "relevancy_score": 0.0, "price": "$9.58"}, {"title": "Care of the Soul, Twenty-Fifth Anniversary Ed: A Guide for Cultivating Depth and Sacredness in Everyday Life (Paperback)", "tags": "Child Developmental Psychology Books Zen Philosophy Espa\u00f1ol Para Hispanohablantes, Spanish for Speakers Depression General Animal Zoology Life Science Personal Success in Business & Money Adolescent Psychotherapy", "relevancy_score": 27.240266666666667, "price": "$13.98"}, {"title": "For Small Creatures Such as We : Rituals for Finding Meaning in Our Unlikely World (Hardcover)", "tags": "Rich & Famous Biographies Memoirs Body Art Tattooing Books Body, Mind Spirit Kids' Mother's Day Gift Guide Women MLB Entertainment Performing Arts", "relevancy_score": 0.0, "price": "$19.74"}, {"title": "Summary of Man's Search for Meaning: by Viktor E. Frankl", "tags": "", "relevancy_score": 0.0, "price": "$9.65"}, {"title": "Maphead : Charting the Wide, Weird World of Geography Wonks", "tags": "Archaeology Books General Political Anthropology Psychotherapy Transpersonal Movement in Psychology Female Authors Literary Criticism Psychoanalysis Technology & Engineering", "relevancy_score": 103.15527272727272, "price": "$6.75"}, {"title": "Planet Funny : How Comedy Ruined Everything", "tags": "Personality Psychology Books History & Criticism Film Food Beverage Jungian Movement in All Dungeons Dragons General TV Popular Culture Art Japan Travel", "relevancy_score": 0.0, "price": "$5.49"}, {"title": "Stonehenge - A New Understanding - Paperback", "tags": "Transpersonal Movement in Psychology Books Native American Studies Communication Psychoanalysis Ancient Greek History General Social Science Advertising & Promotion", "relevancy_score": 5.046503225806451, "price": "$6.75"}, {"title": "Many Lives, Many Masters : The True Story of a Prominent Psychiatrist, His Young Patient, and the Past-Life Therapy That Changed Both Their Lives", "tags": "Afterlife & Reincarnation Compulsive Behavior Psychopathology Books Counseling Psychotherapy Neuroscience Radiology, Radiotherapy Nuclear Medicine Social Science Research Love Romance Neurology", "relevancy_score": 108.15527272727273, "price": "$7.19"}, {"title": "Llewellyn's Practical Magick: The Complete Book of Incense, Oils and Brews (Paperback)", "tags": "Magick Studies Paganism & Neo-Paganism Comparative Religion Motivational Inspirational Self-Help Books Affirmations Wicca Herbs Folklore Mythology", "relevancy_score": 33.1034947368421, "price": "$15.11"}, {"title": "Black women Adults Coloring Book : Beauty queens gorgeous black women African american afro dreads for adults relaxation art large creativity grown ups coloring relaxation stress relieving patterns anti boredom anti anxiety intricate ornate therapy (Paperback)", "tags": "Collections, Catalogs & Exhibitions Art Books General Mental Health Psychology Stress Management Folk Outsider African American Coloring", "relevancy_score": 24.20594285714286, "price": "$14.34"}, {"title": "Why Did I Come Into This Room? : A Candid Conversation about Aging (Hardcover)", "tags": "Revolutionary Period United States History Books Diabetes Exercise Religion, Science & State Heart Nutrition Gynecology Obstetrics Sexuality", "relevancy_score": 23.20594285714286, "price": "$25.05"}, {"title": "Why Are All the Black Kids Sitting Together in the Cafeteria? : And Other Conversations about Race (Edition 2) (Paperback)", "tags": "All 4K Ultra HD Movies Family Drama New Release DVD Action & Adventure Comedy Children", "relevancy_score": 8.0901, "price": "$12.18"}, {"title": "The Right Side of History (Hardcover)", "tags": "Top 100 Books Conservatism & Liberalism Political Ideologies Evolution Life Science Sociology of Religion Civilization History Applied Psychology College Back to School Religious Intolerance, Persecution Conflict", "relevancy_score": 15.131054545454546, "price": "$19.67"}, {"title": "Artificial Intelligence : A Guide for Thinking Humans (Hardcover)", "tags": "Data Modeling & Design Books Machine Theory Radiology, Radiotherapy Nuclear Medicine Engineering Business Money Skills Internal Visualization Harvard Review", "relevancy_score": 0.0, "price": "$21.57"}, {"title": "Publication Manual of the American Psychological Association : 7th Edition, 2020 Copyright (Edition 7) (Other)", "tags": "Business Writing Books Language Arts & Disciplines Reference Composition Creative Communication Studies Editing Proofreading Reader Authorship General", "relevancy_score": 0.0, "price": "$34.90"}, {"title": "Nothing General about It : How Love (and Lithium) Saved Me on and Off General Hospital (Hardcover)", "tags": "Men's Issues Mental Health Books Counseling Psychotherapy Dating Love & Romance Happiness Healthy Living Child Adolescent", "relevancy_score": 0.0, "price": "$14.39"}, {"title": "The Ellipsis Manual (Paperback)", "tags": "Espa\u00f1ol Para Hispanohablantes, Spanish for Speakers General Psychology Books Memory Improvement Radiography Dictionaries & Terminology Signals Signal Processing Technology Engineering Self-Hypnosis Self-Help Hypnotherapy", "relevancy_score": 0.0, "price": "$21.83"}, {"title": "Building Bridges Through Sensory Integration, 3rd Edition : Therapy for Children with Autism and Other Pervasive Developmental Disorders", "tags": "Pediatrics Books Behavioral, Emotional & Social Disability Special Education General Autism Spectrum Disorders Activities Toilet Training Developmental Psychology Intellectual", "relevancy_score": 0.0, "price": "$24.98"}, {"title": "Key Concepts: Concepts of the Self (Edition 4) (Paperback)", "tags": "Spiritual Growth Soteriology Jungian Movement in Psychology Books Counseling Psychotherapy NBA Exegesis & Hermeneutics Personal Reference", "relevancy_score": 0.0, "price": "$24.95"}, {"title": "Anxiety : What Turns It On. What Turns It Off.", "tags": "Child Developmental Psychology Books Zen Philosophy Espa\u00f1ol Para Hispanohablantes, Spanish for Speakers Depression General Animal Zoology Life Science Personal Success in Business & Money Adolescent Psychotherapy", "relevancy_score": 0.0, "price": "$8.77"}, {"title": "The Everything Psychology Book : Explore the human psyche and understand why we do the things we do", "tags": "Spiritual Growth Soteriology NBA Books Essays Exegesis & Hermeneutics History of Psychology Personal Reference", "relevancy_score": 0.0, "price": "$5.49"}, {"title": "Show Me All Your Scars: True Stories of Living with Mental Illness (Paperback)", "tags": "Journalism Books Mental Health Psychology Literary Collections - American Midwest United States Travel Books, Maps & Guides Essays on Social Science African General Criticism", "relevancy_score": 0.0, "price": "$14.02"}, {"title": "Get People to Do What You Want : How to Use Body Language and Words for Maximum Effect (Paperback)", "tags": "Tarot Cards & Books Witchcraft Adult Non-Fiction Top 100 Success Personal Growth Happiness Women's Issues", "relevancy_score": 0.0, "price": "$16.95"}, {"title": "Dialectical Behavior Therapy : A Comprehensive Guide to DBT and Using Behavioral Therapy to Manage Borderline Personality Disorder (Paperback)", "tags": "Nervous System Aging Self-Help Books Later Years Depression Anxieties & Phobias Stress Management Friendship Happiness", "relevancy_score": 0.0, "price": "$14.99"}, {"title": "My Son...My Son : A Guide to Healing After a Suicide in the Family", "tags": "Men's Issues Mental Health Books Counseling Psychotherapy Dating Love & Romance Happiness Healthy Living Child Adolescent", "relevancy_score": 0.0, "price": "$14.60"}, {"title": "The Anxiety Book : Developing Strength in the Face of Fear", "tags": "Antique & Classic Automotive Transportation Books Religious Biographies Memoirs Personal Practical Guides General Psychotherapy Anxieties Phobias Self-Help Depression Psychopathology Neuropsychology Post-Traumatic Stress Disorder", "relevancy_score": 0.0, "price": "$13.98"}, {"title": "Bell Hooks Love Trilogy (Paperback): Salvation: Black People and Love (Paperback)", "tags": "Food & Beverage History Books Slavery African American General United States Cultural Heritage Biographies Memoirs Women's Month Nonfiction Discrimination Race Relations Popular Culture", "relevancy_score": 0.0, "price": "$12.19"}, {"title": "The Asperkid's Secret Book of Social Rules: The Handbook of Not-So-Obvious Social Guidelines for Tweens and Teens with Asperger Syndrome (Paperback)", "tags": "Hunting Books Camping & Outdoor Activities Kids' Historical Mystery Language Study Science Fiction Romance Autism Spectrum Disorders General Erotica Paranormal, Occult Supernatural Teen Young Adult", "relevancy_score": 4.046503225806451, "price": "$16.23"}, {"title": "A Knock at Midnight : A Story of Hope, Justice, and Freedom (Hardcover)", "tags": "Penology Books Criminology Napoleonic Wars Military History Rough Guides Travel Books, Maps & Criminal Procedure Law Paralegals Paralegalism Politics Government Teen Young Adult Lawyers Judges Biographies Memoirs", "relevancy_score": 0.0, "price": "$25.20"}, {"title": "The Sumerians : Their History, Culture, and Character", "tags": "Ancient Mysteries & Controversial Knowledge Literary Collections - Classical Iran History Books Civilization General Social Science Architecture", "relevancy_score": 10.0901, "price": "$50.02"}, {"title": "Kentucky Remembered: An Oral History: Crawfish Bottom : Recovering a Lost Kentucky Community (Paperback)", "tags": "Future Studies Books Evolution Life Science Civilization History General United States Urban & Land Use Planning Middle Atlantic State Local 19th Century Modern Pet", "relevancy_score": 0.0, "price": "$28.52"}, {"title": "Beneath the Moon : Fairy Tales, Myths, and Divine Stories from Around the World", "tags": "Tarot Cards & Books Witchcraft Magick Studies Fairy Tales, Folk Legends Mythology Literary Criticism New England State Local United States History Comparative Religion Popular Culture Art General Library Information Science", "relevancy_score": 0.0, "price": "$15.59"}, {"title": "Lithuanians of Schuylkill County (Hardcover)", "tags": "Lifestyles Photography Books Mexico History Social Activists Biographies & Memoirs Economic Conditions Labor Business Money Editors, Journalists Publishers Political Middle Atlantic State Local United States", "relevancy_score": 0.0, "price": "$31.99"}, {"title": "The Minds of Billy Milligan", "tags": "Spiritual Growth Soteriology Jungian Movement in Psychology Books Counseling Psychotherapy NBA Exegesis & Hermeneutics Personal Reference", "relevancy_score": 0.0, "price": "$8.49"}, {"title": "Supporting Transgender Autistic Youth and Adults : A Guide for Professionals and Families (Paperback)", "tags": "", "relevancy_score": 0.0, "price": "$27.95"}, {"title": "Of Flying Saucers and Social Scientists: A Re-Reading of When Prophecy Fails and of Cognitive Dissonance", "tags": "General Sociology Books Evolution Life Science Urban Southern State & Local United States History Saints Sainthood Middle Atlantic Running Jogging", "relevancy_score": 0.0, "price": "$77.11"}, {"title": "COGAT Test Prep Grade 3 Level 9: Gifted and Talented Test Preparation Book - Practice Test/Workbook for Children in Third Grade (Paperback)", "tags": "General Educational Books Standards Games & Activity Activities Test Prep Early Childhood Education Summer Reading Workbooks Child Adolescent Psychotherapy", "relevancy_score": 5.046503225806451, "price": "$16.46"}, {"title": "Loving Someone with Borderline Personality Disorder : How to Keep Out-of-Control Emotions from Destroying Your Relationship", "tags": "Divorce & Separation Industrial Organizational Psychology Books Personality Anger Management Dissociative Identity Disorder Psychopathology General Abuse Self-Help Codependency", "relevancy_score": 0.0, "price": "$14.49"}, {"title": "Range : Why Generalists Triumph in a Specialized World", "tags": "Customs & Traditions Books Social Psychology Gender Studies Computers Technology Education General Psychopathology Autism Spectrum Disorders Political Essay Lifespan Development", "relevancy_score": 0.0, "price": "$20.02"}, {"title": "The Willie Lynch Letter and the Making of a Slave (Paperback)", "tags": "African American History Books Civil War United States Colonial Poverty & Homelessness Studies Cultural Heritage Biographies Memoirs Liberation", "relevancy_score": 9.131054545454546, "price": "$8.18"}, {"title": "Internal Family Systems Therapy, Second Edition (Edition 2) (Hardcover)", "tags": "Marriage & Family Sociology Books Adoption Fostering General Psychotherapy Counseling Self-Help Long-Term Relationships Human Sexuality Psychology Child Adolescent", "relevancy_score": 0.0, "price": "$33.65"}, {"title": "What Every Body Is Saying : An Ex-FBI Agent's Guide to Speed-Reading People (Paperback)", "tags": "Personality Psychology Books Family Dating Conflict Resolution Communication & Social Skills Self-Help Love Romance Negotiation General Career in Business", "relevancy_score": 19.20594285714286, "price": "$15.06"}, {"title": "Race Talk and the Conspiracy of Silence: Understanding and Facilitating Difficult Dialogues on Race (Paperback)", "tags": "Cognitive Psychology & Cognition Books Counseling Psychotherapy Social Philosophy Political Multicultural Education Aims Objectives in General Developmental Lifespan Development", "relevancy_score": 3.0465032258064517, "price": "$20.49"}, {"title": "Rise of the Warrior Cop : The Militarization of America's Police Forces", "tags": "Penology Books Midwest State & Local United States History Criminal Procedure Law General Sentencing in Counseling Education African American Studies Organized True Crime", "relevancy_score": 15.131054545454546, "price": "$15.09"}, {"title": "Hombres Son de Marte, Las Mujeres Son de Venus, Los (Paperback)", "tags": "Drugs Substance Abuse & Addictions Self-Help Books Family Mental Health Psychology Dating Conflict Resolution Communication Social Skills Love Romance Negotiation", "relevancy_score": 105.7208, "price": "$12.89"}, {"title": "Unforgetting: A Memoir of Family, Migration, Gangs, and Revolution in the Americas (Hardcover)", "tags": "Mexico History Books Social Activists Biographies & Memoirs Economic Conditions Labor Business Money General Ethnic Studies Editors, Journalists Publishers Political Hispanic American Poetry", "relevancy_score": 0.0, "price": "$20.47"}, {"title": "Small Wonders : Healing Childhood Trauma With EMDR", "tags": "General Baseball Books Mental Health Spiritual Self-Help Substance Abuse & Addictions Interpersonal Relations Psychology Neuropsychology Post-Traumatic Stress Disorder Psychopathology Mind Body Philosophy", "relevancy_score": 0.0, "price": "$16.34"}, {"title": "Swamp People: Season 5 (DVD)", "tags": "Anime Action All Animation & Cartoons Movies TV Shows Dragon Ball Z Show Reality Boxed Sets Collections", "relevancy_score": 22.20594285714286, "price": "$19.99"}, {"title": "The Complex PTSD Workbook (Paperback)", "tags": "Mental Health Psychology Books Behaviorism Movement in Abuse Self-Help Anxieties & Phobias Literary Comic Graphic Novels Physiological Post-Traumatic Stress Disorder Psychopathology", "relevancy_score": 10.0901, "price": "$14.14"}, {"title": "#deleted : Big Tech's Battle to Erase the Trump Movement and Steal the Election (Hardcover)", "tags": "Jewish History Books Ancient Mysteries & Controversial Knowledge Medical Criminals Outlaws Biographies Memoirs New Thought Terrorism Political Southwest State Local United States Propaganda", "relevancy_score": 0.0, "price": "$21.06"}, {"title": "The Valley of the Dry Bones (Paperback)", "tags": "Slavery Books General African History American United States Cultural Heritage Biographies & Memoirs Women's Month Nonfiction Discrimination Race Relations", "relevancy_score": 0.0, "price": "$13.95"}, {"title": "P.S.: Sex at Dawn: How We Mate, Why We Stray, and What It Means for Modern Relationships (Paperback)", "tags": "Sexuality & Gender Studies Books Couples Family Psychotherapy Gay Sexual Instruction Self-Help Human Health Sex Education", "relevancy_score": 66.10142608695652, "price": "$14.73"}, {"title": "The Right Side of History (Paperback)", "tags": "Spiritual Warfare Conservatism & Liberalism Political Ideologies Books Men's Issues Commentary Opinion Bible Study Guides Sociology of Religion Higher Education Religious Intolerance, Persecution Conflict", "relevancy_score": 0.0, "price": "$13.49"}, {"title": "P.S.: Flow : The Psychology of Optimal Experience (Paperback)", "tags": "Spiritual Growth Soteriology Jungian Movement in Psychology Books Counseling Psychotherapy NBA Exegesis & Hermeneutics Personal Happiness", "relevancy_score": 74.3406, "price": "$13.07"}, {"title": "Cognitive Processing Therapy for PTSD : A Comprehensive Manual", "tags": "Military Families Mental Health Psychology Books Counseling Psychotherapy Social Work Physiological Neuropsychology Post-Traumatic Stress Disorder Self-Help Child & Adolescent", "relevancy_score": 0.0, "price": "$39.02"}, {"title": "Loving Someone with Bipolar Disorder : Understanding and Helping Your Partner", "tags": "Emotions Self-Help Books Bipolar Disorder Psychopathology Memory Improvement Cognitive Behavioral Therapy Movement in Psychology Depression Neuroscience & Neuropsychology Comparative Religion", "relevancy_score": 9.0901, "price": "$16.45"}, {"title": "Communication Skills: Communication for Couples : An Essential Guide: Hear Your Partner to Achieve a Healthy Relationship, Improve Mindful Habits and Grow Empathy for Each Other (Series #3) (Paperback)", "tags": "Drugs Substance Abuse & Addictions Self-Help Books Family Mental Health Psychology Dating Conflict Resolution Communication Social Skills Love Romance Negotiation", "relevancy_score": 0.0, "price": "$14.78"}, {"title": "The End of Average: Unlocking Our Potential by Embrocing What Makes Us Different", "tags": "General Baseball Books Mental Health Spiritual Self-Help Substance Abuse & Addictions Interpersonal Relations Psychology Neuropsychology Post-Traumatic Stress Disorder Psychopathology Mind Body Philosophy", "relevancy_score": 0.0, "price": "$3.99"}, {"title": "The Gifts of Imperfection: 10th Anniversary Edition : Features a New Foreword and Brand-New Tools (Hardcover)", "tags": "Medical Research Books General Movements in Psychology & Methodology Science Social Nursing Theory Terminal Care Education", "relevancy_score": 0.0, "price": "$17.48"}, {"title": "Thinking, Fast and Slow", "tags": "Top 100 Books Personal Finance Investing Decision-Making & Problem Solving General Applied Psychology College Back to School Business Money Development Success in", "relevancy_score": 313.41340198019805, "price": "$16.13"}, {"title": "Detox Your Thoughts : Quit Negative Self-Talk for Good and Discover the Life You've Always Wanted (Hardcover)", "tags": "Adult Non-Fiction Top 100 Mental Health Psychology Books Success Motivational & Inspirational Self-Help Dating Mindfulness Meditation Love Romance", "relevancy_score": 0.0, "price": "$19.71"}, {"title": "The Freedom Writers Diary (Paperback)", "tags": "Philosophy, Theory & Social Aspects of Education Books Children Youth Holocaust History General Teaching Method on Writing Essays Women Biographies Memoirs Easter Lent Banned Literary Classic", "relevancy_score": 168.82377142857143, "price": "$13.07"}, {"title": "How the South Won the Civil War : Oligarchy, Democracy, and the Continuing Fight for the Soul of America (Hardcover)", "tags": "Presidents & Heads of State Biographies Memoirs Vietnam War Military History Books 20th Century Modern United States Russian African American", "relevancy_score": 0.0, "price": "$22.43"}, {"title": "Cognitive Behavior Therapy, Second Edition : Basics and Beyond", "tags": "Decision-Making & Problem Solving Books Social Psychology Neuroscience Life Science Cognitive Neuropsychology General Economics College Back to School Mind Body Philosophy", "relevancy_score": 10.0901, "price": "$56.12"}, {"title": "True Crime Gifts: American Female SERIAL KILLERS: Coloring Book for Adults. Over 60 killers to color (Paperback)", "tags": "General True Crime Books Mystery, Thriller & Suspense Manga Meetings Presentations in Business Horror Activity Novels Games Law Enforcement Biographies Memoirs", "relevancy_score": 5.046503225806451, "price": "$16.18"}, {"title": "Say It Louder!: Black Voters, White Narratives, and Saving Our Democracy (Paperback)", "tags": "Conservatism & Liberalism Political Ideologies Books Local American Government Adult Non-Fiction Top 100 General NBA Parties Process Executive Branch Corruption Misconduct", "relevancy_score": 10.0901, "price": "$15.84"}, {"title": "Cognitive Behavioural Therapy for Dummies (Paperback)", "tags": "Pragmatism Philosophy Movement Books Mental Health Psychology Behaviorism in Depression Cognitive Neuroscience & Neuropsychology Child Adolescent Psychiatry Psycholinguistics", "relevancy_score": 0.0, "price": "$19.31"}, {"title": "Dark Psychology: The Ultimate Guide to Learn How to Analyze People, Read Body Language and Stop Being Manipulated. With Secret Techniques Against Deception, Brainwashing, Mind Control and Covert NLP (", "tags": "Organizational Behavior Books Cognitive Psychology & Cognition General Psychotherapy Counseling Social Philosophy Political Developmental Lifespan Development", "relevancy_score": 0.0, "price": "$22.08"}, {"title": "Finding Quiet: My Story of Overcoming Anxiety and the Practices That Brought Peace (Paperback)", "tags": "Bipolar Disorder Psychopathology Books Religious Biographies & Memoirs Special Needs Kids' Mindfulness Meditation Anxieties Phobias High School Back to Happiness Personal", "relevancy_score": 0.0, "price": "$15.09"}, {"title": "The Art of Dreaming (Paperback)", "tags": "Archaeology Books Glass & Glassware Crafts Hobbies Native Americans Biographies Memoirs American History Folklore Mythology Shamanism Art Western State Local United States", "relevancy_score": 14.231054545454548, "price": "$12.79"}, {"title": "Clinical Guide to Psychiatric Assessment of Infants and Young Children (Hardcover)", "tags": "Fantasy Manga Mental Health Psychology Books Adolescent Developmental Pediatrics Emotions Counseling Psychotherapy Elementary & Secondary Administration Child", "relevancy_score": 0.0, "price": "$157.81"}, {"title": "Dear America : Notes of an Undocumented Citizen (Paperback)", "tags": "Emigration & Immigration Kids' Books Political Social Activists Biographies Memoirs Economic Conditions Editors, Journalists Publishers Personal", "relevancy_score": 0.0, "price": "$6.99"}, {"title": "The Wake-Up Call : Why the Pandemic Has Exposed the Weakness of the West, and How to Fix It (Hardcover)", "tags": "", "relevancy_score": 0.0, "price": "$15.28"}, {"title": "Don't Overthink It: Make Easier Decisions, Stop Second-Guessing, and Bring More Joy to Your Life (Paperback)", "tags": "Spiritual Growth Family Adult Non-Fiction Top 100 Success Motivational & Inspirational Self-Help Books Counseling Recovery Spirituality Women's Issues", "relevancy_score": 0.0, "price": "$5.99"}, {"title": "Practice Test for the COGAT Grade 5 Level 11: CogAT Test Prep Grade 5: Cognitive Abilities Test Form 7 and 8 for 5th Grade (Paperback)", "tags": "Gifted Education Books General Games & Activity Short Stories for Kids Test Prep Monsters Kids' Early Childhood Stochastic Processes Bayesian Analysis Mathematics", "relevancy_score": 0.0, "price": "$19.99"}, {"title": "Fault Lines : Fractured Families and How to Mend Them (Hardcover)", "tags": "Family Dysfunctional Families Men's Issues Etiquette Reference Books Interpersonal Relations Psychology Communication Studies & Social Skills Self-Help Prophets", "relevancy_score": 0.0, "price": "$20.99"}, {"title": "Journey into the Whirlwind", "tags": "Critical & Intensive Care Nursing Books Body Art Tattooing Ethics Moral Philosophy Neuroscience Radiology, Radiotherapy Nuclear Medicine Neurology Internal General Diagnostic Imaging", "relevancy_score": 34.7034947368421, "price": "$15.67"}, {"title": "Route 66 in Kansas (Paperback)", "tags": "Railroad History Books Literary Collections - General Regional Photography Action & Adventure Novels Western Historical 19th Century United States", "relevancy_score": 0.0, "price": "$17.41"}, {"title": "Saving Mona Lisa : The Battle to Protect the Louvre and Its Treasures from the Nazis (Paperback)", "tags": "Weapons in Military History Books Napoleonic Wars Strategy Revolutionary Modern Art World War II Fashion & Accessories Design", "relevancy_score": 15.3696, "price": "$17.33"}, {"title": "Take My Hand : Two best friends, two sons fighting for their lives, one true story about motherhood, grief and hope. (Paperback)", "tags": "Rich & Famous Biographies Memoirs Body Art Tattooing Books Body, Mind Spirit Kids' Mother's Day Gift Guide Women MLB Entertainment Performing Arts", "relevancy_score": 0.0, "price": "$15.17"}, {"title": "Mi Hermana : C\u00f3mo La Transici\u00f3n de Una Hermana Nos Cambi\u00f3 a Ambas (Paperback)", "tags": "General LGBT Studies Books Rich & Famous Biographies Memoirs Social Activists Culinary Cultural Heritage Kids' Death Dying Themes Teen Young Adult Literary Collections -", "relevancy_score": 0.0, "price": "$15.25"}, {"title": "The Other Side of Sadness : What the New Science of Bereavement Tells Us about Life After Loss (Paperback)", "tags": "Event Planning Reference Books Grief & Loss Psychology Suicide Death, Bereavement Devotional Meditations Self-Help Literary Collections - Diaries Journals Death Dying", "relevancy_score": 0.0, "price": "$15.09"}, {"title": "The Happiness Formula : Simple Habits for a More Joyful Life (Paperback)", "tags": "Adult Non-Fiction Top 100 Mental Health Psychology Books Success Motivational & Inspirational Self-Help Dating Mindfulness Meditation Love Romance", "relevancy_score": 0.0, "price": "$14.67"}, {"title": "Healing Arts: Earth Medicine : Ancestor's Ways of Harmony for Many Moons (Paperback)", "tags": "Archaeology Books Glass & Glassware Crafts Hobbies Native Americans Biographies Memoirs American History Folklore Mythology Shamanism Art Western State Local United States", "relevancy_score": 0.0, "price": "$12.79"}, {"title": "Magical Passes: The Practical Wisdom of the Shamans of Ancient Mexico (Paperback)", "tags": "Archaeology Books Glass & Glassware Crafts Hobbies Native Americans Biographies Memoirs American History Folklore Mythology Shamanism Art Western State Local United States", "relevancy_score": 0.0, "price": "$13.35"}, {"title": "Los fantasmas del espejo/  The Ghosts in the Mirror: Anorexia y bulimia la moda mortal que puede evitarse/ Anorexia and Bulimia the Deadly Fashion that Can Be Avoided", "tags": "Eating Disorders & Body Image Self-Help Books General Psychotherapy Christology Mental Health Psychology Comic Book Graphic Novel Anthologies Women's Studies", "relevancy_score": 0.0, "price": "$5.99"}, {"title": "Mastering Your Adult ADHD WB 2e P (Paperback)", "tags": "English as a Second Language Books Compulsive Behavior Psychopathology Counseling Psychotherapy Neuroscience Radiology, Radiotherapy & Nuclear Medicine Social Science Research Neurology Internal", "relevancy_score": 0.0, "price": "$37.86"}, {"title": "Eloquent Rage : A Black Feminist Discovers Her Superpower", "tags": "Women's History Books Mother's Day Gift Guide Feminism & Feminist Theory Women Biographies Memoirs African American Studies Personal Lawyers Judges", "relevancy_score": 4.046503225806451, "price": "$9.75"}, {"title": "Modificaci\u00f3n de Conducta : Principios y Procedimientos, sexta edici\u00f3n (Paperback)", "tags": "Behavioral Management in Education Books Assessment, Testing & Measurement Psychology Training Clinical Jungian Movement General Teaching Method Psychoanalysis Human Sexuality", "relevancy_score": 0.0, "price": "$95.00"}, {"title": "Holding the Line : Inside Trump's Pentagon with Secretary Mattis (Hardcover)", "tags": "Marriage & Family Sociology Books Minority Studies Labor Business Money Poverty Homelessness Civics Citizenship Political Cultural Heritage Biographies Memoirs Demography Violence in Society", "relevancy_score": 0.0, "price": "$20.48"}, {"title": "The Spirit of a Man : A Vision of Transformation for Black Men and the Women Who Love Them (Paperback)", "tags": "Food & Beverage History Books Slavery African American Short Story General United States Cultural Heritage Biographies Memoirs Women's Month Nonfiction Discrimination Race Relations", "relevancy_score": 0.0, "price": "$12.77"}, {"title": "Human Judgment and Social Policy : Irreducible Uncertainty, Inevitable Error, Unavoidable Injustice (Paperback)", "tags": "General Baseball Books Mental Health Spiritual Self-Help Substance Abuse & Addictions Interpersonal Relations Psychology Neuropsychology Post-Traumatic Stress Disorder Psychopathology Mind Body Philosophy", "relevancy_score": 0.0, "price": "$67.00"}, {"title": "The Happiness Hypothesis : Finding Modern Truth in Ancient Wisdom", "tags": "Organizational Behavior Books Cognitive Psychology & Cognition General Psychotherapy Counseling Social Philosophy Political Developmental Lifespan Development", "relevancy_score": 64.98053333333333, "price": "$13.87"}, {"title": "Lithics", "tags": "Transpersonal Movement in Psychology Books Native American Studies Communication Psychoanalysis Ancient Greek History General Social Science Advertising & Promotion", "relevancy_score": 0.0, "price": "$60.48"}, {"title": "Science And Human Behavior", "tags": "Behavioral Management in Education Books Assessment, Testing & Measurement Psychology Training Clinical Jungian Movement General Teaching Method Psychoanalysis Human Sexuality", "relevancy_score": 5.046503225806451, "price": "$8.25"}, {"title": "In-Formation: Will to Live: AIDS Therapies and the Politics of Survival (Paperback)", "tags": "Medical Research Books Virology Life Science AIDS & HIV Epidemiology History Nutrition Magnetism Physics Preventive Medicine", "relevancy_score": 0.0, "price": "$54.75"}, {"title": "The Covert Passive-Aggressive Narcissist : Recognizing the Traits and Finding Healing After Hidden Emotional and Psychological Abuse (Paperback)", "tags": "Anger Management Mental Health Psychology Books Abuse Self-Help Interpersonal Relations General Ethnic Studies African American Drama Child by Female Authors", "relevancy_score": 0.0, "price": "$16.62"}, {"title": "David and Goliath : Underdogs, Misfits, and the Art of Battling Giants", "tags": "Organizational Behavior Books Cognitive Psychology & Cognition General Psychotherapy Counseling Social Philosophy Political Developmental Lifespan Development", "relevancy_score": 223.24449655172413, "price": "$21.64"}, {"title": "Closing of the American Mind : How Higher Education Has Failed Democracy and Impoverished the Souls of Today's Students", "tags": "Archaeology Books General Political Anthropology Psychotherapy Transpersonal Movement in Psychology Female Authors Literary Criticism Psychoanalysis Technology & Engineering", "relevancy_score": 43.61188571428572, "price": "$7.19"}, {"title": "Gawain, Shakti: The Creative Visualization Workbook (Paperback)", "tags": "Decision-Making & Problem Solving Books Social Psychology Neuroscience Life Science General Self-Help Cognitive Neuropsychology Economics Mind Body Philosophy", "relevancy_score": 0.0, "price": "$14.49"}, {"title": "Story Stitch: Telling Stories. Opening Minds. Becoming Neighbors. (Other)", "tags": "Mexico History Books Social Activists Biographies & Memoirs Economic Conditions Labor Business Money General Ethnic Studies Editors, Journalists Publishers Political Hispanic American Poetry", "relevancy_score": 0.0, "price": "$15.67"}, {"title": "The Plot to Change America : How Identity Politics Is Dividing the Land of the Free (Hardcover)", "tags": "Research Reference Books General Wine & Alcohol Historical Geography Photography History Trivia Political Theory Civilization", "relevancy_score": 0.0, "price": "$21.68"}, {"title": "Black Rednecks & White Liberals : Hope, Mercy, Justice and Autonomy in the American Health Care System", "tags": "General LGBT Studies Books Emigration & Immigration Law Social Classes Economic Disparity Ethnic Southern State Local United States History Women's Discrimination Race Relations", "relevancy_score": 18.1696, "price": "$18.12"}, {"title": "Complete Series: The Complete World of Greek Mythology (Hardcover)", "tags": "Witchcraft Folklore & Mythology Social Science Kids' Books Magick Studies Cardiology Ancient Greek History Medical Technology Fairy Tales, Folk Legends Novels", "relevancy_score": 5.046503225806451, "price": "$28.04"}, {"title": "Pihkal : A Chemical Love Story (Paperback)", "tags": "Atomic & Molecular Physics Books Science Technology Biographies Memoirs Advanced Placement Test Prep Radiology, Radiotherapy Nuclear Medicine Education High School Back to Popular Culture", "relevancy_score": 0.0, "price": "$20.49"}, {"title": "Shades of Intolerance: How Capitalism and Terrorism Shape Discrimination (Paperback)", "tags": "Minority Studies Books Politics African American History General Ethnic Essays Southern State & Local United States", "relevancy_score": 0.0, "price": "$87.95"}, {"title": "The Self Esteem Workbook for Women (Paperback)", "tags": "Cognitive Psychology & Cognition Books Abuse Self-Help Anxieties Phobias Spiritual Meditations Self-Esteem Codependency Kids'", "relevancy_score": 0.0, "price": "$14.67"}, {"title": "Narrative of the Life of Frederick Douglass (Wisehouse Classics Edition) (Paperback)", "tags": "Slavery Books Women's History Southern State & Local United States Political Biographies Memoirs African American Studies MLB Philosophy of Mathematics Discrimination Race Relations", "relevancy_score": 185.64093333333335, "price": "$8.26"}, {"title": "Neurobiological Foundations for EMDR Practice (Paperback)", "tags": "Education & Training in Psychology Books Compulsive Behavior Psychopathology Counseling Psychotherapy Neuroscience Radiology, Radiotherapy Nuclear Medicine Social Science Research Neurology Internal", "relevancy_score": 0.0, "price": "$65.00"}, {"title": "Gender and American Culture: Made from This Earth: American Women and Nature (Paperback)", "tags": "Archaeology Books General Political Anthropology Psychotherapy Transpersonal Movement in Psychology Female Authors Literary Criticism Psychoanalysis Technology & Engineering", "relevancy_score": 0.0, "price": "$45.32"}, {"title": "Llewellyn's World Religion & Magick: Celtic Myth & Magick: Harness the Power of the Gods & Goddesses (Paperback)", "tags": "", "relevancy_score": 4.0901, "price": "$23.92"}, {"title": "The Virus in the Age of Madness (Paperback)", "tags": "Terrorism Political Books 20th Century Modern History Security in Politics Fascism & Totalitarianism Ideologies Human Resources Personnel Management Harvard Business Review Violence Society", "relevancy_score": 0.0, "price": "$12.94"}, {"title": "The Diversity Delusion : How Race and Gender Pandering Corrupt the University and Undermine Our Culture", "tags": "Minority Studies Books Politics African American History General Ethnic Essays Southern State & Local United States", "relevancy_score": 5.046503225806451, "price": "$14.85"}, {"title": "Spirits from the Edge of the World: Classical shamanism in Ulchi Society (Paperback)", "tags": "General Sociology Books Evolution Life Science Urban Southern State & Local United States History Saints Sainthood Middle Atlantic Running Jogging", "relevancy_score": 0.0, "price": "$35.14"}, {"title": "John Hope Franklin Series in African American History and Culture (Paperback): Right to Ride: Streetcar Boycotts and African American Citizenship in the Era of Plessy v. Ferguson (Paperback)", "tags": "Black Studies Books Civil Rights Law African American History Fascism & Totalitarianism Political Ideologies Democracy Ideology Violence in Society Discrimination Race Relations", "relevancy_score": 0.0, "price": "$31.62"}, {"title": "African American Life: Pan Africanism in the African Diaspora : An Analysis of Modern Afrocentric Political Movements (Revised) (Edition 2) (Paperback)", "tags": "Philosophy, Theory & Social Aspects of Education Books Food Beverage History Slavery African American General United States Cultural Heritage Biographies Memoirs Women's Month Nonfiction Discrimination Race Relations", "relevancy_score": 0.0, "price": "$31.51"}, {"title": "The Emotionally Abusive Relationship (Paperback)", "tags": "Clinical Psychology Books General Psychotherapy Mental Health Obsessive Compulsive Disorder Abuse Self-Help Music Reference Psychiatry Entertainment & Performing Arts Biographies Memoirs", "relevancy_score": 0.0, "price": "$15.65"}, {"title": "Studio 54: Night Magic (Hardcover)", "tags": "Country & Bluegrass Music Books Piano-Vocal-Guitar Printed Piano Keyboard Mixed Collections Rock Individual Composer Artist Classical General / Sheet", "relevancy_score": 0.0, "price": "$30.02"}, {"title": "Autism : A Path To Healing: A Holistic View on Autism, Environmental Factors, Diet and Rhythmic Movement Training. (Paperback)", "tags": "Pharmacology Nursing Books Medical History Holistic Medicine Herbal Medications Internal Alternative Therapies Pain", "relevancy_score": 0.0, "price": "$26.06"}, {"title": "Why It Matters: Anthropology: Why It Matters (Paperback)", "tags": "General Sociology Books Evolution Life Science Urban Southern State & Local United States History Saints Sainthood Middle Atlantic Running Jogging", "relevancy_score": 3.0465032258064517, "price": "$13.73"}, {"title": "If These Ovaries Could Talk : The Things We've Learned About Making An LGBTQ Family (Paperback)", "tags": "", "relevancy_score": 0.0, "price": "$18.95"}, {"title": "This Is All I Got : A New Mother's Search for Home (Hardcover)", "tags": "Slavery Books Social Classes & Economic Disparity Urban Sociology Developing Emerging Countries Prostitution Sex Trade Science General Ethnic Studies Issues Rural", "relevancy_score": 0.0, "price": "$21.22"}, {"title": "Massey Lectures: Necessary Illusions : Thought Control in Democratic Societies (Paperback)", "tags": "Civil Rights Law Books General American Government Political African History Democracy Ideology Media Studies Violence in Society Discrimination & Race Relations", "relevancy_score": 8.0901, "price": "$16.41"}, {"title": "The Latin Deli : Telling the Lives of Barrio Women (Paperback)", "tags": "Lexicography Books Literary Collections - Essays American Midwest United States Travel Books, Maps & Guides Biographies Memoirs Jokes Riddles Classic Novels Cultural Heritage", "relevancy_score": 0.0, "price": "$13.35"}, {"title": "Women Who Rock Our World 2021 Wall Calendar (Other)", "tags": "Sociolinguistics Books Men's Issues Essays on Social Science Gender Studies Communication African American Women's History Month Nonfiction", "relevancy_score": 0.0, "price": "$13.51"}, {"title": "The Religious Instruction of the Negroes in the United States (Paperback)", "tags": "Presidents & Heads of State Biographies Memoirs Maritime History Piracy Books Expeditions Discoveries 21st Century Modern South America Exploration Discovery Kids' 19th Economic", "relevancy_score": 0.0, "price": "$15.34"}, {"title": "Presumed Incompetent II : Race, Class, Power, and Resistance of Women in Academia (Paperback)", "tags": "College Entrance Guide Books Education & Training in Psychology General Sports Coaching Social Classes Economic Disparity Higher Children's Kid's Aeronautics, Astronautics Space Science Test Prep Shamanism", "relevancy_score": 0.0, "price": "$56.51"}, {"title": "The Elusive Embryo : How Women and Men Approach New Reproductive Technologies", "tags": "General Psychotherapy Books Evolution Life Science Transpersonal Movement in Psychology Fossil Communication Studies Psychoanalysis Social Advertising & Promotion", "relevancy_score": 0.0, "price": "$34.74"}, {"title": "On Being a Therapist (Paperback)", "tags": "General Baseball Books Mental Health Spiritual Self-Help Substance Abuse & Addictions Interpersonal Relations Psychology Neuropsychology Post-Traumatic Stress Disorder Psychopathology Mind Body Philosophy", "relevancy_score": 0.0, "price": "$24.99"}, {"title": "Psychology Self Esteem (Paperback)", "tags": "Cognitive Psychology & Cognition Books Adolescent Developmental Abuse Self-Help Self-Esteem Self-Reliance Kids' NBA Codependency", "relevancy_score": 4.046503225806451, "price": "$26.93"}, {"title": "Psychology (Paperback)", "tags": "General Baseball Books Educational Psychology Mental Health Substance Abuse & Addictions Self-Help Interpersonal Relations Neuropsychology Post-Traumatic Stress Disorder Psychopathology Mind Body Philosophy", "relevancy_score": 0.0, "price": "$35.63"}, {"title": "The Invention of Decolonization (Paperback)", "tags": "Mexico History Books Social Activists Biographies & Memoirs Economic Conditions Labor Business Money General Ethnic Studies Editors, Journalists Publishers Political Hispanic American Poetry", "relevancy_score": 0.0, "price": "$33.94"}, {"title": "Citizen Woman : An Illustrated History of the Women's Movement (Hardcover)", "tags": "Tarot Cards & Books Women's Perspective Biographies Autobiographies for Kids Trivia Reference African American History Amish MLB Month Nonfiction Philosophy of Mathematics", "relevancy_score": 0.0, "price": "$31.61"}, {"title": "Love Is Letting Go of Fear, Third Edition", "tags": "Archaeology Books General Anthropology Parent & Adult Child Communication Studies Epistolary Teen Young Codependency Self-Help Social Science Advertising Promotion", "relevancy_score": 14.231054545454548, "price": "$11.61"}, {"title": "Warriors of Legend : Reflections of Japan in Sailor Moon", "tags": "Personality Psychology Books History & Criticism Film Food Beverage Jungian Movement in All Dungeons Dragons General TV Popular Culture Art Japan Travel", "relevancy_score": 0.0, "price": "$14.40"}, {"title": "Psychology", "tags": "General Baseball Books Mental Health Spiritual Self-Help Substance Abuse & Addictions Interpersonal Relations Psychology Neuropsychology Post-Traumatic Stress Disorder Psychopathology Mind Body Philosophy", "relevancy_score": 0.0, "price": "$8.69"}, {"title": "Social Work ASWB Bachelors Exam Guide: BSW Licensure Exam Study Guide and Practice Test Questions for LSW Test Prep [2nd Edition] (Paperback)", "tags": "Arts & Humanities Education Books Children's Studies Social Science Research Methodology in Services Welfare Policy Human Post-Traumatic Stress Disorder Psychopathology Child Adolescent Psychotherapy", "relevancy_score": 0.0, "price": "$32.99"}, {"title": "Industrial Society and Its Future: Unabomber Manifesto (Paperback)", "tags": "Social History Books Science Fiction & Fantasy Art Evolution Life Metaphysics Philosophy Genetics Genomics Civilization Computers Information Technology Industry Quantum Theory Physics", "relevancy_score": 0.0, "price": "$11.49"}, {"title": "The Tipping Point: How Little Things Canmake a Big Difference", "tags": "Cognitive Psychology & Cognition Books Counseling Psychotherapy General Marketing Social Philosophy Political Developmental Advertising Promotion Lifespan Development", "relevancy_score": 0.0, "price": "$25.76"}, {"title": "Treatments That Work: Managing Chronic Pain : A Cognitive-Behavioral Therapy Approach (Paperback)", "tags": "Clinical Psychology Books Decision-Making & Problem Solving Social Neuroscience Life Science Cognitive Neuropsychology General Economics Diseases", "relevancy_score": 0.0, "price": "$37.78"}, {"title": "Classical Sociological Theory: A Reader (Paperback)", "tags": "Critical & Intensive Care Nursing Books Body Art Tattooing Ethics Moral Philosophy Neuroscience Radiology, Radiotherapy Nuclear Medicine Neurology Internal General Diagnostic Imaging", "relevancy_score": 0.0, "price": "$27.19"}, {"title": "Creative Interventions for Challenging Children & Adolescents : 186 Techniques, Activities, Worksheets & Communication Tips to Change Behaviors (Paperback)", "tags": "General Music Instruction & Study Books Mental Health Counseling Psychotherapy Guitar Yearbooks Annuals Healthy Living Printed / Sheet Child Adolescent", "relevancy_score": 0.0, "price": "$22.21"}, {"title": "Norton Interpersonal Neurobiology: Foundational Concepts in Neuroscience : A Brain-Mind Odyssey (Series #0) (Hardcover)", "tags": "Clinical Psychology Books Neuroscience Life Science Radiology, Radiotherapy & Nuclear Medicine Anatomy Neurology Internal General Diagnostic Imaging Genetics", "relevancy_score": 0.0, "price": "$42.11"}, {"title": "Psychology: A Complete Introduction", "tags": "General Baseball Books Mental Health Spiritual Self-Help Substance Abuse & Addictions Interpersonal Relations Psychology Neuropsychology Post-Traumatic Stress Disorder Psychopathology Mind Body Philosophy", "relevancy_score": 0.0, "price": "$23.31"}, {"title": "Treatments That Work: Riding the Wave Workbook (Paperback)", "tags": "Education & Training in Psychology Books Compulsive Behavior Psychopathology Counseling Psychotherapy Neuroscience Radiology, Radiotherapy Nuclear Medicine Social Science Research Neurology Internal", "relevancy_score": 0.0, "price": "$36.91"}, {"title": "Blackwell Anthologies in Social & Cultural Anthropology (Paperback): Psychological Anthropology: A Reader on Self in Culture (Paperback)", "tags": "General Sociology Books Evolution Life Science Urban Southern State & Local United States History Saints Sainthood Middle Atlantic Running Jogging", "relevancy_score": 0.0, "price": "$46.20"}, {"title": "Money : The True Story of a Made-Up Thing (Hardcover)", "tags": "Commerce Business & Investing Books Economic Theory Public Finance General E-Commerce Interest Money Computers Information Technology Industry History Banks Banking", "relevancy_score": 0.0, "price": "$21.06"}, {"title": "Safe People Workbook : How to Find Relationships That Are Good for You and Avoid Those That Aren't (Paperback)", "tags": "Family General Baseball Books Substance Abuse & Addictions Self-Help Interpersonal Relations Psychology Neuropsychology Personal Growth Post-Traumatic Stress Disorder Psychopathology Mind Body Philosophy", "relevancy_score": 0.0, "price": "$12.19"}, {"title": "The Trouble They Seen : The Story Of Reconstruction In The Words Of African Americans", "tags": "Philosophy, Theory & Social Aspects of Education Books Food Beverage History Slavery African American General United States Cultural Heritage Biographies Memoirs Women's Month Nonfiction Discrimination Race Relations", "relevancy_score": 0.0, "price": "$18.89"}, {"title": "Joyful : The Surprising Power of Ordinary Things to Create Extraordinary Happiness (Hardcover)", "tags": "Family Life Novels Adult Non-Fiction Top 100 Young Books Beach Reads Essays Classics Teen & Cleaning, Caretaking Organizing Happiness", "relevancy_score": 0.0, "price": "$20.77"}, {"title": "Together : The Healing Power of Human Connection in a Sometimes Lonely World (Hardcover)", "tags": "Men's Issues Mental Health Books Counseling Psychotherapy Dating Love & Romance Happiness Healthy Living Child Adolescent", "relevancy_score": 0.0, "price": "$22.21"}, {"title": "Adult Psychotherapy Homework Planner", "tags": "Clinical Psychology Books General Psychotherapy Mental Health Pediatrics Substance Abuse & Addictions Self-Help Practice Management in Counseling Education Child Adolescent", "relevancy_score": 0.0, "price": "$59.82"}, {"title": "Mindful of Race : Transforming Racism from the Inside Out", "tags": "Minority Studies Books Politics African American History General Ethnic Essays Southern State & Local United States", "relevancy_score": 0.0, "price": "$15.07"}, {"title": "Dying of Whiteness : How the Politics of Racial Resentment Is Killing America's Heartland", "tags": "Minority Studies Books Politics African American History General Ethnic Essays Southern State & Local United States", "relevancy_score": 0.0, "price": "$15.49"}, {"title": "Concrete Mama: Prison Profiles from Walla Walla (Paperback)", "tags": "Intelligence & Espionage Political Books Pacific Northwest State Local United States History Criminals Outlaws Biographies Memoirs Criminology Russian Photoessays Documentaries General Criminal Law Discrimination Race Relations", "relevancy_score": 0.0, "price": "$28.57"}, {"title": "The Mis-Education of the Negro (Paperback)", "tags": "Philosophy, Theory & Social Aspects of Education Books Food Beverage History Slavery African American General United States Cultural Heritage Biographies Memoirs Women's Month Nonfiction Discrimination Race Relations", "relevancy_score": 0.0, "price": "$8.50"}, {"title": "After the Affair: Healing the Pain and Rebuilding Trust When a Partner Has Been Unfaithful (Paperback)", "tags": "Tarot Cards & Books Success Couples Family Psychotherapy Motivational Inspirational Self-Help Reference Cookbooks Marriage Long-Term Relationships Angels Spirit Guides Happiness", "relevancy_score": 12.131054545454546, "price": "$6.75"}, {"title": "Practice Planners: The Complete Anxiety Treatment and Homework Planner (Paperback)", "tags": "Football Books Compulsive Behavior Psychopathology General Substance Abuse & Addictions Self-Help Addiction Practice Management in Psychology Neuropsychology Psychiatry Child Adolescent Psychotherapy", "relevancy_score": 0.0, "price": "$39.96"}, {"title": "Soul Full of Coal Dust : A Fight for Breath and Justice in Appalachia (Hardcover)", "tags": "Energy Industry Books Infrastructure Fisheries & Aquaculture Technology Engineering Policy Colonial United States History Imperialism Political Fossil Fuels Power Resources Mining", "relevancy_score": 0.0, "price": "$27.00"}, {"title": "The Complete Illustrated Kama Sutra (Hardcover)", "tags": "Paul's Letters New Testament Social Issues Human Sexuality Psychology Books Sexual Instruction Self-Help Love & Romance Clergy Marriage", "relevancy_score": 0.0, "price": "$22.32"}, {"title": "Men, Women, and Worthiness : The Experience of Shame and the Power of Being Enough", "tags": "Intermediate Reading Kids' Books Adult Non-Fiction Top 100 Women in Business New King James Version General Animal Zoology Life Science Leadership", "relevancy_score": 0.0, "price": "$15.32"}, {"title": "On Killing : The Psychological Cost of Learning to Kill in War and Society", "tags": "Organizational Behavior Books Cognitive Psychology & Cognition General Psychotherapy Counseling Social Philosophy Political Developmental Lifespan Development", "relevancy_score": 52.43583255813954, "price": "$7.75"}, {"title": "The Turnaway Study : Ten Years, a Thousand Women, and the Consequences of Having\u2014or Being Denied\u2014an Abortion", "tags": "Education & Training in Psychology Books Social Classes Economic Disparity Policy Children's Studies Couples Family Psychotherapy Marriage Long-Term Relationships Communication Skills Self-Help Love", "relevancy_score": 0.0, "price": "$20.53"}, {"title": "DSM-5 Insanely Simplified: Unlocking the Spectrums within DSM-5 and ICD-10 (Paperback)", "tags": "Compulsive Behavior Psychopathology Books Counseling Psychotherapy Neuroscience Radiology, Radiotherapy & Nuclear Medicine Social Science Research Neurology General Psychiatry", "relevancy_score": 0.0, "price": "$19.95"}, {"title": "The Violence Inside Us : A Brief History of an Ongoing American Tragedy", "tags": "Drugs Substance Abuse & Addictions Self-Help Books Safety Disease Health Issues Social Classes Economic Disparity Civil Rights Political Eastern European History Violence Harassment Education School", "relevancy_score": 0.0, "price": "$21.47"}, {"title": "Getting Past Your Past: Take Control of Your Life with Self-Help Techniques from Emdr Therapy (Paperback)", "tags": "Adult Non-Fiction Top 100 Mental Health Psychology Books Decision-Making & Problem Solving Cognitive Neuroscience Neuropsychology General Economics Love Romance Happiness", "relevancy_score": 6.0901, "price": "$14.51"}, {"title": "Winning from Within: A Breakthrough Method for Leading, Living, and Lasting Change (Hardcover)", "tags": "General Baseball Books Mental Health Spiritual Self-Help Substance Abuse & Addictions Interpersonal Relations Psychology Neuropsychology Post-Traumatic Stress Disorder Psychopathology Mind Body Philosophy", "relevancy_score": 0.0, "price": "$25.40"}, {"title": "The American Crisis : What Went Wrong. How We Recover. (Paperback)", "tags": "Legislative Branch Political Books Conservatism & Liberalism Ideologies Public Affairs Administration Commentary Opinion History Theory Executive Constitution Corruption Misconduct", "relevancy_score": 0.0, "price": "$18.00"}, {"title": "Stakes Is High : Life After the American Dream (Hardcover)", "tags": "Philosophy, Theory & Social Aspects of Education Books Food Beverage History Slavery African American General United States Cultural Heritage Biographies Memoirs Women's Month Nonfiction Discrimination Race Relations", "relevancy_score": 0.0, "price": "$21.89"}, {"title": "Behavioral Human Psychology : This Book Includes: Manipulation Psychology, Mental Models, Mental Models Tools, How to Analyze People, Empath Skills and Narcissistic Abuse (Paperback)", "tags": "Nervous System Cognitive Psychology & Cognition Books Alzheimer's Dementia Memory Improvement Behavioral Therapy Movement in Neuroscience Life Science Depression", "relevancy_score": 0.0, "price": "$35.54"}, {"title": "Dark Psychology : An Essential Guide to Persuasion, Manipulation, Deception, Mind Control, Negotiation, Human Behavior, NLP, and Psychological Warfare (Hardcover)", "tags": "Spiritual Growth Soteriology Jungian Movement in Psychology Books Counseling Psychotherapy NBA Exegesis & Hermeneutics Personal Reference", "relevancy_score": 0.0, "price": "$25.53"}, {"title": "A Brief Introduction to Corrections (Other)", "tags": "Penology Books Midwest State & Local United States History Criminal Procedure Law General Sentencing in Counseling Education African American Studies Organized True Crime", "relevancy_score": 0.0, "price": "$74.00"}, {"title": "For Dummies: Cognitive Behavioural Therapy (Edition 2) (Paperback)", "tags": "Football Books Cognitive Behavioral Therapy Movement in Psychology General Substance Abuse & Addictions Self-Help Addiction Psychopathology Practice Management Neuropsychology Psychiatry Child Adolescent Psychotherapy", "relevancy_score": 0.0, "price": "$16.41"}, {"title": "The Wolf at Twilight (Paperback)", "tags": "Archaeology Books Glass & Glassware Crafts Hobbies Native Americans Biographies Memoirs Adolescence Kids' American History Art Western State Local United States", "relevancy_score": 9.0901, "price": "$15.07"}, {"title": "Neither Wolf Nor Dog : On Forgotten Roads with an Indian Elder (Edition 25) (Paperback)", "tags": "Archaeology Books Native Americans Biographies & Memoirs American Studies Exploration Discovery History Kids' MLB 19th Century Modern Western State Local United States", "relevancy_score": 0.0, "price": "$15.65"}, {"title": "Creek Indian Medicine Ways: The Enduring Power of Mvskoke Religion (Paperback)", "tags": "Archaeology Books Glass & Glassware Crafts Hobbies Native Americans Biographies Memoirs American History Folklore Mythology Shamanism Art Western State Local United States", "relevancy_score": 0.0, "price": "$17.49"}, {"title": "Empowerment Series: Direct Social Work Practice : Theory and Skills (Edition 10) (Hardcover)", "tags": "Study & Teaching Art Books Latin Language Social Work General Construction Technology Engineering Technical Manufacturing Industries Trades Early Childhood Education Classroom Management Arts in", "relevancy_score": 0.0, "price": "$194.82"}, {"title": "A Woman's Influence : Own Your Worth, Cultivate Your Power, and Change Your Relationships for the Better (Hardcover)", "tags": "Family General Self-Help Books Couples & Psychotherapy Dating Love Romance Personal Growth Marriage Women's Issues", "relevancy_score": 24.20594285714286, "price": "$26.00"}, {"title": "Broken Faith: Inside the Word of Faith Fellowship, One of America's Most Dangerous Cults (Hardcover)", "tags": "Faith Bible Study Guides Horse Animal Books Cancer Biographical Novels Pentecostal & Charismatic New International Version Contemporary English", "relevancy_score": 10.0901, "price": "$21.48"}, {"title": "White Awake: An Honest Look at What It Means to Be White (Paperback)", "tags": "Media Tie-ins Comic Books & Graphic Novels Cultural Social Anthropology Religion, Science State Anatomy Physiology Life Human Strips Cartoons Discrimination Race Relations Humor", "relevancy_score": 4.046503225806451, "price": "$15.10"}, {"title": "Black Wall Street : From Riot to Renaissance in Tulsa's Historic Greenwood District (Paperback)", "tags": "20th Century United States History Books Slavery General State & Local African American Cultural Heritage Biographies Memoirs Women's Month Nonfiction Discrimination Race Relations", "relevancy_score": 0.0, "price": "$17.97"}, {"title": "Mindful Reminders Card Deck : 52 Powerful Practices for Adults", "tags": "Men's Issues Mental Health Books Counseling Psychotherapy Dating Love & Romance Happiness Healthy Living Child Adolescent", "relevancy_score": 0.0, "price": "$14.51"}, {"title": "College Test Preparation: Cracking the AP Human Geography Exam, 2020 Edition : Practice Tests & Prep for the New 2020 Exam (Paperback)", "tags": "General Sales & Selling Books Political Process Study Teaching History Counseling ACT Prep Physics SAT Authorship", "relevancy_score": 0.0, "price": "$23.69"}, {"title": "Handbook of Behavioral Medicine: Methods and Applications (Hardcover)", "tags": "Men's Issues Mental Health Books Counseling Psychotherapy Dating Love & Romance Happiness Healthy Living Child Adolescent", "relevancy_score": 0.0, "price": "$544.86"}, {"title": "Statistics for People Who (Think They) Hate Statistics (Paperback)", "tags": "Social Science Statistics Books Mathematical & Statistical Software Business Money Data Processing Applied Psychology in General Programming Language", "relevancy_score": 0.0, "price": "$87.61"}, {"title": "Tears We Cannot Stop : A Sermon to White America (Hardcover)", "tags": "Minority Studies Books Religion, Science & State Body, Mind Spirit Kids' Prophecy Civics Citizenship Political African American Art Eschatology Personal Memoirs", "relevancy_score": 39.932676923076926, "price": "$17.96"}]