[
    {
        "title": "Scosche NN032 - 82-UP Nissan Car Stereo Connector",
        "url": "https://www.walmart.com/ip/Scosche-NN032-82-UP-Nissan-Car-Stereo-Connector/1863069",
        "price": "$10.97",
        "stars": "4.3",
        "ratings": "6 ",
        "img": "",
        "tags": [
            [
                "Steering Wheel Interfaces",
                "/browse/auto-tires/steering-wheel-interfaces/91083_3947_2717013_2507036_2139330"
            ],
            [
                "Temperature Switches/ Control Modules",
                "/browse/auto-tires/temperature-switches-control-modules/91083_1074765_3305779"
            ],
            [
                "Dash Kits",
                "/browse/auto-tires/dash-kits/91083_3947_2717013_2507036_4899557"
            ],
            [
                "Car Speakers",
                "/browse/auto-tires/car-speakers/91083_3947_7971853_5372919"
            ],
            [
                "All Auto Accessories",
                "/browse/auto-tires/all-auto-accessories/91083_3947_1616075_6735898"
            ],
            [
                "Wiring Harnesses",
                "/browse/auto-tires/wiring-harnesses/91083_3947_2717013_2507036_8309525"
            ],
            [
                "Antennas & Antenna Adapters",
                "/browse/auto-tires/antennas-antenna-adapters/91083_3947_2717013_2507036_8719493"
            ]
        ]
    },
    {
        "title": "Scosche Kpa8ccsd 680-watt 8-gauge Car Amplifier Installation Kit",
        "url": "https://www.walmart.com/ip/Scosche-Kpa8ccsd-680-watt-8-gauge-Car-Amplifier-Installation-Kit/467582634",
        "price": "$24.98",
        "stars": "5.0",
        "ratings": "2 ",
        "img": "i5.walmartimages.com/asr/3b368e8b-ac34-401a-be63-c07edbf00b3b.838bb44323f8f9b57ffe75ca4928023d.jpeg?odnWidth=612&odnHeight=612&odnBg=ffffff",
        "tags": [
            [
                "Automotive Electrical",
                "/browse/auto-tires/automotive-electrical/91083_5941050_1072091"
            ],
            [
                "Car Speaker & Subwoofer Wiring",
                "/browse/auto-tires/car-speaker-subwoofer-wiring/91083_3947_2717013_7846235_2264388"
            ],
            [
                "Car Audio Accessories",
                "/browse/auto-tires/car-audio-accessories/91083_3947_2991878_3076014"
            ],
            [
                "Temperature Switches/ Control Modules",
                "/browse/auto-tires/temperature-switches-control-modules/91083_1074765_3305779"
            ],
            [
                "InstallerNet",
                "/browse/auto-tires/installernet/91083_4521893_4514228"
            ],
            [
                "Car Speakers",
                "/browse/auto-tires/car-speakers/91083_3947_7971853_5372919"
            ],
            [
                "Car Amplifier Wiring",
                "/browse/auto-tires/car-amplifier-wiring/91083_3947_2717013_6973436_6390735"
            ]
        ]
    },
    {
        "title": "Pyramid PB715X 1000W 2 Channel Car Audio Amplifier Power Amp MOSFET 2 Ohm",
        "url": "https://www.walmart.com/ip/Pyramid-PB715X-1000W-2-Channel-Car-Audio-Amplifier-Power-Amp-MOSFET-2-Ohm/27940261",
        "price": "$69.99",
        "stars": "4.1",
        "ratings": "13 ",
        "img": "i5.walmartimages.com/asr/4a9a0f68-6f0f-4cbe-9f30-6e29e5368654_1.1107c8e31ff595707018f7adb2c1ae14.jpeg?odnWidth=612&odnHeight=612&odnBg=ffffff",
        "tags": [
            [
                "Monoblock Amplifiers",
                "/browse/auto-tires/monoblock-amplifiers/91083_3947_6434247_1759250"
            ],
            [
                "2 Channel Amplifiers",
                "/browse/auto-tires/2-channel-amplifiers/91083_3947_6434247_1929207"
            ],
            [
                "Marine Amplifiers",
                "/browse/auto-tires/marine-amplifiers/91083_3947_9346320_2327826"
            ],
            [
                "Car Subwoofers",
                "/browse/auto-tires/car-subwoofers/91083_3947_8939357_3457477"
            ],
            [
                "4 Channel Amplifiers",
                "/browse/auto-tires/4-channel-amplifiers/91083_3947_6434247_3636472"
            ],
            [
                "Car Amplifier Wiring",
                "/browse/auto-tires/car-amplifier-wiring/91083_3947_2717013_6973436_6390735"
            ],
            [
                "Car Equalizers and Crossovers",
                "/browse/auto-tires/car-equalizers-crossovers/91083_3947_2717013_6973436_8758257"
            ]
        ]
    },
    {
        "title": "Car Rear View Camera, TSV 5inch Wireless Backup Camera HD Rear View Reversing Camera Car Cam with 9LEDs, IP67 Waterproof",
        "url": "https://www.walmart.com/ip/Car-Rear-View-Camera-TSV-5inch-Wireless-Backup-Camera-HD-Rear-View-Reversing-Camera-Car-Cam-with-9LEDs-IP67-Waterproof/362799173",
        "price": "$42.97",
        "stars": "5.0",
        "ratings": "2 ",
        "img": "i5.walmartimages.com/asr/bb8d5436-0502-4e72-b69a-189da5456dfb.597d78d39cc71d012809523451a4368d.jpeg?odnWidth=612&odnHeight=612&odnBg=ffffff",
        "tags": [
            [
                "Backup Cameras with Mirror Monitors",
                "/browse/auto-tires/backup-cameras-with-mirror-monitors/91083_3947_2078221_2351670"
            ],
            [
                "Car DVD Players and Screens",
                "/browse/auto-tires/car-dvd-players-screens/91083_3947_3881982_4035807"
            ],
            [
                "Backup Cameras",
                "/browse/auto-tires/backup-cameras/91083_3947_4072334"
            ],
            [
                "InstallerNet",
                "/browse/auto-tires/installernet/91083_4521893_4514228"
            ],
            [
                "Backup Cameras with Monitors",
                "/browse/auto-tires/backup-cameras-with-monitors/91083_3947_2078221_5823576"
            ],
            [
                "Dash Cams",
                "/browse/auto-tires/dash-cams/91083_3947_7302144"
            ],
            [
                "RV Backup Camera Systems",
                "/browse/auto-tires/rv-backup-camera-systems/91083_2983678_5988213_8877269"
            ],
            [
                "Rear View Mirrors",
                "/browse/auto-tires/rear-view-mirrors/91083_1074784_4491859_2867839_9754076"
            ]
        ]
    },
    {
        "title": "3 Pin Electrical Connectors Waterproof Car Part Way Sealed Electrical Wire Auto Connector Plug Set",
        "url": "https://www.walmart.com/ip/3-Pin-Electrical-Connectors-Waterproof-Car-Part-Way-Sealed-Electrical-Wire-Auto-Connector-Plug-Set/264646051",
        "price": "$6.83",
        "stars": 0,
        "ratings": 0,
        "img": "",
        "tags": [
            [
                "Lighting Accessories",
                "/browse/auto-tires/lighting-accessories/91083_1074765_9183778_1891447"
            ],
            [
                "Car Audio Accessories",
                "/browse/auto-tires/car-audio-accessories/91083_3947_2991878_3076014"
            ],
            [
                "Temperature Switches/ Control Modules",
                "/browse/auto-tires/temperature-switches-control-modules/91083_1074765_3305779"
            ],
            [
                "Car Power Adapters",
                "/browse/auto-tires/car-power-adapters/91083_3947_1616075_4283330"
            ],
            [
                "Code Readers and Scan Tools",
                "/browse/auto-tires/code-readers-scan-tools/91083_5941050_3927099_7203569"
            ],
            [
                "Trailer & Towing on Advance Auto Parts Shop",
                "/browse/auto-tires/trailer-towing-advance-auto-parts-shop/91083_2962826_4071062_7440022"
            ],
            [
                "Exterior Decorative Lighting",
                "/browse/auto-tires/exterior-decorative-lighting/91083_1074765_9183778_2680989_9544498"
            ]
        ]
    },
    {
        "title": "Bravo View IH-03A MKII - Kid-Friendly Automotive IR Wireless Headphones (Single Source)",
        "url": "https://www.walmart.com/ip/Bravo-View-IH-03A-MKII-Kid-Friendly-Automotive-IR-Wireless-Headphones-Single-Source/54245186",
        "price": "$19.99",
        "stars": "3.4",
        "ratings": "9 ",
        "img": "i5.walmartimages.com/asr/7c5d1e3b-b7c9-4bf1-bf59-7b4fc99d438f.31e4af62f27e4270b162754843929682.jpeg?odnWidth=612&odnHeight=612&odnBg=ffffff",
        "tags": [
            [
                "Automotive Electrical",
                "/browse/auto-tires/automotive-electrical/91083_5941050_1072091"
            ],
            [
                "Temperature Switches/ Control Modules",
                "/browse/auto-tires/temperature-switches-control-modules/91083_1074765_3305779"
            ],
            [
                "Car DVD Players and Screens",
                "/browse/auto-tires/car-dvd-players-screens/91083_3947_3881982_4035807"
            ],
            [
                "Overhead DVD Players",
                "/browse/auto-tires/overhead-dvd-players/91083_3947_3881982_5472755"
            ],
            [
                "Headrest DVD Players",
                "/browse/auto-tires/headrest-dvd-players/91083_3947_3881982_5574774"
            ],
            [
                "All Auto Accessories",
                "/browse/auto-tires/all-auto-accessories/91083_3947_1616075_6735898"
            ],
            [
                "Enclosures & Sound Deadening",
                "/browse/auto-tires/enclosures-sound-deadening/91083_3947_2717013_7846235_7343771"
            ],
            [
                "Car Headphones",
                "/browse/auto-tires/car-headphones/91083_3947_3881982_8532749"
            ]
        ]
    },
    {
        "title": "Power Acoustik PTID-8920B - DVD receiver - display - 7\" - in-dash unit - Single-DIN - 50 Watts x 4",
        "url": "https://www.walmart.com/ip/Power-Acoustik-PTID-8920B-DVD-receiver-display-7-in-dash-unit-Single-DIN-50-Watts-x-4/17376940",
        "price": "$125.95",
        "stars": "3.8",
        "ratings": "49 ",
        "img": "i5.walmartimages.com/asr/0cab41bb-6f3a-4cd7-be45-a18a09e712eb.a18e8b6b8c7bee1b9af1e33f7861de5b.jpeg?odnWidth=612&odnHeight=612&odnBg=ffffff",
        "tags": [
            [
                "Pyle Car Stereos",
                "/browse/auto-tires/pyle-car-stereos/91083_3947_2573876_2684413"
            ],
            [
                "Single Din Car Stereos",
                "/browse/auto-tires/single-din-car-stereos/91083_3947_2573876_3877515"
            ],
            [
                "Bluetooth Car Stereos",
                "/browse/auto-tires/bluetooth-car-stereos/91083_3947_2573876_3891066"
            ],
            [
                "Car DVD Players and Screens",
                "/browse/auto-tires/car-dvd-players-screens/91083_3947_3881982_4035807"
            ],
            [
                "XO Vision Car Stereos",
                "/browse/auto-tires/xo-vision-car-stereos/91083_3947_2573876_4784439"
            ],
            [
                "Power Acoustik Car Stereos",
                "/browse/auto-tires/power-acoustik-car-stereos/91083_3947_2573876_4964712"
            ],
            [
                "Double Din Car Stereos",
                "/browse/auto-tires/double-din-car-stereos/91083_3947_2573876_5633735"
            ],
            [
                "All Car Stereos",
                "/browse/auto-tires/all-car-stereos/91083_3947_2573876_5664196"
            ]
        ]
    },
    {
        "title": "Insten 2 Port USB Car Charger Adapter 2A for iPhone 11 / 11 Pro / 11 Pro Max 7 Plus 8 X XR XS Max 6s 6 Samsung Galaxy Note 8 S9 S8 S10 Plus S10e Edge S7 S6 J7 J3 LG V30 G6 Stylo 3 K7 K8v K20 ZMAX Pro",
        "url": "https://www.walmart.com/ip/Insten-2-Port-USB-Car-Charger-Adapter-2A-iPhone-11-Pro-Max-7-Plus-8-X-XR-XS-6s-6-Samsung-Galaxy-Note-S9-S8-S10-S10e-Edge-S7-S6-J7-J3-LG-V30-G6-Stylo-/28882299",
        "price": "$5.69",
        "stars": "3.2",
        "ratings": "5 ",
        "img": "i5.walmartimages.com/asr/35f652ad-3676-47dd-807e-a92fa6abf15c_1.a5a56e691ef7f577af8655966b0f7816.jpeg?odnWidth=612&odnHeight=612&odnBg=ffffff",
        "tags": [
            [
                "Shop all Wireless Chargers",
                "/browse/cell-phones/shop-all-wireless-chargers/1105910_133161_1072306_3318301_1392181"
            ],
            [
                "Wireless Charging Pad",
                "/browse/cell-phones/wireless-charging-pad/1105910_133161_1072306_3318301_9906404_2475139"
            ],
            [
                "onn. Phone Chargers and Power Adapters",
                "/browse/cell-phones/onn-phone-chargers-power-adapters/1105910_133161_9140496_9417970_6509643"
            ],
            [
                "Belkin Phone Chargers",
                "/browse/cell-phones/belkin-phone-chargers/1105910_133161_1072306_5297453_7127998"
            ],
            [
                "Belkin Phone Batteries Battery Packs and Power",
                "/browse/cell-phones/belkin-phone-batteries-battery-packs-power/1105910_133161_9140496_1930230_7217835"
            ],
            [
                "Phone Wall Power Adapters",
                "/browse/cell-phones/phone-wall-power-adapters/1105910_133161_7453243_7991519"
            ],
            [
                "Car Chargers",
                "/browse/cell-phones/car-chargers/1105910_133161_1072306_9376562"
            ]
        ]
    },
    {
        "title": "BESTEK MRI4011IU Black-Red 400W Power Inverter DC 12V to AC 110V Car Adapter with 5A 4 USB Charging Ports",
        "url": "https://www.walmart.com/ip/BESTEK-MRI4011IU-Black-Red-400W-Power-Inverter-DC-12V-to-AC-110V-Car-Adapter-with-5A-4-USB-Charging-Ports/174346152",
        "price": "$39.99",
        "stars": "4.3",
        "ratings": "6 ",
        "img": "",
        "tags": [
            [
                "Automotive Electrical",
                "/browse/auto-tires/automotive-electrical/91083_5941050_1072091"
            ],
            [
                "Adapters & Converters on Advance Auto Parts Shop",
                "/browse/auto-tires/adapters-converters-advance-auto-parts-shop/91083_2962826_3718757_1937408"
            ],
            [
                "Car Audio Accessories",
                "/browse/auto-tires/car-audio-accessories/91083_3947_2991878_3076014"
            ],
            [
                "Temperature Switches/ Control Modules",
                "/browse/auto-tires/temperature-switches-control-modules/91083_1074765_3305779"
            ],
            [
                "Car Power Adapters",
                "/browse/auto-tires/car-power-adapters/91083_3947_1616075_4283330"
            ],
            [
                "RV Electrical",
                "/browse/auto-tires/rv-electrical/91083_2983678_2470422_5483116"
            ],
            [
                "Power Converters",
                "/browse/auto-tires/power-converters/91083_5941050_4066622_8348253"
            ],
            [
                "RV Adapters and Surge Protectors",
                "/browse/auto-tires/rv-adapters-surge-protectors/91083_2983678_2470422_8699147"
            ]
        ]
    },
    {
        "title": "Original Samsung Note 9 Adaptive Fast Wall Charger with Type-C Cable Compatible with other Samsung Galaxy S9, Galaxy S9 Plus, Galaxy S8 (Wall + Car Charger + 2 x Type-C Cables)",
        "url": "https://www.walmart.com/ip/Original-Samsung-Note-9-Adaptive-Fast-Wall-Charger-Type-C-Cable-Compatible-Galaxy-S9-S9-Plus-S8-Wall-Car-2-x-Cables/371164177",
        "price": "$19.99",
        "stars": 0,
        "ratings": 0,
        "img": "i5.walmartimages.com/asr/67cc4f21-d3c0-4f11-873c-7d713d836b50_1.b7a9ecff8cc768aceb0931a7e175df43.jpeg?odnWidth=612&odnHeight=612&odnBg=ffffff",
        "tags": [
            [
                "Samsung Phone Chargers",
                "/browse/cell-phones/samsung-phone-chargers/1105910_133161_9140496_4701125_1280477"
            ],
            [
                "All Phone Cables",
                "/browse/cell-phones/all-phone-cables/1105910_133161_6842958_1413855"
            ],
            [
                "Anker Phone Accessories",
                "/browse/cell-phones/anker-phone-accessories/1105910_133161_9140496_2667046"
            ],
            [
                "Samsung Phone Cables and Adapters",
                "/browse/cell-phones/samsung-phone-cables-adapters/1105910_133161_9140496_4701125_4331819"
            ],
            [
                "All Phone Chargers",
                "/browse/cell-phones/all-phone-chargers/1105910_133161_1072306_7133056"
            ]
        ]
    }
]