[
    {
        "title": "LG Blu-ray Player with Wired Streaming Services - BPM25",
        "url": "https://www.walmart.com/ip/LG-Blu-ray-Player-with-Wired-Streaming-Services-BPM25/46883049",
        "price": "$58.00",
        "stars": "3.7",
        "ratings": "290 ",
        "img": "i5.walmartimages.com/asr/7fcab375-6236-4d26-a9fc-24fe62f17f48.b483253ccb564298df245bca046a0ab3.jpeg?odnWidth=612&odnHeight=612&odnBg=ffffff",
        "tags": [
            [
                "Streaming Devices",
                "/browse/electronics/streaming-devices/3944_77622_7549938_1229631_1085065"
            ],
            [
                "Wi-Fi Blu-ray Players",
                "/browse/electronics/wi-fi-blu-ray-players/3944_77622_7549938_1229631_1225176"
            ],
            [
                "Roku Express",
                "/browse/electronics/roku-express/3944_77622_7549938_1229631_1430926"
            ],
            [
                "LG",
                "/browse/electronics/lg/3944_4131277_1589293"
            ],
            [
                "Only at Walmart Electronics",
                "/browse/electronics/only-at-walmart-electronics/3944_7838866_7148103"
            ],
            [
                "Sony",
                "/browse/electronics/sony/3944_4131277_7675262"
            ],
            [
                "Roku",
                "/browse/electronics/roku/3944_4131277_8296010"
            ],
            [
                "Roku Streaming Stick",
                "/browse/electronics/roku-streaming-stick/3944_77622_7549938_1229631_9177705"
            ]
        ]
    },
    {
        "title": "FANGOR Bluetooth Projector Supprot 1080P,With 200\" Projection Size,Ideal For Home Theater",
        "url": "https://www.walmart.com/ip/FANGOR-Bluetooth-Projector-Supprot-1080P-With-200-Projection-Size-Ideal-For-Home-Theater/723628465",
        "price": "$89.99",
        "stars": "4.6",
        "ratings": "27 ",
        "img": "i5.walmartimages.com/asr/df6845e8-5590-4e0c-92b3-05b8f7f460f8.8e68949c4b47e9df8ec308c072dbef24.jpeg?odnWidth=612&odnHeight=612&odnBg=ffffff",
        "tags": [
            [
                "Streaming Devices",
                "/browse/electronics/streaming-devices/3944_77622_7549938_1229631_1085065"
            ],
            [
                "Projectors",
                "/browse/electronics/projectors/3944_77622_7549938_1230491_1230490"
            ],
            [
                "Projector Screens",
                "/browse/electronics/projector-screens/3944_77622_7549938_1230491_1230492"
            ],
            [
                "LG",
                "/browse/electronics/lg/3944_4131277_1589293"
            ],
            [
                "Portable Projectors",
                "/browse/electronics/portable-projectors/3944_77622_7549938_1230491_4396196"
            ],
            [
                "Ematic Projectors",
                "/browse/electronics/ematic-projectors/3944_77622_7549938_1230491_8233132"
            ],
            [
                "Mini Projectors",
                "/browse/electronics/mini-projectors/3944_77622_7549938_1230491_8295301"
            ],
            [
                "Vankyo Projectors",
                "/browse/electronics/vankyo-projectors/3944_77622_7549938_1230491_9354108"
            ]
        ]
    },
    {
        "title": "Hisense 75\" Class 4K UHD LED Roku Smart TV HDR 75R6E1",
        "url": "https://www.walmart.com/ip/Hisense-75-Class-4K-UHD-LED-Roku-Smart-TV-HDR-75R6E1/953460510",
        "price": "$698.00",
        "stars": "4.2",
        "ratings": "179 ",
        "img": "",
        "tags": [
            [
                "4K Ultra HDTVs",
                "/browse/electronics/4k-ultra-hdtvs/3944_1060825_3289709_1180168"
            ],
            [
                "Smart TVs",
                "/browse/electronics/smart-tvs/3944_1060825_1229815_1229817"
            ],
            [
                "Hisense TVs",
                "/browse/electronics/hisense-tvs/3944_1060825_1939756_1497995"
            ],
            [
                "Hisense Smart TVs",
                "/browse/electronics/hisense-smart-tvs/3944_1060825_7985618_1925299"
            ],
            [
                "65 Inch TVs",
                "/browse/electronics/65-inch-tvs/3944_1060825_2489948_3421074"
            ],
            [
                "Hisense All",
                "/browse/electronics/hisense-all/3944_1060825_7006231_3216893_6464946"
            ],
            [
                "4K HDR TVs",
                "/browse/electronics/4k-hdr-tvs/3944_1060825_1229815_6853163"
            ],
            [
                "Roku TVs",
                "/browse/electronics/roku-tvs/3944_1060825_1229815_9085580"
            ]
        ]
    },
    {
        "title": "RCA Home and Travel 24\" 720P HD TV - With AC/DC Car Charger RT2471-AC, Black",
        "url": "https://www.walmart.com/ip/RCA-Home-and-Travel-24-720P-HD-TV-With-AC-DC-Car-Charger-RT2471-AC-Black/368510549",
        "price": "$89.95",
        "stars": "3.9",
        "ratings": "40 ",
        "img": "i5.walmartimages.com/asr/53cf5f85-914a-4495-8dd3-d6cb41f6bc61.a68a2073b740521e007b50466c23685c.jpeg?odnWidth=612&odnHeight=612&odnBg=ffffff",
        "tags": [
            [
                "LCD TVs",
                "/browse/electronics/lcd-tvs/3944_1060825_1229815_1229820"
            ],
            [
                "LED TVs",
                "/browse/electronics/led-tvs/3944_1060825_1229815_1229821"
            ],
            [
                "24 Inch TVs and smaller",
                "/browse/electronics/24-inch-tvs-smaller/3944_1060825_2489948_4054286"
            ],
            [
                "Sceptre TVs",
                "/browse/electronics/sceptre-tvs/3944_1060825_1939756_5735890"
            ],
            [
                "720 Resolution HDTVs",
                "/browse/electronics/720-resolution-hdtvs/3944_1060825_3289709_6343657"
            ],
            [
                "32 Inch TVs",
                "/browse/electronics/32-inch-tvs/3944_1060825_2489948_7156390"
            ],
            [
                "1080 Resolution HDTVs",
                "/browse/electronics/1080-resolution-hdtvs/3944_1060825_3289709_7918505"
            ],
            [
                "Sceptre",
                "/browse/electronics/sceptre/3944_4131277_9297591"
            ]
        ]
    },
    {
        "title": "onn. TV Top Shelf for Streaming Boxes, 6 in.",
        "url": "https://www.walmart.com/ip/onn-TV-Top-Shelf-for-Streaming-Boxes-6-in/603500389",
        "price": "$9.88",
        "stars": "4.4",
        "ratings": "72 ",
        "img": "i5.walmartimages.com/asr/5b5bf356-fb43-4aa8-ada9-d7c3a3607627.9a1dcd0573b06afc1a088e7ff1971dc6.png?odnWidth=612&odnHeight=612&odnBg=ffffff",
        "tags": [
            [
                "Audio Visual Accessories",
                "/browse/electronics/audio-visual-accessories/3944_133251_1043559"
            ],
            [
                "Monitor & Screen Accessories",
                "/browse/electronics/monitor-screen-accessories/3944_3951_132959_447579"
            ],
            [
                "TV Cables & Connectors",
                "/browse/electronics/tv-cables-connectors/3944_1060825_133270_4537"
            ],
            [
                "TV Mounts",
                "/browse/electronics/tv-mounts/3944_1060825_133270_581514"
            ],
            [
                "720 Resolution HDTVs",
                "/browse/electronics/720-resolution-hdtvs/3944_1060825_3289709_6343657"
            ],
            [
                "Only at Walmart Electronics",
                "/browse/electronics/only-at-walmart-electronics/3944_7838866_7148103"
            ],
            [
                "Shop All onn.",
                "/browse/electronics/shop-all-onn/3944_7838866_3004279_2376133_9354764"
            ],
            [
                "onn. Computer Accessories",
                "/browse/electronics/onn-computer-accessories/3944_7838866_3004279_2376133_9826274"
            ]
        ]
    },
    {
        "title": "Case Logic CD Wallet, 28-Disc",
        "url": "https://www.walmart.com/ip/Case-Logic-CD-Wallet-28-Disc/14979783",
        "price": "$9.97",
        "stars": "4.6",
        "ratings": "59 ",
        "img": "",
        "tags": [
            [
                "Other Accessories",
                "/browse/electronics/other-accessories/3944_133251_1043552"
            ],
            [
                "Cases, Skins & Armbands",
                "/browse/electronics/cases-skins-armbands/3944_96469_133271_1072787"
            ],
            [
                "Blank Media",
                "/browse/electronics/blank-media/3944_3951_132959_645319_127175"
            ],
            [
                "CD Players",
                "/browse/electronics/cd-players/3944_96469_4534"
            ],
            [
                "PC Gaming Controllers & Joysticks",
                "/browse/electronics/pc-gaming-controllers-joysticks/3944_3951_7052607_9433123_5043832"
            ],
            [
                "CD/DVD Drives",
                "/browse/electronics/cd-dvd-drives/3944_3951_132959_645319_522484"
            ],
            [
                "onn. Computer Accessories",
                "/browse/electronics/onn-computer-accessories/3944_7838866_3004279_2376133_9826274"
            ]
        ]
    },
    {
        "title": "VIZIO 40\" Class 4K UHD LED Smartcast Smart TV HDR V-Series V405-H",
        "url": "https://www.walmart.com/ip/VIZIO-40-Class-4K-UHD-LED-Smartcast-Smart-TV-HDR-V-Series-V405-H/202877318",
        "price": "$319.99",
        "stars": "4.7",
        "ratings": "17615 ",
        "img": "",
        "tags": [
            [
                "LCD TVs",
                "/browse/electronics/lcd-tvs/3944_1060825_1229815_1229820"
            ],
            [
                "Vizio M-Series Quantum TVs",
                "/browse/electronics/vizio-m-series-quantum-tvs/3944_1060825_2044181_9600865_1959019_1970517"
            ],
            [
                "VIZIO",
                "/browse/electronics/vizio/3944_4131277_2035783"
            ],
            [
                "Gaming TVs",
                "/browse/electronics/gaming-tvs/3944_1060825_1229815_2452312"
            ],
            [
                "Vizio V-Series TVs",
                "/browse/electronics/vizio-v-series-tvs/3944_1060825_2044181_9600865_9470179_2613224"
            ],
            [
                "4K VIZIO TVs",
                "/browse/electronics/4k-vizio-tvs/3944_1060825_9465212_4682375"
            ],
            [
                "All Vizio TVs",
                "/browse/electronics/all-vizio-tvs/3944_1060825_2044181_5198414"
            ],
            [
                "Vizio TVs All Sizes",
                "/browse/electronics/vizio-tvs-all-sizes/3944_1060825_7006231_8850404"
            ]
        ]
    },
    {
        "title": "NEW Amplified Digital HD TV Antenna 120 Miles Long Range - Support 4K 1080p Fire tv Stick & All Older TV's Indoor Powerful HDTV UHF VHF Freeview Channels Amplifier Signal Booster - 13.5ft Coax Cable",
        "url": "https://www.walmart.com/ip/NEW-Amplified-Digital-HD-TV-Antenna-120-Miles-Long-Range-Support-4K-1080p-Fire-tv-Stick-All-Older-TV-s-Indoor-Powerful-HDTV-UHF-VHF-Freeview-Channels/400065071",
        "price": "$18.99",
        "stars": "4.4",
        "ratings": "56 ",
        "img": "i5.walmartimages.com/asr/2339868e-240b-4006-badd-ec827fdb8ae3.a4f224c9a465299929c025bf28139545.jpeg?odnWidth=612&odnHeight=612&odnBg=ffffff",
        "tags": [
            [
                "Indoor Antennas",
                "/browse/electronics/indoor-antennas/3944_1060825_133270_1208164"
            ],
            [
                "Antenna Signal Amplifiers",
                "/browse/electronics/antenna-signal-amplifiers/3944_1060825_133270_1224691"
            ],
            [
                "RCA",
                "/browse/electronics/rca/3944_4131277_1776549"
            ],
            [
                "Headphones",
                "/browse/electronics/headphones/3944_133251_1095191_4480"
            ],
            [
                "Surge Protectors & UPS",
                "/browse/electronics/surge-protectors-ups/3944_3951_132959_4483"
            ],
            [
                "Studio Lighting",
                "/browse/electronics/studio-lighting/3944_133277_132913_6594913_5413954"
            ],
            [
                "onn. TV & Video Accessories",
                "/browse/electronics/onn-tv-video-accessories/3944_7838866_3004279_2376133_9766217_6428762"
            ]
        ]
    },
    {
        "title": "New Remote replacement CV98LM for Amazon Fire TV Stick and Fire TV Box US-Seller",
        "url": "https://www.walmart.com/ip/New-Remote-replacement-CV98LM-for-Amazon-Fire-TV-Stick-and-Fire-TV-Box-US-Seller/440587121",
        "price": "$10.99",
        "stars": "3.8",
        "ratings": "52 ",
        "img": "i5.walmartimages.com/asr/e61caa4d-82ae-41bf-b27b-c125f6e83307_1.126f41b47cae847f99ead3ba1df08a0b.jpeg?odnWidth=612&odnHeight=612&odnBg=ffffff",
        "tags": [
            [
                "Streaming Devices",
                "/browse/electronics/streaming-devices/3944_77622_7549938_1229631_1085065"
            ],
            [
                "Blackweb TV & Video Accessories",
                "/browse/electronics/blackweb-tv-video-accessories/3944_4157978_5887057_1279916"
            ],
            [
                "Roku Express",
                "/browse/electronics/roku-express/3944_77622_7549938_1229631_1430926"
            ],
            [
                "RCA",
                "/browse/electronics/rca/3944_4131277_1776549"
            ],
            [
                "VIZIO",
                "/browse/electronics/vizio/3944_4131277_2035783"
            ],
            [
                "Blackweb",
                "/browse/electronics/blackweb/3944_4131277_4400017"
            ],
            [
                "Hisense",
                "/browse/electronics/hisense/3944_4131277_6787526"
            ],
            [
                "Roku",
                "/browse/electronics/roku/3944_4131277_8296010"
            ]
        ]
    },
    {
        "title": "SAMSUNG 65\" Class 4K Ultra HD (2160P) HDR Smart QLED TV QN65Q60TB",
        "url": "https://www.walmart.com/ip/SAMSUNG-65-Class-4K-Ultra-HD-2160P-HDR-Smart-QLED-TV-QN65Q60TB/183583576",
        "price": "$947.99",
        "stars": "4.7",
        "ratings": "1067 ",
        "img": "i5.walmartimages.com/asr/656fd951-eb35-40a5-8be7-e05bb669099c.22e33c6c2e8ae0f4a681bdbc46e2bfdb.jpeg?odnWidth=612&odnHeight=612&odnBg=ffffff",
        "tags": [
            [
                "Samsung Smart TVs",
                "/browse/electronics/samsung-smart-tvs/3944_1060825_7985618_1658369"
            ],
            [
                "QLED TVs",
                "/browse/electronics/qled-tvs/3944_1060825_1229815_1793761"
            ],
            [
                "65 Inch TVs",
                "/browse/electronics/65-inch-tvs/3944_1060825_2489948_3421074"
            ],
            [
                "Samsung 65 Inch TVs",
                "/browse/electronics/samsung-65-inch-tvs/3944_1060825_7006231_5563567"
            ],
            [
                "4K Samsung TVs",
                "/browse/electronics/4k-samsung-tvs/3944_1060825_9465212_6776711"
            ],
            [
                "4K HDR TVs",
                "/browse/electronics/4k-hdr-tvs/3944_1060825_1229815_6853163"
            ],
            [
                "Samsung TVs",
                "/browse/electronics/samsung-tvs/3944_1060825_1939756_7136694"
            ],
            [
                "Samsung UHD Smart TVs",
                "/browse/electronics/samsung-uhd-smart-tvs/3944_1060825_2044181_2603009_4838636_9548238"
            ]
        ]
    }
]