[
    {
        "title": "Hand Operated Drones for Kids & Adults, ZIOBLW Super Fun & Easy Hands Free Mini Drone Helicopter (2 Speed & LED Light), Indoor Flying Ball Toys Gifts for 6 7 8 9 10 Years Old Boys & Girls - Red",
        "url": "https://www.walmart.com/ip/Hand-Operated-Drones-Kids-Adults-ZIOBLW-Super-Fun-Easy-Hands-Free-Mini-Drone-Helicopter-2-Speed-LED-Light-Indoor-Flying-Ball-Toys-Gifts-6-7-8-9-10-Ye/432958676",
        "price": "$19.99",
        "stars": "5.0",
        "ratings": "1 ",
        "img": "i5.walmartimages.com/asr/2b2b3937-c405-43df-8288-cb767f18f9a1_1.1bf6d019736cbddce3144f011c5b4a0c.jpeg?odnWidth=612&odnHeight=612&odnBg=ffffff",
        "tags": [
            [
                "Air Hogs Drones",
                "/browse/electronics/air-hogs-drones/3944_5525941_5960206_1396048"
            ],
            [
                "HD Drones",
                "/browse/electronics/hd-drones/3944_5525941_1677970_1837338"
            ],
            [
                "Foldable Drones",
                "/browse/electronics/foldable-drones/3944_5525941_2616723"
            ],
            [
                "Beginner Drones",
                "/browse/electronics/beginner-drones/3944_5525941_4346614_2881959"
            ],
            [
                "All Drones with Cameras",
                "/browse/electronics/all-drones-with-cameras/3944_5525941_1677970_3044927"
            ],
            [
                "Intermediate Drones",
                "/browse/electronics/intermediate-drones/3944_5525941_4346614_6345846"
            ],
            [
                "Shop All Drones",
                "/browse/electronics/shop-all-drones/3944_5525941_8120586"
            ],
            [
                "Advanced Drones",
                "/browse/electronics/advanced-drones/3944_5525941_4346614_8463965"
            ]
        ]
    },
    {
        "title": "ZeroTech Flight Battery for DOBBY Pocket Drone",
        "url": "https://www.walmart.com/ip/ZeroTech-Flight-Battery-for-DOBBY-Pocket-Drone/777548773",
        "price": "$34.99",
        "stars": 0,
        "ratings": 0,
        "img": "",
        "tags": [
            [
                "Batteries & Chargers",
                "/browse/electronics/batteries-chargers/3944_96469_133271_1072786"
            ],
            [
                "Drones with Cameras",
                "/browse/electronics/drones-with-cameras/3944_133277_1231385"
            ],
            [
                "HD Drones",
                "/browse/electronics/hd-drones/3944_5525941_1677970_1837338"
            ],
            [
                "Foldable Drones",
                "/browse/electronics/foldable-drones/3944_5525941_2616723"
            ],
            [
                "Drone Accessories",
                "/browse/electronics/drone-accessories/3944_133277_2972544"
            ],
            [
                "All Drones with Cameras",
                "/browse/electronics/all-drones-with-cameras/3944_5525941_1677970_3044927"
            ],
            [
                "DJI Drones",
                "/browse/electronics/dji-drones/3944_5525941_5960206_3976514"
            ],
            [
                "Drone Cases",
                "/browse/electronics/drone-cases/3944_5525941_4049093_5296741"
            ]
        ]
    },
    {
        "title": "Drone X Pro 5G Selfi Wifi FPV GPS 1080P HD Camera Foldable 6-axis RC Quadcopter",
        "url": "https://www.walmart.com/ip/Drone-X-Pro-5G-Selfi-Wifi-FPV-GPS-1080P-HD-Camera-Foldable-6-axis-RC-Quadcopter/959842034",
        "price": "$42.99",
        "stars": "5.0",
        "ratings": "1 ",
        "img": "",
        "tags": []
    },
    {
        "title": "S66 RC Drone with Camera 4K Drone Dual Camera Optical Flow Positioning  WiFi FPV Drone Headless Mode Altitude Hold Gesture Photo Video Track Flight 3D Filp RC Qudcopter Portable Bag",
        "url": "https://www.walmart.com/ip/S66-RC-Drone-Camera-4K-Dual-Optical-Flow-Positioning-WiFi-FPV-Headless-Mode-Altitude-Hold-Gesture-Photo-Video-Track-Flight-3D-Filp-Qudcopter-Portable/901751090",
        "price": "$30.99",
        "stars": 0,
        "ratings": 0,
        "img": "i5.walmartimages.com/asr/0f919556-3ccc-4b68-a6c5-69d86afb9366.176cd984f6a532a0a8c9fa3a534e1220.jpeg?odnWidth=612&odnHeight=612&odnBg=ffffff",
        "tags": [
            [
                "Foldable Drones",
                "/browse/electronics/foldable-drones/3944_5525941_2616723"
            ],
            [
                "Beginner Drones",
                "/browse/electronics/beginner-drones/3944_5525941_4346614_2881959"
            ],
            [
                "All Drones with Cameras",
                "/browse/electronics/all-drones-with-cameras/3944_5525941_1677970_3044927"
            ],
            [
                "DJI Drones",
                "/browse/electronics/dji-drones/3944_5525941_5960206_3976514"
            ],
            [
                "RC Drones",
                "/browse/electronics/rc-drones/3944_5525941_6042620"
            ],
            [
                "Intermediate Drones",
                "/browse/electronics/intermediate-drones/3944_5525941_4346614_6345846"
            ],
            [
                "Shop All Drones",
                "/browse/electronics/shop-all-drones/3944_5525941_8120586"
            ],
            [
                "Advanced Drones",
                "/browse/electronics/advanced-drones/3944_5525941_4346614_8463965"
            ]
        ]
    },
    {
        "title": "General Set of 4 Propellers for Phantom 3 Series Drones",
        "url": "https://www.walmart.com/ip/General-Set-of-4-Propellers-for-Phantom-3-Series-Drones/755224278",
        "price": "$7.99",
        "stars": "5.0",
        "ratings": "1 ",
        "img": "",
        "tags": [
            [
                "GoPro Accessories",
                "/browse/electronics/gopro-accessories/3944_133277_1230678_1231341"
            ],
            [
                "Drones with Cameras",
                "/browse/electronics/drones-with-cameras/3944_133277_1231385"
            ],
            [
                "HD Drones",
                "/browse/electronics/hd-drones/3944_5525941_1677970_1837338"
            ],
            [
                "Drone Accessories",
                "/browse/electronics/drone-accessories/3944_133277_2972544"
            ],
            [
                "DJI Drones",
                "/browse/electronics/dji-drones/3944_5525941_5960206_3976514"
            ],
            [
                "Other Camera Accessories",
                "/browse/electronics/other-camera-accessories/3944_133277_132913_4539"
            ],
            [
                "Drone Batteries and Chargers",
                "/browse/electronics/drone-batteries-chargers/3944_5525941_4049093_6633994"
            ],
            [
                "Shop All Drones",
                "/browse/electronics/shop-all-drones/3944_5525941_8120586"
            ]
        ]
    },
    {
        "title": "LNKOO Mini Drone for Kids Adults, 360\u00b0 Rotating Quadcopter with LED Lights, Hand Operated Mini Drone Helicopter, UFO Flying Ball Drone Toys for Boys and Girls Birthday Christmas Gifts",
        "url": "https://www.walmart.com/ip/LNKOO-Mini-Drone-Kids-Adults-360-Rotating-Quadcopter-LED-Lights-Hand-Operated-Helicopter-UFO-Flying-Ball-Toys-Boys-Girls-Birthday-Christmas-Gifts/604313910",
        "price": "$12.99",
        "stars": "1.0",
        "ratings": "1 ",
        "img": "",
        "tags": [
            [
                "Air Hogs Drones",
                "/browse/electronics/air-hogs-drones/3944_5525941_5960206_1396048"
            ],
            [
                "HD Drones",
                "/browse/electronics/hd-drones/3944_5525941_1677970_1837338"
            ],
            [
                "Foldable Drones",
                "/browse/electronics/foldable-drones/3944_5525941_2616723"
            ],
            [
                "Beginner Drones",
                "/browse/electronics/beginner-drones/3944_5525941_4346614_2881959"
            ],
            [
                "All Drones with Cameras",
                "/browse/electronics/all-drones-with-cameras/3944_5525941_1677970_3044927"
            ],
            [
                "Intermediate Drones",
                "/browse/electronics/intermediate-drones/3944_5525941_4346614_6345846"
            ],
            [
                "Shop All Drones",
                "/browse/electronics/shop-all-drones/3944_5525941_8120586"
            ],
            [
                "Advanced Drones",
                "/browse/electronics/advanced-drones/3944_5525941_4346614_8463965"
            ]
        ]
    },
    {
        "title": "Drones for Kids Hand Controlled - UFO Flying Ball Mini Drone Quad Induction Sensors Hover Star Mini-Drone Toy For Boys Girls Best for Beginners Kids Age 4 5 6 7 8 9 10 11 12 (Red)",
        "url": "https://www.walmart.com/ip/Drones-Kids-Hand-Controlled-UFO-Flying-Ball-Mini-Drone-Quad-Induction-Sensors-Hover-Star-Mini-Drone-Toy-For-Boys-Girls-Best-Beginners-Age-4-5-6-7-8-9/926933814",
        "price": "$21.99",
        "stars": 0,
        "ratings": 0,
        "img": "i5.walmartimages.com/asr/ba84bb31-5ca2-431d-b556-8d736cb8b642_1.c0f3f1ae2e49a9b5a071d5a73a932122.jpeg?odnWidth=612&odnHeight=612&odnBg=ffffff",
        "tags": [
            [
                "Air Hogs Drones",
                "/browse/electronics/air-hogs-drones/3944_5525941_5960206_1396048"
            ],
            [
                "HD Drones",
                "/browse/electronics/hd-drones/3944_5525941_1677970_1837338"
            ],
            [
                "Foldable Drones",
                "/browse/electronics/foldable-drones/3944_5525941_2616723"
            ],
            [
                "Beginner Drones",
                "/browse/electronics/beginner-drones/3944_5525941_4346614_2881959"
            ],
            [
                "All Drones with Cameras",
                "/browse/electronics/all-drones-with-cameras/3944_5525941_1677970_3044927"
            ],
            [
                "Intermediate Drones",
                "/browse/electronics/intermediate-drones/3944_5525941_4346614_6345846"
            ],
            [
                "Shop All Drones",
                "/browse/electronics/shop-all-drones/3944_5525941_8120586"
            ],
            [
                "Advanced Drones",
                "/browse/electronics/advanced-drones/3944_5525941_4346614_8463965"
            ]
        ]
    },
    {
        "title": "Mini Drone, Levitation UFO Drone, Hand Operated Quad Induction,with 360\u00b0Rotating , Mini Handheld USB Fan,Outdoor Toys Holiday Birthday Halloween Christmas Gifts",
        "url": "https://www.walmart.com/ip/Mini-Drone-Levitation-UFO-Hand-Operated-Quad-Induction-with-360-Rotating-Handheld-USB-Fan-Outdoor-Toys-Holiday-Birthday-Halloween-Christmas-Gifts/726252212",
        "price": "$9.99",
        "stars": "1.0",
        "ratings": "1 ",
        "img": "",
        "tags": [
            [
                "RC Toys by Price",
                "/browse/toys/rc-toys-by-price/4171_1111647_3436383_1341660"
            ],
            [
                "RC Toys by Vehicle Type",
                "/browse/toys/rc-toys-by-vehicle-type/4171_1111647_3436383_2702261"
            ],
            [
                "RC Drones by Brand",
                "/browse/toys/rc-drones-by-brand/4171_1111647_3436383_3791844"
            ],
            [
                "Toy Drones by Price",
                "/browse/toys/toy-drones-by-price/4171_1111647_3436383_5814447"
            ],
            [
                "Cars & SUVs",
                "/browse/toys/cars-suvs/4171_1111647_6169850"
            ],
            [
                "RC Trucks & SUVs",
                "/browse/toys/rc-trucks-suvs/4171_1111647_3436383_6427365"
            ],
            [
                "RC Toys by Brand",
                "/browse/toys/rc-toys-by-brand/4171_1111647_3436383_8304402"
            ],
            [
                "RC Cars",
                "/browse/toys/rc-cars/4171_1111647_8787282"
            ]
        ]
    },
    {
        "title": "4pcs Quick Release Propeller Prop Snap-on Low-Noise for DJI Mavic Air",
        "url": "https://www.walmart.com/ip/4pcs-Quick-Release-Propeller-Prop-Snap-on-Low-Noise-for-DJI-Mavic-Air/722570655",
        "price": "$4.99",
        "stars": "5.0",
        "ratings": "1 ",
        "img": "i5.walmartimages.com/asr/253da7b5-4352-4bda-bd31-eebb6c6fe874_1.014d3b733edba5326558d9f8c6cef98a.jpeg?odnWidth=612&odnHeight=612&odnBg=ffffff",
        "tags": [
            [
                "Drones with Cameras",
                "/browse/electronics/drones-with-cameras/3944_133277_1231385"
            ],
            [
                "HD Drones",
                "/browse/electronics/hd-drones/3944_5525941_1677970_1837338"
            ],
            [
                "Foldable Drones",
                "/browse/electronics/foldable-drones/3944_5525941_2616723"
            ],
            [
                "Drone Accessories",
                "/browse/electronics/drone-accessories/3944_133277_2972544"
            ],
            [
                "All Drones with Cameras",
                "/browse/electronics/all-drones-with-cameras/3944_5525941_1677970_3044927"
            ],
            [
                "DJI Drones",
                "/browse/electronics/dji-drones/3944_5525941_5960206_3976514"
            ],
            [
                "Other Camera Accessories",
                "/browse/electronics/other-camera-accessories/3944_133277_132913_4539"
            ],
            [
                "Drone Batteries and Chargers",
                "/browse/electronics/drone-batteries-chargers/3944_5525941_4049093_6633994"
            ]
        ]
    },
    {
        "title": "LNKOO Mini Drone for Kids Adults, Flying Ball Hand Controlled Quadcopter Light Up Flying Toys, UFO Flying Ball Drone Toys with 360\u00b0Rotating Helicopter Outdoor Toys Holiday Birthday Gifts",
        "url": "https://www.walmart.com/ip/LNKOO-Mini-Drone-Kids-Adults-Flying-Ball-Hand-Controlled-Quadcopter-Light-Up-Toys-UFO-Toys-360-Rotating-Helicopter-Outdoor-Holiday-Birthday-Gifts/378820416",
        "price": "$12.99",
        "stars": "4.5",
        "ratings": "2 ",
        "img": "",
        "tags": [
            [
                "Air Hogs Drones",
                "/browse/electronics/air-hogs-drones/3944_5525941_5960206_1396048"
            ],
            [
                "HD Drones",
                "/browse/electronics/hd-drones/3944_5525941_1677970_1837338"
            ],
            [
                "Foldable Drones",
                "/browse/electronics/foldable-drones/3944_5525941_2616723"
            ],
            [
                "Beginner Drones",
                "/browse/electronics/beginner-drones/3944_5525941_4346614_2881959"
            ],
            [
                "All Drones with Cameras",
                "/browse/electronics/all-drones-with-cameras/3944_5525941_1677970_3044927"
            ],
            [
                "Intermediate Drones",
                "/browse/electronics/intermediate-drones/3944_5525941_4346614_6345846"
            ],
            [
                "Shop All Drones",
                "/browse/electronics/shop-all-drones/3944_5525941_8120586"
            ],
            [
                "Advanced Drones",
                "/browse/electronics/advanced-drones/3944_5525941_4346614_8463965"
            ]
        ]
    }
]