[
    {
        "title": "Lenovo IdeaPad 5 14\" Laptop, AMD Ryzen 7 4700U Octa-Core Processor, 8GB Memory, 256GB Solid State Drive, Windows 10, Graphite Grey, 81YM0060US",
        "url": "https://www.walmart.com/ip/Lenovo-IdeaPad-5-14-Laptop-AMD-Ryzen-7-4700U-Octa-Core-Processor-8GB-Memory-256GB-Solid-State-Drive-Windows-10-Graphite-Grey-81YM0060US/986492987",
        "price": "$599.00",
        "stars": "4.4",
        "ratings": "118 ",
        "img": "i5.walmartimages.com/asr/5fd582cc-e30c-4791-bc51-eaae902ccf0b.913cc3ef013b8a7676691f728b8951cd.jpeg?odnWidth=612&odnHeight=612&odnBg=ffffff",
        "tags": [
            [
                "All Laptop Computers",
                "/browse/electronics/all-laptop-computers/3944_3951_1089430_1230091_132960"
            ],
            [
                "All Lenovo Laptops",
                "/browse/electronics/all-lenovo-laptops/3944_3951_1089430_1230093_1230101_3439304"
            ],
            [
                "All HP Laptops",
                "/browse/electronics/all-hp-laptops/3944_3951_1089430_1230093_1230099_4446383"
            ],
            [
                "All Asus Laptops",
                "/browse/electronics/all-asus-laptops/3944_3951_1089430_1230093_1230104_5699787"
            ],
            [
                "All Windows OS Laptops",
                "/browse/electronics/all-windows-os-laptops/3944_3951_1089430_8835131_1737838_7039051"
            ]
        ]
    },
    {
        "title": "Xtreme 10' NON Polarized Power Cord",
        "url": "https://www.walmart.com/ip/Xtreme-10-NON-Polarized-Power-Cord/540362306",
        "price": "$9.88",
        "stars": "4.9",
        "ratings": "18 ",
        "img": "i5.walmartimages.com/asr/47dad47c-b947-447c-b775-02093a682d0e_1.e6de93b40f4d6a99cc388ba37067fdd6.jpeg?odnWidth=612&odnHeight=612&odnBg=ffffff",
        "tags": [
            [
                "Headphone Cases",
                "/browse/electronics/headphone-cases/3944_133251_1095191_1551552"
            ],
            [
                "onn. Headphones",
                "/browse/electronics/onn-headphones/3944_133251_1095191_1231498_3193133"
            ],
            [
                "Cables, Adapters, & Chargers",
                "/browse/electronics/cables-adapters-chargers/3944_1078524_1225368_5562682"
            ],
            [
                "Portable DVD Players",
                "/browse/electronics/portable-dvd-players/3944_77622_7549938_1229631_62056"
            ],
            [
                "All Computer Cables & Connectors",
                "/browse/electronics/all-computer-cables-connectors/3944_3951_132959_4463_6477783"
            ],
            [
                "Sony",
                "/browse/electronics/sony/3944_4131277_7675262"
            ]
        ]
    },
    {
        "title": "Ktaxon 360Adjustable Folding Laptop Notebook Desk + Cooling Fan Table Stand Bed Tray",
        "url": "https://www.walmart.com/ip/Ktaxon-360Adjustable-Folding-Laptop-Notebook-Desk-Cooling-Fan-Table-Stand-Bed-Tray/648110601",
        "price": "$28.99",
        "stars": "4.0",
        "ratings": "92 ",
        "img": "i5.walmartimages.com/asr/18f9a7bf-97aa-4fa1-9967-dbefd1e4c150_1.46f8297ba2891911da5d79935cfae126.jpeg?odnWidth=612&odnHeight=612&odnBg=ffffff",
        "tags": [
            [
                "Desktop Organizers",
                "/browse/office-supplies/desktop-organizers/1229749_7431192_1072373"
            ],
            [
                "School Tables & Desks",
                "/browse/office-supplies/school-tables-desks/1229749_1086045_3462603_1091629_1072411"
            ],
            [
                "School Furniture",
                "/browse/office-supplies/school-furniture/1229749_1086045_3462603_1091629_1087355"
            ],
            [
                "Classroom Decoration",
                "/browse/office-supplies/classroom-decoration/1229749_1086045_3462603_2126198"
            ],
            [
                "Desk Pads",
                "/browse/office-supplies/desk-pads/1229749_7431192_3187134"
            ],
            [
                "Teaching Aids",
                "/browse/office-supplies/teaching-aids/1229749_1086045_3462603_5447411"
            ],
            [
                "Charts",
                "/browse/office-supplies/charts/1229749_1086045_3462603_7189148"
            ],
            [
                "Clipboards",
                "/browse/office-supplies/clipboards/1229749_2447475_9346256"
            ]
        ]
    },
    {
        "title": "Logitech S150 Digital USB - Speakers - for PC - USB - 1.2 Watt (total) - black",
        "url": "https://www.walmart.com/ip/Logitech-S150-Digital-USB-Speakers-for-PC-USB-1-2-Watt-total-black/11017024",
        "price": "$12.99",
        "stars": "4.2",
        "ratings": "891 ",
        "img": "",
        "tags": [
            [
                "All Portable Speakers",
                "/browse/electronics/all-portable-speakers/3944_96469_133271_1072784"
            ],
            [
                "Wireless Home Speakers",
                "/browse/electronics/wireless-home-speakers/3944_77622_8375901_1230415_1230429"
            ],
            [
                "Computer Speakers",
                "/browse/electronics/computer-speakers/3944_3951_132959_645320_132902"
            ],
            [
                "Blackweb Computer Accessories & Peripherals",
                "/browse/electronics/blackweb-computer-accessories-peripherals/3944_4157978_5887057_3052689"
            ],
            [
                "Wireless Keyboard & Mouse Combos",
                "/browse/electronics/wireless-keyboard-mouse-combos/3944_3951_132959_1008621_7197407_5672621"
            ],
            [
                "Only at Walmart Electronics",
                "/browse/electronics/only-at-walmart-electronics/3944_7838866_7148103"
            ],
            [
                "onn. Computer Accessories",
                "/browse/electronics/onn-computer-accessories/3944_7838866_3004279_2376133_9826274"
            ]
        ]
    },
    {
        "title": "Apple Magic Mouse 2",
        "url": "https://www.walmart.com/ip/Apple-Magic-Mouse-2/169467151",
        "price": "$74.00",
        "stars": "4.8",
        "ratings": "74 ",
        "img": "i5.walmartimages.com/asr/c64c48a4-54a3-45ae-8b00-808681f1c774_1.6c9e81789761b5aa946b1b0e8a2c288d.jpeg?odnWidth=612&odnHeight=612&odnBg=ffffff",
        "tags": [
            [
                "Wireless Mouse",
                "/browse/electronics/wireless-mouse/3944_3951_132959_1008621_4842284_164214"
            ],
            [
                "Apple",
                "/browse/electronics/apple/3944_4131277_4253599"
            ],
            [
                "Wireless Keyboards",
                "/browse/electronics/wireless-keyboards/3944_3951_132959_1008621_7450208_4442"
            ],
            [
                "Microsoft Software",
                "/browse/electronics/microsoft-software/3944_3951_7288037_9382088_4918466"
            ],
            [
                "Premium Computer Accessories",
                "/browse/electronics/premium-computer-accessories/3944_3951_4991337_4954263_5240299"
            ],
            [
                "Wired Mouse",
                "/browse/electronics/wired-mouse/3944_3951_132959_1008621_4842284_7047428"
            ],
            [
                "iPad Stylus Pens & Pencils",
                "/browse/electronics/ipad-stylus-pens-pencils/3944_1078524_1084930_9425354"
            ],
            [
                "Wired Keyboards",
                "/browse/electronics/wired-keyboards/3944_3951_132959_1008621_7450208_9661112"
            ]
        ]
    },
    {
        "title": "Razer Mamba Wireless Gaming Mouse: Chroma RGB Lighting.",
        "url": "https://www.walmart.com/ip/Razer-Mamba-Wireless-Gaming-Mouse-Chroma-RGB-Lighting/646006609",
        "price": "$47.98",
        "stars": "4.4",
        "ratings": "104 ",
        "img": "i5.walmartimages.com/asr/ab8bc726-9e80-4585-b09a-67582b2234c2_1.7138a9e13f31bcfd71df390d580f14ef.jpeg?odnWidth=612&odnHeight=612&odnBg=ffffff",
        "tags": [
            [
                "Wireless Mouse",
                "/browse/electronics/wireless-mouse/3944_3951_132959_1008621_4842284_164214"
            ],
            [
                "Mouse Pads & Wrist Rests",
                "/browse/electronics/mouse-pads-wrist-rests/3944_3951_132959_1008621_4842284_4718636"
            ],
            [
                "Steelseries",
                "/browse/electronics/steelseries/3944_4131277_5381658"
            ],
            [
                "Wired Mouse",
                "/browse/electronics/wired-mouse/3944_3951_132959_1008621_4842284_7047428"
            ],
            [
                "Razer",
                "/browse/electronics/razer/3944_4131277_8032453"
            ],
            [
                "PC Gaming Keyboards",
                "/browse/electronics/pc-gaming-keyboards/3944_3951_7052607_9433123_9135152"
            ],
            [
                "Ergonomic & Trackball Mouse",
                "/browse/electronics/ergonomic-trackball-mouse/3944_3951_132959_1008621_4842284_9354061"
            ]
        ]
    },
    {
        "title": "Lenovo Legion 5 Laptop, 15\" FHD, Intel Core i7-10750H, 8GB RAM, 512GB SSD, NVIDIA GeForce GTX 1650, Phantom Black, Windows 10, 82AU00BTUS",
        "url": "https://www.walmart.com/ip/Lenovo-Legion-5-Laptop-15-FHD-Intel-Core-i7-10750H-8GB-RAM-512GB-SSD-NVIDIA-GeForce-GTX-1650-Phantom-Black-Windows-10-82AU00BTUS/288379401",
        "price": "$849.00",
        "stars": "4.6",
        "ratings": "104 ",
        "img": "i5.walmartimages.com/asr/152adbdb-9cf7-46fd-b0d0-59014dcd0a44.ea610175003896b8f19e86e3aaad6f2b.jpeg?odnWidth=612&odnHeight=612&odnBg=ffffff",
        "tags": []
    },
    {
        "title": "SanDisk 128GB Cruzer Glide USB 2.0 Flash Drive - SDCZ60-128G-AW46",
        "url": "https://www.walmart.com/ip/SanDisk-128GB-Cruzer-Glide-USB-2-0-Flash-Drive-SDCZ60-128G-AW46/49674146",
        "price": "$20.97",
        "stars": "4.2",
        "ratings": "23 ",
        "img": "i5.walmartimages.com/asr/646acec1-97da-49c9-ab20-37644a10fe36_1.b35e99a84c9d6b0cefed059ed8330076.jpeg?odnWidth=612&odnHeight=612&odnBg=ffffff",
        "tags": [
            [
                "Hard Drives & Storage",
                "/browse/electronics/hard-drives-storage/3944_3951_1073804_514537"
            ],
            [
                "SanDisk Hard Drives",
                "/browse/electronics/sandisk-hard-drives/3944_3951_132959_5146908"
            ],
            [
                "WD External Hard Drives",
                "/browse/electronics/wd-external-hard-drives/3944_3951_132959_1956376_6422919"
            ],
            [
                "All External Hard Drives",
                "/browse/electronics/all-external-hard-drives/3944_3951_132959_1956376_7955905"
            ],
            [
                "1TB External Hard Drives",
                "/browse/electronics/1tb-external-hard-drives/3944_3951_132959_1956376_8153914"
            ],
            [
                "Solid State Drives",
                "/browse/electronics/solid-state-drives/3944_3951_1073804_9168964"
            ],
            [
                "onn. Computer Accessories",
                "/browse/electronics/onn-computer-accessories/3944_7838866_3004279_2376133_9826274"
            ]
        ]
    },
    {
        "title": "Linksys EA7300 MAX-STREAM AC1750 MU-MIMO Gigabit Wi-Fi Router",
        "url": "https://www.walmart.com/ip/Linksys-EA7300-MAX-STREAM-AC1750-MU-MIMO-Gigabit-Wi-Fi-Router/108211885",
        "price": "$68.90",
        "stars": "4.1",
        "ratings": "182 ",
        "img": "",
        "tags": [
            [
                "Netgear",
                "/browse/electronics/netgear/3944_4131277_3248764"
            ],
            [
                "Netgear Routers",
                "/browse/electronics/netgear-routers/3944_3951_126297_4436654"
            ],
            [
                "Linksys Routers",
                "/browse/electronics/linksys-routers/3944_3951_126297_5931166"
            ],
            [
                "Traditional Routers for Light Internet Use",
                "/browse/electronics/traditional-routers-for-light-internet-use/3944_3951_126297_1073784_5450801_6360281"
            ],
            [
                "Smart Network Hubs & Routers that work with Google Assistant",
                "/browse/electronics/smart-network-hubs-routers-that-work-with-google-assistant/3944_1229875_9259047_6761149"
            ],
            [
                "Traditional Routers for Heavy Internet Use",
                "/browse/electronics/traditional-routers-for-heavy-internet-use/3944_3951_126297_1073784_5450801_9416000"
            ],
            [
                "Traditional Routers for Moderate Internet Use",
                "/browse/electronics/traditional-routers-for-moderate-internet-use/3944_3951_126297_1073784_5450801_9769523"
            ]
        ]
    },
    {
        "title": "HP 22 Ink Cartridge, Tri-color (C9352AN)",
        "url": "https://www.walmart.com/ip/HP-22-Ink-Cartridge-Tri-color-C9352AN/14860167",
        "price": "$32.89",
        "stars": "4.6",
        "ratings": "185 ",
        "img": "i5.walmartimages.com/asr/30c9f148-62ef-4bc9-b3b4-c19ef5479840_1.6119d6d33b043adc1ae9fd1a8453e070.jpeg?odnWidth=612&odnHeight=612&odnBg=ffffff",
        "tags": [
            [
                "HP Printer Ink and Toner",
                "/browse/electronics/hp-printer-ink-toner/3944_4131277_7559616_3252233"
            ],
            [
                "Brother Printers",
                "/browse/electronics/brother-printers/3944_4131277_8298959_3298126"
            ],
            [
                "All-in-One Printers",
                "/browse/electronics/all-in-one-printers/3944_3951_37807_163957_4175270"
            ],
            [
                "Brother Printer Ink and Toner",
                "/browse/electronics/brother-printer-ink-toner/3944_4131277_8298959_6104760"
            ],
            [
                "Canon",
                "/browse/electronics/canon/3944_4131277_7135121"
            ],
            [
                "HP Standard Yield Printer Ink Cartridge",
                "/browse/electronics/hp-standard-yield-printer-ink-cartridge/3944_3951_37807_8789020"
            ],
            [
                "Printer Toner",
                "/browse/electronics/printer-toner/3944_3951_37807_8910633"
            ]
        ]
    }
]