[
    {
        "title": "Nikon AF-S DX NIKKOR 18-200mm f/3.5-5.6G ED VR II Zoom Lens",
        "url": "https://www.walmart.com/ip/Nikon-AF-S-DX-NIKKOR-18-200mm-f-3-5-5-6G-ED-VR-II-Zoom-Lens/12173628",
        "price": "$449.00",
        "stars": "4.6",
        "ratings": "453 ",
        "img": "",
        "tags": [
            [
                "Camera Lenses",
                "/browse/electronics/camera-lenses/3944_133277_132913_1231342_1079107"
            ],
            [
                "Digital SLR Cameras",
                "/browse/electronics/digital-slr-cameras/3944_133277_1096663"
            ],
            [
                "Nikon Cameras",
                "/browse/electronics/nikon-cameras/3944_133277_1231331_1231332"
            ],
            [
                "Camera Flashes",
                "/browse/electronics/camera-flashes/3944_133277_132913_1079108_2624563"
            ],
            [
                "All Cameras",
                "/browse/electronics/all-cameras/3944_133277_4468"
            ],
            [
                "Other Camera Accessories",
                "/browse/electronics/other-camera-accessories/3944_133277_132913_4539"
            ],
            [
                "Nikon",
                "/browse/electronics/nikon/3944_4131277_9909765"
            ]
        ]
    },
    {
        "title": "6V 1A Battery Charger Adapter AC/DC Powered For Kids ATV Quad Car Motorcycles Ride On Cars SUV Toy",
        "url": "https://www.walmart.com/ip/6V-1A-Battery-Charger-Adapter-AC-DC-Powered-For-Kids-ATV-Quad-Car-Motorcycles-Ride-On-Cars-SUV-Toy/510865445",
        "price": "$11.81",
        "stars": "2.0",
        "ratings": "2 ",
        "img": "i5.walmartimages.com/asr/382e555b-8822-4927-b45f-674d701833bb_1.209d7f408927f3c8c394a63af78580d8.jpeg?odnWidth=612&odnHeight=612&odnBg=ffffff",
        "tags": [
            [
                "Batteries & A/C Adapters",
                "/browse/electronics/batteries-a-c-adapters/3944_3951_132959_1073805"
            ],
            [
                "Camera Charging and Accessories",
                "/browse/electronics/camera-charging-accessories/3944_133277_132913_1079104"
            ],
            [
                "GoPro Cameras & Accessories",
                "/browse/electronics/gopro-cameras-accessories/3944_133277_1095238"
            ],
            [
                "Sports & Action Camcorders",
                "/browse/electronics/sports-action-camcorders/3944_133277_1100765"
            ],
            [
                "GoPro Accessories",
                "/browse/electronics/gopro-accessories/3944_133277_1230678_1231341"
            ],
            [
                "Camcorder Batteries",
                "/browse/electronics/camcorder-batteries/3944_133277_1231377_1231391"
            ],
            [
                "GoPro",
                "/browse/electronics/gopro/3944_4131277_4316150"
            ],
            [
                "Other Camera Accessories",
                "/browse/electronics/other-camera-accessories/3944_133277_132913_4539"
            ]
        ]
    },
    {
        "title": "BalsaCircle Black 8 ft x 10 ft Photo Backdrop Stand Kit - Studio Background - Wedding Party Photo Booth Studio Decorations",
        "url": "https://www.walmart.com/ip/BalsaCircle-Black-8-ft-x-10-ft-Photo-Backdrop-Stand-Kit-Studio-Background-Wedding-Party-Photo-Booth-Studio-Decorations/287499970",
        "price": "$44.99",
        "stars": "4.1",
        "ratings": "17 ",
        "img": "i5.walmartimages.com/asr/9729a2b2-19d3-4ee6-acce-9397d017a3ba_1.686d79af4562a031a94544d3594e3047.jpeg?odnWidth=612&odnHeight=612&odnBg=ffffff",
        "tags": [
            [
                "Other Camera Accessories",
                "/browse/electronics/other-camera-accessories/3944_133277_132913_4539"
            ],
            [
                "Complete Tripods",
                "/browse/electronics/complete-tripods/3944_133277_132913_77512_5102183"
            ],
            [
                "Studio Lighting",
                "/browse/electronics/studio-lighting/3944_133277_132913_6594913_5413954"
            ],
            [
                "On-Camera Lighting",
                "/browse/electronics/on-camera-lighting/3944_133277_132913_1079108_5953161"
            ],
            [
                "Photo Studio Backgrounds",
                "/browse/electronics/photo-studio-backgrounds/3944_133277_132913_6594913_9632790"
            ]
        ]
    },
    {
        "title": "LED Ring Light 10\" with Tripod Stand & Phone Holder for YouTube Video,Makeup and Selfie, [2020 Upgraded] Dimmable 3 Light Modes 10 Brightness Level Ring Light with USB Powered Compatible for iPhone",
        "url": "https://www.walmart.com/ip/LED-Ring-Light-10-Tripod-Stand-Phone-Holder-YouTube-Video-Makeup-Selfie-2020-Upgraded-Dimmable-3-Modes-10-Brightness-Level-USB-Powered-Compatible-iPh/934187046",
        "price": "$18.54",
        "stars": 0,
        "ratings": 0,
        "img": "i5.walmartimages.com/asr/f44ea1e0-e8c0-420d-882a-e745b57ab08d.67575f9db8eb1d6f05d9765caf9fbe90.jpeg?odnWidth=612&odnHeight=612&odnBg=ffffff",
        "tags": []
    },
    {
        "title": "Lexar 128GB High-Performance UHS-I microSDXC Memory Card with SD Adapter",
        "url": "https://www.walmart.com/ip/Lexar-128GB-High-Performance-UHS-I-microSDXC-Memory-Card-with-SD-Adapter/153046567",
        "price": "$17.99",
        "stars": "5.0",
        "ratings": "1 ",
        "img": "",
        "tags": [
            [
                "Memory Card Readers",
                "/browse/electronics/memory-card-readers/3944_133277_132913_63988_116797"
            ],
            [
                "Nintendo",
                "/browse/electronics/nintendo/3944_4131277_3137068"
            ],
            [
                "Other Camera Accessories",
                "/browse/electronics/other-camera-accessories/3944_133277_132913_4539"
            ],
            [
                "onn. Camera Accessories",
                "/browse/electronics/onn-camera-accessories/3944_133277_132913_4323092_5259738"
            ],
            [
                "USB Flash Drives",
                "/browse/electronics/usb-flash-drives/3944_3951_132959_529295"
            ],
            [
                "SD Cards",
                "/browse/electronics/sd-cards/3944_133277_132913_63988_5930264"
            ],
            [
                "Sony",
                "/browse/electronics/sony/3944_4131277_7675262"
            ]
        ]
    },
    {
        "title": "1080P 12MP Digital Waterproof Trail Camera Infrared Night Vision Cam or Wildlife Monitoring and Farm",
        "url": "https://www.walmart.com/ip/1080P-12MP-Digital-Waterproof-Trail-Camera-Infrared-Night-Vision-Cam-or-Wildlife-Monitoring-and-Farm/781796781",
        "price": "$33.99",
        "stars": 0,
        "ratings": 0,
        "img": "i5.walmartimages.com/asr/ebbad522-68a9-4612-9220-d014919f7b0e_1.33854e6e1346e4707a2e40ec6cb06627.jpeg?odnWidth=612&odnHeight=612&odnBg=ffffff",
        "tags": []
    },
    {
        "title": "10\" LED Ring Light with Stand for Youtube Tiktok Makeup Video Live Phone Selfie",
        "url": "https://www.walmart.com/ip/10-LED-Ring-Light-with-Stand-for-Youtube-Tiktok-Makeup-Video-Live-Phone-Selfie/288065588",
        "price": "$23.99",
        "stars": "2.8",
        "ratings": "21 ",
        "img": "i5.walmartimages.com/asr/ffb13199-b788-456b-9305-0a5574549187.867671682e075e005a5096f7ba1f2692.jpeg?odnWidth=612&odnHeight=612&odnBg=ffffff",
        "tags": [
            [
                "All String Lights",
                "/browse/home/all-string-lights/4044_133012_133113_8132195_1765413"
            ],
            [
                "Shop All Lamps",
                "/browse/home/shop-all-lamps/4044_133012_133113_4887881_3703957"
            ],
            [
                "LED Strip Lights",
                "/browse/home/led-strip-lights/4044_133012_133113_8132195_3766565"
            ],
            [
                "Shop All Desk Lamps",
                "/browse/home/shop-all-desk-lamps/4044_133012_133113_4887881_6171890_4663722"
            ],
            [
                "Shop All Novelty Lights",
                "/browse/home/shop-all-novelty-lights/4044_133012_133113_8132195_4953307"
            ],
            [
                "Shop All Desk Lamps by Color",
                "/browse/home/shop-all-desk-lamps-by-color/4044_133012_133113_4887881_6171890_2170299_5011261"
            ],
            [
                "Under Cabinet Lighting",
                "/browse/home/under-cabinet-lighting/4044_133012_133113_7746950"
            ],
            [
                "Shop All Desk Lamps by Finish",
                "/browse/home/shop-all-desk-lamps-by-finish/4044_133012_133113_4887881_6171890_5607606_8919148"
            ]
        ]
    },
    {
        "title": "SanDisk Extreme Pro - Flash memory card - 64 GB - Video Class V30 / UHS-I U3 / Class10 - SDXC UHS-I",
        "url": "https://www.walmart.com/ip/SanDisk-Extreme-Pro-Flash-memory-card-64-GB-Video-Class-V30-UHS-I-U3-Class10-SDXC-UHS-I/534297520",
        "price": "$26.99",
        "stars": "5.0",
        "ratings": "1 ",
        "img": "i5.walmartimages.com/asr/182bff47-b299-4229-8c40-d8f1036d606c.be78e33efe8d2c03a7af50bf80e93b8e.jpeg?odnWidth=612&odnHeight=612&odnBg=ffffff",
        "tags": [
            [
                "Smart Switches",
                "/browse/electronics/smart-switches/3944_1229875_4592199_1522536_2286595"
            ],
            [
                "Micro SD Cards",
                "/browse/electronics/micro-sd-cards/3944_133277_132913_63988_4590075"
            ],
            [
                "GoPro HERO7",
                "/browse/electronics/gopro-hero7/3944_133277_1230678_4801960"
            ],
            [
                "Samsung SmartThings Compatible Devices",
                "/browse/electronics/samsung-smartthings-compatible-devices/3944_1229875_5182543"
            ],
            [
                "Lenovo Touchscreen Laptops",
                "/browse/electronics/lenovo-touchscreen-laptops/3944_3951_1089430_1230093_1230101_5560642"
            ],
            [
                "Netbooks",
                "/browse/electronics/netbooks/3944_3951_1089430_1230091_5635211"
            ],
            [
                "Smart Door Locks",
                "/browse/electronics/smart-door-locks/3944_1229875_6357978_1369584_6366804"
            ],
            [
                "Lenovo 2-in-1 Laptops",
                "/browse/electronics/lenovo-2-in-1-laptops/3944_3951_1089430_1230093_1230101_8614291"
            ]
        ]
    },
    {
        "title": "5\" inch Flexible Tripod + Universal Tripod Mount For All Smartphones with eCostConnection Microfiber Cloth",
        "url": "https://www.walmart.com/ip/5-inch-Flexible-Tripod-Universal-Tripod-Mount-For-All-Smartphones-with-eCostConnection-Microfiber-Cloth/323296464",
        "price": "$4.99",
        "stars": "4.8",
        "ratings": "9 ",
        "img": "",
        "tags": [
            [
                "Selfie Sticks",
                "/browse/cell-phones/selfie-sticks/1105910_133161_9274827_1230743"
            ],
            [
                "Cell Phone Camera Attachments",
                "/browse/cell-phones/cell-phone-camera-attachments/1105910_133161_9274827_1231346"
            ],
            [
                "All Phone Camera Lenses",
                "/browse/cell-phones/all-phone-camera-lenses/1105910_133161_9274827_3801052"
            ],
            [
                "Basic Phone Cases",
                "/browse/cell-phones/basic-phone-cases/1105910_133161_1997952_3341734_5271560"
            ],
            [
                "All Phone Car Holders",
                "/browse/cell-phones/all-phone-car-holders/1105910_133161_1072308_5978976"
            ],
            [
                "Telephoto Phone Lenses",
                "/browse/cell-phones/telephoto-phone-lenses/1105910_133161_9274827_9124656"
            ],
            [
                "Selfie Lights",
                "/browse/cell-phones/selfie-lights/1105910_133161_9274827_9809657"
            ]
        ]
    },
    {
        "title": "Selfie Portable LED Ring Light Flash For Apple iPhone Sumsung HTC Phone Light",
        "url": "https://www.walmart.com/ip/Selfie-Portable-LED-Ring-Light-Flash-For-Apple-iPhone-Sumsung-HTC-Phone-Light/477334273",
        "price": "$6.88",
        "stars": "3.6",
        "ratings": "8 ",
        "img": "",
        "tags": [
            [
                "Cooling Pads & Lights",
                "/browse/electronics/cooling-pads-lights/3944_3951_132959_1074265"
            ],
            [
                "onn. Phone & Cellphone Accessories",
                "/browse/electronics/onn-phone-cellphone-accessories/3944_7838866_3004279_2376133_4966163"
            ],
            [
                "Complete Tripods",
                "/browse/electronics/complete-tripods/3944_133277_132913_77512_5102183"
            ],
            [
                "onn. Camera Accessories",
                "/browse/electronics/onn-camera-accessories/3944_133277_132913_4323092_5259738"
            ],
            [
                "Studio Lighting",
                "/browse/electronics/studio-lighting/3944_133277_132913_6594913_5413954"
            ],
            [
                "On-Camera Lighting",
                "/browse/electronics/on-camera-lighting/3944_133277_132913_1079108_5953161"
            ]
        ]
    }
]