[
    {
        "title": "for MJX Bugs 7 B7 RC Drone Battery 7. 1500mAh Lipo Replacement Battery Modular Battery for RC Quadcopter",
        "url": "https://www.walmart.com/ip/for-MJX-Bugs-7-B7-RC-Drone-Battery-7-1500mAh-Lipo-Replacement-Battery-Modular-Battery-for-RC-Quadcopter/890236005",
        "price": "$23.49",
        "stars": 0,
        "ratings": 0,
        "img": "i5.walmartimages.com/asr/e98734d7-deea-472b-8573-f15d884d2dd5.a67e686f04578b76408d2ac7917960b1.jpeg?odnWidth=612&odnHeight=612&odnBg=ffffff",
        "tags": []
    },
    {
        "title": "Drone with Camera - RC Drones for Beginners, WiFi FPV Drone w/ 720P HD Camera/Voice & APP Control/Trajectory Flight/Altitude Hold/Gravity Sensor, VR Game, Drone with Camera for Adults & Kids",
        "url": "https://www.walmart.com/ip/Drone-Camera-RC-Drones-Beginners-WiFi-FPV-w-720P-HD-Camera-Voice-APP-Control-Trajectory-Flight-Altitude-Hold-Gravity-Sensor-VR-Game-Adults-Kids/341567598",
        "price": "$63.99",
        "stars": 0,
        "ratings": 0,
        "img": "i5.walmartimages.com/asr/76809ab1-5fe8-41b8-bf0c-32f9105bf155.6d7966c6d87309adb39ebc46b30b3e9b.jpeg?odnWidth=612&odnHeight=612&odnBg=ffffff",
        "tags": [
            [
                "HD Drones",
                "/browse/electronics/hd-drones/3944_5525941_1677970_1837338"
            ],
            [
                "Foldable Drones",
                "/browse/electronics/foldable-drones/3944_5525941_2616723"
            ],
            [
                "Beginner Drones",
                "/browse/electronics/beginner-drones/3944_5525941_4346614_2881959"
            ],
            [
                "DJI Drones",
                "/browse/electronics/dji-drones/3944_5525941_5960206_3976514"
            ],
            [
                "RC Drones",
                "/browse/electronics/rc-drones/3944_5525941_6042620"
            ],
            [
                "Intermediate Drones",
                "/browse/electronics/intermediate-drones/3944_5525941_4346614_6345846"
            ],
            [
                "Shop All Drones",
                "/browse/electronics/shop-all-drones/3944_5525941_8120586"
            ],
            [
                "Advanced Drones",
                "/browse/electronics/advanced-drones/3944_5525941_4346614_8463965"
            ]
        ]
    },
    {
        "title": "LF606 RC Drone Mini Drone 360 Degree Rollover 2.4G Speed Switching Headless Mode RC Quadcopter for Kids Beginners",
        "url": "https://www.walmart.com/ip/LF606-RC-Drone-Mini-Drone-360-Degree-Rollover-2-4G-Speed-Switching-Headless-Mode-RC-Quadcopter-for-Kids-Beginners/769494783",
        "price": "$20.15",
        "stars": 0,
        "ratings": 0,
        "img": "i5.walmartimages.com/asr/68234812-ab9d-42d0-97d4-571700f54c68_1.7d3fd444b7c29d8d143f6df80ee8e62a.jpeg?odnWidth=612&odnHeight=612&odnBg=ffffff",
        "tags": []
    },
    {
        "title": "Skin For Minimal Drone & Controller Coverage Colorful Collection",
        "url": "https://www.walmart.com/ip/Skin-For-Minimal-Drone-Controller-Coverage-Colorful-Collection/700156806",
        "price": "$19.99",
        "stars": "1.7",
        "ratings": "3 ",
        "img": "i5.walmartimages.com/asr/474a6cd5-c7a5-40a0-b0b5-a0196a24489e.2b3799ab80d250daebfaab05a506f91c.jpeg?odnWidth=612&odnHeight=612&odnBg=ffffff",
        "tags": [
            [
                "HD Drones",
                "/browse/electronics/hd-drones/3944_5525941_1677970_1837338"
            ],
            [
                "Foldable Drones",
                "/browse/electronics/foldable-drones/3944_5525941_2616723"
            ],
            [
                "Drone Accessories",
                "/browse/electronics/drone-accessories/3944_133277_2972544"
            ],
            [
                "All Drones with Cameras",
                "/browse/electronics/all-drones-with-cameras/3944_5525941_1677970_3044927"
            ],
            [
                "Drone Cases",
                "/browse/electronics/drone-cases/3944_5525941_4049093_5296741"
            ],
            [
                "RC Drones",
                "/browse/electronics/rc-drones/3944_5525941_6042620"
            ],
            [
                "Shop All Drones",
                "/browse/electronics/shop-all-drones/3944_5525941_8120586"
            ],
            [
                "Advanced Drones",
                "/browse/electronics/advanced-drones/3944_5525941_4346614_8463965"
            ]
        ]
    },
    {
        "title": "Holy Stone Spare Battery for HS720 GPS Quadcopter Drone, Color Black",
        "url": "https://www.walmart.com/ip/Holy-Stone-Spare-Battery-for-HS720-GPS-Quadcopter-Drone-Color-Black/227774672",
        "price": "$51.99",
        "stars": 0,
        "ratings": 0,
        "img": "i5.walmartimages.com/asr/155fee11-acf1-45d0-b893-7f4d396d48ea.aa04c8dab8636a545501b797c7a3605d.jpeg?odnWidth=612&odnHeight=612&odnBg=ffffff",
        "tags": []
    },
    {
        "title": "DJI Phantom 3 Intelligent Flight Battery",
        "url": "https://www.walmart.com/ip/DJI-Phantom-3-Intelligent-Flight-Battery/151703378",
        "price": "$99.99",
        "stars": "3.7",
        "ratings": "3 ",
        "img": "i5.walmartimages.com/asr/efc98ae9-edba-4d2e-bcf2-fc9e9b14330b_1.79d11766aa34e0174c583c7ddefcd4d8.jpeg?odnWidth=612&odnHeight=612&odnBg=ffffff",
        "tags": [
            [
                "Batteries & Chargers",
                "/browse/electronics/batteries-chargers/3944_96469_133271_1072786"
            ],
            [
                "Drones with Cameras",
                "/browse/electronics/drones-with-cameras/3944_133277_1231385"
            ],
            [
                "HD Drones",
                "/browse/electronics/hd-drones/3944_5525941_1677970_1837338"
            ],
            [
                "Foldable Drones",
                "/browse/electronics/foldable-drones/3944_5525941_2616723"
            ],
            [
                "Drone Accessories",
                "/browse/electronics/drone-accessories/3944_133277_2972544"
            ],
            [
                "All Drones with Cameras",
                "/browse/electronics/all-drones-with-cameras/3944_5525941_1677970_3044927"
            ],
            [
                "DJI Drones",
                "/browse/electronics/dji-drones/3944_5525941_5960206_3976514"
            ],
            [
                "Shop All Drones",
                "/browse/electronics/shop-all-drones/3944_5525941_8120586"
            ]
        ]
    },
    {
        "title": "Hand Operated Drones for Kids & Adults, ZIOBLW Super Fun & Easy Hands Free Mini Drone Helicopter (2 Speed & LED Light), Indoor Flying Ball Toys Gifts for 6 7 8 9 10 Years Old Boys & Girls - Gold",
        "url": "https://www.walmart.com/ip/Hand-Operated-Drones-Kids-Adults-ZIOBLW-Super-Fun-Easy-Hands-Free-Mini-Drone-Helicopter-2-Speed-LED-Light-Indoor-Flying-Ball-Toys-Gifts-6-7-8-9-10-Ye/583085543",
        "price": "$16.99",
        "stars": "1.0",
        "ratings": "1 ",
        "img": "i5.walmartimages.com/asr/bd98587d-5af9-4486-b09b-781e6983f541_1.02e75182ce3601e1131da89b56723384.jpeg?odnWidth=612&odnHeight=612&odnBg=ffffff",
        "tags": [
            [
                "RC Drones by Brand",
                "/browse/toys/rc-drones-by-brand/4171_1111647_3436383_3791844"
            ],
            [
                "Ball Pits",
                "/browse/toys/ball-pits/4171_14521_4400069"
            ],
            [
                "RC Helicopters & Planes",
                "/browse/toys/rc-helicopters-planes/4171_1111647_3436383_5213267"
            ],
            [
                "Planes & Helicopters",
                "/browse/toys/planes-helicopters/4171_1111647_5741670"
            ],
            [
                "Toy Drones by Price",
                "/browse/toys/toy-drones-by-price/4171_1111647_3436383_5814447"
            ],
            [
                "Craft Kits",
                "/browse/toys/craft-kits/4171_645779_613040"
            ],
            [
                "Toys for Kids 8 to 11 Years",
                "/browse/toys/toys-for-kids-8-to-11-years/4171_3318550_617942_8104028"
            ],
            [
                "STEM Building Toys",
                "/browse/toys/stem-building-toys/4171_1229858_9597591"
            ]
        ]
    },
    {
        "title": "Learning Resources 1-2-3 Build It! Rocket-Train-Helicopter, 15 Piece Set, Ages 2+",
        "url": "https://www.walmart.com/ip/Learning-Resources-1-2-3-Build-It-Rocket-Train-Helicopter-15-Piece-Set-Ages-2/136303966",
        "price": "$23.47",
        "stars": "4.8",
        "ratings": "37 ",
        "img": "i5.walmartimages.com/asr/6f3d96c9-459d-42f4-9c49-8ce74a7af7b7_1.e2f4a9c1f2d4981f2d618faae1ac9c9d.jpeg?odnWidth=612&odnHeight=612&odnBg=ffffff",
        "tags": [
            [
                "Air Hogs Drones",
                "/browse/electronics/air-hogs-drones/3944_5525941_5960206_1396048"
            ],
            [
                "HD Drones",
                "/browse/electronics/hd-drones/3944_5525941_1677970_1837338"
            ],
            [
                "Foldable Drones",
                "/browse/electronics/foldable-drones/3944_5525941_2616723"
            ],
            [
                "Beginner Drones",
                "/browse/electronics/beginner-drones/3944_5525941_4346614_2881959"
            ],
            [
                "All Drones with Cameras",
                "/browse/electronics/all-drones-with-cameras/3944_5525941_1677970_3044927"
            ],
            [
                "Intermediate Drones",
                "/browse/electronics/intermediate-drones/3944_5525941_4346614_6345846"
            ],
            [
                "Shop All Drones",
                "/browse/electronics/shop-all-drones/3944_5525941_8120586"
            ],
            [
                "Advanced Drones",
                "/browse/electronics/advanced-drones/3944_5525941_4346614_8463965"
            ]
        ]
    },
    {
        "title": "WLtoys V911S 4CH 6G Non-aileron RC Helicopter for Training Toys+2 Batteries",
        "url": "https://www.walmart.com/ip/WLtoys-V911S-4CH-6G-Non-aileron-RC-Helicopter-for-Training-Toys-2-Batteries/901539516",
        "price": "$46.59",
        "stars": 0,
        "ratings": 0,
        "img": "i5.walmartimages.com/asr/d2ca5d60-63b3-4c12-8e32-8fd14455e550_1.dfaac390c2df8bd87b02eacb9d61632d.jpeg?odnWidth=612&odnHeight=612&odnBg=ffffff",
        "tags": [
            [
                "RC Toys by Price",
                "/browse/toys/rc-toys-by-price/4171_1111647_3436383_1341660"
            ],
            [
                "RC Toys by Vehicle Type",
                "/browse/toys/rc-toys-by-vehicle-type/4171_1111647_3436383_2702261"
            ],
            [
                "RC Helicopters & Planes",
                "/browse/toys/rc-helicopters-planes/4171_1111647_3436383_5213267"
            ],
            [
                "Planes & Helicopters",
                "/browse/toys/planes-helicopters/4171_1111647_5741670"
            ],
            [
                "Cars & SUVs",
                "/browse/toys/cars-suvs/4171_1111647_6169850"
            ],
            [
                "RC Trucks & SUVs",
                "/browse/toys/rc-trucks-suvs/4171_1111647_3436383_6427365"
            ],
            [
                "RC Toys by Brand",
                "/browse/toys/rc-toys-by-brand/4171_1111647_3436383_8304402"
            ],
            [
                "RC Cars",
                "/browse/toys/rc-cars/4171_1111647_8787282"
            ]
        ]
    },
    {
        "title": "X20 Micro Drone",
        "url": "https://www.walmart.com/ip/X20-Micro-Drone/690241693",
        "price": "$19.88",
        "stars": "2.7",
        "ratings": "20 ",
        "img": "i5.walmartimages.com/asr/83ddd2e0-eb22-42d1-a6a4-144ae687561c_1.6adf958dfb4c45e93f374e6d5f7afe42.jpeg?odnWidth=612&odnHeight=612&odnBg=ffffff",
        "tags": [
            [
                "Connected Dorm Room",
                "/browse/seasonal/connected-dorm-room/1085632_8174172_6292484_2548864"
            ],
            [
                "Tax Free Apparel Tech & School Supplies",
                "/browse/tax-free-apparel-tech-school-supplies/1085632_3096686"
            ],
            [
                "Tax Free Apparel & School Supplies",
                "/browse/tax-free-apparel-school-supplies/1085632_4861825"
            ],
            [
                "Mother's Day Electronics Gifts",
                "/browse/seasonal/mothers-day-electronics-gifts/1085632_1093554_5742102"
            ],
            [
                "Audio",
                "/browse/seasonal/audio/1085632_8174172_6292484_5759323"
            ],
            [
                "Tax Free Shop All",
                "/browse/tax-free-shop-all/1085632_6767877"
            ],
            [
                "Electronics Gifts for Grads",
                "/browse/seasonal/electronics-gifts-for-grads/1085632_1105121_7594959"
            ],
            [
                "Last Minute Gifts",
                "/browse/last-minute-gifts/1085632_7803702"
            ]
        ]
    }
]