[
    {
        "title": "JJR/C X11 RC Drone with Camera 2K 5G Wifi FPV Optical Positioning Brushless Quadcopter Follow Me Altitude Hold Drone",
        "url": "https://www.walmart.com/ip/JJR-C-X11-RC-Drone-with-Camera-2K-5G-Wifi-FPV-Optical-Positioning-Brushless-Quadcopter-Follow-Me-Altitude-Hold-Drone/568360182",
        "price": "$169.79",
        "stars": "5.0",
        "ratings": "1 ",
        "img": "i5.walmartimages.com/asr/cf656745-7e9b-45d7-a0c8-772dfd865afd_1.0a0636db2499239082960f39b8f9005d.jpeg?odnWidth=612&odnHeight=612&odnBg=ffffff",
        "tags": [
            [
                "Drones with Cameras",
                "/browse/electronics/drones-with-cameras/3944_133277_1231385"
            ],
            [
                "HD Drones",
                "/browse/electronics/hd-drones/3944_5525941_1677970_1837338"
            ],
            [
                "Foldable Drones",
                "/browse/electronics/foldable-drones/3944_5525941_2616723"
            ],
            [
                "Beginner Drones",
                "/browse/electronics/beginner-drones/3944_5525941_4346614_2881959"
            ],
            [
                "RC Drones",
                "/browse/electronics/rc-drones/3944_5525941_6042620"
            ],
            [
                "Intermediate Drones",
                "/browse/electronics/intermediate-drones/3944_5525941_4346614_6345846"
            ],
            [
                "Shop All Drones",
                "/browse/electronics/shop-all-drones/3944_5525941_8120586"
            ],
            [
                "Advanced Drones",
                "/browse/electronics/advanced-drones/3944_5525941_4346614_8463965"
            ]
        ]
    },
    {
        "title": "Air Hogs Atmosphere Axis",
        "url": "https://www.walmart.com/ip/Air-Hogs-Atmosphere-Axis/37424590",
        "price": "$69.00",
        "stars": "2.2",
        "ratings": "50 ",
        "img": "i5.walmartimages.com/asr/bf73a6ac-7baf-4e93-955e-7224a8ea4c21_1.6425e4e2d38ff750b156911c54164b68.jpeg?odnWidth=612&odnHeight=612&odnBg=ffffff",
        "tags": [
            [
                "RC Drones with Cameras",
                "/browse/toys/rc-drones-with-cameras/4171_1111647_3436383_1587680"
            ],
            [
                "Gifts for 8 year old boys",
                "/browse/toys/gifts-for-8-year-old-boys/4171_3318550_617942_2763108"
            ],
            [
                "RC Drones by Brand",
                "/browse/toys/rc-drones-by-brand/4171_1111647_3436383_3791844"
            ],
            [
                "RC Helicopters & Planes",
                "/browse/toys/rc-helicopters-planes/4171_1111647_3436383_5213267"
            ],
            [
                "Toy Drones by Price",
                "/browse/toys/toy-drones-by-price/4171_1111647_3436383_5814447"
            ],
            [
                "Toys for 9 year olds",
                "/browse/toys/toys-for-9-year-olds/4171_3318550_617942_7393381"
            ],
            [
                "Toys for 11 year old boys",
                "/browse/toys/toys-for-11-year-old-boys/4171_3318550_617942_7646295"
            ],
            [
                "Air Hogs Drones & Flyers",
                "/browse/toys/air-hogs-drones-flyers/4171_1111647_8415181"
            ]
        ]
    },
    {
        "title": "World Tech Toys Black, Blue, White, Red, Green Elite Fidget Spinners Set of 24",
        "url": "https://www.walmart.com/ip/World-Tech-Toys-Black-Blue-White-Red-Green-Elite-Fidget-Spinners-Set-of-24/30387526",
        "price": "$35.24",
        "stars": "3.6",
        "ratings": "7 ",
        "img": "",
        "tags": [
            [
                "RC Toys by Price",
                "/browse/toys/rc-toys-by-price/4171_1111647_3436383_1341660"
            ],
            [
                "RC Toys by Vehicle Type",
                "/browse/toys/rc-toys-by-vehicle-type/4171_1111647_3436383_2702261"
            ],
            [
                "RC Drones by Brand",
                "/browse/toys/rc-drones-by-brand/4171_1111647_3436383_3791844"
            ],
            [
                "RC Helicopters & Planes",
                "/browse/toys/rc-helicopters-planes/4171_1111647_3436383_5213267"
            ],
            [
                "Planes & Helicopters",
                "/browse/toys/planes-helicopters/4171_1111647_5741670"
            ],
            [
                "Toy Drones by Price",
                "/browse/toys/toy-drones-by-price/4171_1111647_3436383_5814447"
            ],
            [
                "McFarlane Toys",
                "/browse/toys/mcfarlane-toys/4171_4172_6437947"
            ],
            [
                "RC Toys by Brand",
                "/browse/toys/rc-toys-by-brand/4171_1111647_3436383_8304402"
            ]
        ]
    },
    {
        "title": "Mini Drone Quadcopter Toy Foldable LED Light RC Fall-resistant For Kids Adults",
        "url": "https://www.walmart.com/ip/Mini-Drone-Quadcopter-Toy-Foldable-LED-Light-RC-Fall-resistant-For-Kids-Adults/957253418",
        "price": "$29.98",
        "stars": 0,
        "ratings": 0,
        "img": "",
        "tags": []
    },
    {
        "title": "Drone Induction Aircraft Flying Saucer Toy Gift for Boys Girls Kids",
        "url": "https://www.walmart.com/ip/Drone-Induction-Aircraft-Flying-Saucer-Toy-Gift-for-Boys-Girls-Kids/947242496",
        "price": "$24.99",
        "stars": 0,
        "ratings": 0,
        "img": "i5.walmartimages.com/asr/78f11a15-b625-4c67-9acd-ed0491785ca1_1.cbd86fd14f0ca52af9cbb2c393e437ff.jpeg?odnWidth=612&odnHeight=612&odnBg=ffffff",
        "tags": [
            [
                "Air Hogs Drones",
                "/browse/electronics/air-hogs-drones/3944_5525941_5960206_1396048"
            ],
            [
                "HD Drones",
                "/browse/electronics/hd-drones/3944_5525941_1677970_1837338"
            ],
            [
                "Foldable Drones",
                "/browse/electronics/foldable-drones/3944_5525941_2616723"
            ],
            [
                "Beginner Drones",
                "/browse/electronics/beginner-drones/3944_5525941_4346614_2881959"
            ],
            [
                "All Drones with Cameras",
                "/browse/electronics/all-drones-with-cameras/3944_5525941_1677970_3044927"
            ],
            [
                "Intermediate Drones",
                "/browse/electronics/intermediate-drones/3944_5525941_4346614_6345846"
            ],
            [
                "Shop All Drones",
                "/browse/electronics/shop-all-drones/3944_5525941_8120586"
            ],
            [
                "Advanced Drones",
                "/browse/electronics/advanced-drones/3944_5525941_4346614_8463965"
            ]
        ]
    },
    {
        "title": "DJI Mavic 2 Pro Drone with Hasselblad Camera FPV Flight Pilot Experience Bundle with Deco Essentials VR Viewer Headset Goggles + 2x Batteries + Filter Kit + 64GB SDXC Card, 2 Year Warranty Extension",
        "url": "https://www.walmart.com/ip/DJI-Mavic-2-Pro-Drone-Hasselblad-Camera-FPV-Flight-Pilot-Experience-Bundle-Deco-Essentials-VR-Viewer-Headset-Goggles-2x-Batteries-Filter-Kit-64GB-SDX/951177092",
        "price": "$1649.00",
        "stars": 0,
        "ratings": 0,
        "img": "i5.walmartimages.com/asr/8b14e4b3-62f0-41b2-b656-6b1aeb90dd60_1.22696a2ef3103b1d072a00a0d0d033ee.jpeg?odnWidth=612&odnHeight=612&odnBg=ffffff",
        "tags": [
            [
                "HD Drones",
                "/browse/electronics/hd-drones/3944_5525941_1677970_1837338"
            ],
            [
                "Foldable Drones",
                "/browse/electronics/foldable-drones/3944_5525941_2616723"
            ],
            [
                "Beginner Drones",
                "/browse/electronics/beginner-drones/3944_5525941_4346614_2881959"
            ],
            [
                "DJI Drones",
                "/browse/electronics/dji-drones/3944_5525941_5960206_3976514"
            ],
            [
                "RC Drones",
                "/browse/electronics/rc-drones/3944_5525941_6042620"
            ],
            [
                "Intermediate Drones",
                "/browse/electronics/intermediate-drones/3944_5525941_4346614_6345846"
            ],
            [
                "Shop All Drones",
                "/browse/electronics/shop-all-drones/3944_5525941_8120586"
            ],
            [
                "Advanced Drones",
                "/browse/electronics/advanced-drones/3944_5525941_4346614_8463965"
            ]
        ]
    },
    {
        "title": "Autel Robotics EVO II 8K Drone Rugged Bundle, 600002009",
        "url": "https://www.walmart.com/ip/Autel-Robotics-EVO-II-8K-Drone-Rugged-Bundle-600002009/978096541",
        "price": "$1795.00",
        "stars": 0,
        "ratings": 0,
        "img": "i5.walmartimages.com/asr/ac2c95e3-3ed7-46c8-928f-500535e8f75a.ffbd2858664b9d3d53814482c74d85ee.jpeg?odnWidth=612&odnHeight=612&odnBg=ffffff",
        "tags": [
            [
                "HD Drones",
                "/browse/electronics/hd-drones/3944_5525941_1677970_1837338"
            ],
            [
                "Foldable Drones",
                "/browse/electronics/foldable-drones/3944_5525941_2616723"
            ],
            [
                "Beginner Drones",
                "/browse/electronics/beginner-drones/3944_5525941_4346614_2881959"
            ],
            [
                "All Drones with Cameras",
                "/browse/electronics/all-drones-with-cameras/3944_5525941_1677970_3044927"
            ],
            [
                "DJI Drones",
                "/browse/electronics/dji-drones/3944_5525941_5960206_3976514"
            ],
            [
                "Intermediate Drones",
                "/browse/electronics/intermediate-drones/3944_5525941_4346614_6345846"
            ],
            [
                "Shop All Drones",
                "/browse/electronics/shop-all-drones/3944_5525941_8120586"
            ],
            [
                "Advanced Drones",
                "/browse/electronics/advanced-drones/3944_5525941_4346614_8463965"
            ]
        ]
    },
    {
        "title": "DJI Cinessd SSD for Inspire 2 Quadcopter (120GB) & DJI CINESSD Station for Inspire 2 Quadcopter 2PC Bundle Includes Lanyard Strap + 5PC Cleaning Kit",
        "url": "https://www.walmart.com/ip/DJI-Cinessd-SSD-for-Inspire-2-Quadcopter-120GB-DJI-CINESSD-Station-for-Inspire-2-Quadcopter-2PC-Bundle-Includes-Lanyard-Strap-5PC-Cleaning-Kit/705252324",
        "price": "$449.00",
        "stars": 0,
        "ratings": 0,
        "img": "",
        "tags": [
            [
                "Foldable Drones",
                "/browse/electronics/foldable-drones/3944_5525941_2616723"
            ],
            [
                "Beginner Drones",
                "/browse/electronics/beginner-drones/3944_5525941_4346614_2881959"
            ],
            [
                "All Drones with Cameras",
                "/browse/electronics/all-drones-with-cameras/3944_5525941_1677970_3044927"
            ],
            [
                "DJI Drones",
                "/browse/electronics/dji-drones/3944_5525941_5960206_3976514"
            ],
            [
                "RC Drones",
                "/browse/electronics/rc-drones/3944_5525941_6042620"
            ],
            [
                "Intermediate Drones",
                "/browse/electronics/intermediate-drones/3944_5525941_4346614_6345846"
            ],
            [
                "Shop All Drones",
                "/browse/electronics/shop-all-drones/3944_5525941_8120586"
            ],
            [
                "Advanced Drones",
                "/browse/electronics/advanced-drones/3944_5525941_4346614_8463965"
            ]
        ]
    },
    {
        "title": "VicTsing Mini D2 Foldable 2.4G 6-Axis RC Quadcopter Drone HD Camera Helicopter Drone With Remote Control",
        "url": "https://www.walmart.com/ip/VicTsing-Mini-D2-Foldable-2-4G-6-Axis-RC-Quadcopter-Drone-HD-Camera-Helicopter-Drone-With-Remote-Control/116900188",
        "price": "$34.99",
        "stars": "3.0",
        "ratings": "1 ",
        "img": "",
        "tags": [
            [
                "HD Drones",
                "/browse/electronics/hd-drones/3944_5525941_1677970_1837338"
            ],
            [
                "Foldable Drones",
                "/browse/electronics/foldable-drones/3944_5525941_2616723"
            ],
            [
                "Beginner Drones",
                "/browse/electronics/beginner-drones/3944_5525941_4346614_2881959"
            ],
            [
                "DJI Drones",
                "/browse/electronics/dji-drones/3944_5525941_5960206_3976514"
            ],
            [
                "RC Drones",
                "/browse/electronics/rc-drones/3944_5525941_6042620"
            ],
            [
                "Intermediate Drones",
                "/browse/electronics/intermediate-drones/3944_5525941_4346614_6345846"
            ],
            [
                "Shop All Drones",
                "/browse/electronics/shop-all-drones/3944_5525941_8120586"
            ],
            [
                "Advanced Drones",
                "/browse/electronics/advanced-drones/3944_5525941_4346614_8463965"
            ]
        ]
    },
    {
        "title": "2 Pairs DJI Genuine Low-Noise Quick-Release Propellers for Mavic Pro or Mavic Pr",
        "url": "https://www.walmart.com/ip/2-Pairs-DJI-Genuine-Low-Noise-Quick-Release-Propellers-for-Mavic-Pro-or-Mavic-Pr/328030937",
        "price": "$26.23",
        "stars": 0,
        "ratings": 0,
        "img": "",
        "tags": [
            [
                "GoPro Accessories",
                "/browse/electronics/gopro-accessories/3944_133277_1230678_1231341"
            ],
            [
                "Drones with Cameras",
                "/browse/electronics/drones-with-cameras/3944_133277_1231385"
            ],
            [
                "HD Drones",
                "/browse/electronics/hd-drones/3944_5525941_1677970_1837338"
            ],
            [
                "Drone Accessories",
                "/browse/electronics/drone-accessories/3944_133277_2972544"
            ],
            [
                "DJI Drones",
                "/browse/electronics/dji-drones/3944_5525941_5960206_3976514"
            ],
            [
                "Other Camera Accessories",
                "/browse/electronics/other-camera-accessories/3944_133277_132913_4539"
            ],
            [
                "Drone Batteries and Chargers",
                "/browse/electronics/drone-batteries-chargers/3944_5525941_4049093_6633994"
            ],
            [
                "Shop All Drones",
                "/browse/electronics/shop-all-drones/3944_5525941_8120586"
            ]
        ]
    }
]