[
    {
        "title": "SanDisk 32GB MicroSDHC Class 4 Card SDSDQ-032G-A11M",
        "url": "https://www.walmart.com/ip/SanDisk-32GB-MicroSDHC-Class-4-Card-SDSDQ-032G-A11M/660267931",
        "price": "$8.99",
        "stars": "5.0",
        "ratings": "10 ",
        "img": "",
        "tags": [
            [
                "Memory Card Readers",
                "/browse/electronics/memory-card-readers/3944_133277_132913_63988_116797"
            ],
            [
                "Nintendo",
                "/browse/electronics/nintendo/3944_4131277_3137068"
            ],
            [
                "Other Camera Accessories",
                "/browse/electronics/other-camera-accessories/3944_133277_132913_4539"
            ],
            [
                "onn. Camera Accessories",
                "/browse/electronics/onn-camera-accessories/3944_133277_132913_4323092_5259738"
            ],
            [
                "USB Flash Drives",
                "/browse/electronics/usb-flash-drives/3944_3951_132959_529295"
            ],
            [
                "SD Cards",
                "/browse/electronics/sd-cards/3944_133277_132913_63988_5930264"
            ],
            [
                "Sony",
                "/browse/electronics/sony/3944_4131277_7675262"
            ]
        ]
    },
    {
        "title": "Canon EOS 4000D 18MP Digital SLR Camera 18-55mm Lens Premium Kit",
        "url": "https://www.walmart.com/ip/Canon-EOS-4000D-18MP-Digital-SLR-Camera-18-55mm-Lens-Premium-Kit/555128757",
        "price": "$348.99",
        "stars": "4.8",
        "ratings": "5 ",
        "img": "",
        "tags": [
            [
                "Point & Shoot Cameras",
                "/browse/electronics/point-shoot-cameras/3944_133277_1166834"
            ],
            [
                "Nikon Cameras",
                "/browse/electronics/nikon-cameras/3944_133277_1231331_1231332"
            ],
            [
                "Canon Cameras",
                "/browse/electronics/canon-cameras/3944_133277_1231331_1231333"
            ],
            [
                "Sony Cameras",
                "/browse/electronics/sony-cameras/3944_133277_1231331_1231334"
            ],
            [
                "Kodak Cameras",
                "/browse/electronics/kodak-cameras/3944_133277_1231331_1231337"
            ],
            [
                "All Cameras",
                "/browse/electronics/all-cameras/3944_133277_4468"
            ],
            [
                "Canon",
                "/browse/electronics/canon/3944_4131277_7135121"
            ],
            [
                "Nikon",
                "/browse/electronics/nikon/3944_4131277_9909765"
            ]
        ]
    },
    {
        "title": "\"Sony Cyber-shot DSC-W800 Digital Camera Battery Lithium-Ion (3.7v, 1300mAh) - Replacement Battery  for Sony NP-BN1 Battery\"",
        "url": "https://www.walmart.com/ip/Sony-Cyber-shot-DSC-W800-Digital-Camera-Battery-Lithium-Ion-3-7v-1300mAh-Replacement-Battery-for-Sony-NP-BN1-Battery/417250611",
        "price": "$9.95",
        "stars": "5.0",
        "ratings": "1 ",
        "img": "",
        "tags": [
            [
                "Point & Shoot Cameras",
                "/browse/electronics/point-shoot-cameras/3944_133277_1166834"
            ],
            [
                "GoPro Accessories",
                "/browse/electronics/gopro-accessories/3944_133277_1230678_1231341"
            ],
            [
                "Camcorder Batteries",
                "/browse/electronics/camcorder-batteries/3944_133277_1231377_1231391"
            ],
            [
                "GoPro",
                "/browse/electronics/gopro/3944_4131277_4316150"
            ],
            [
                "All Cameras",
                "/browse/electronics/all-cameras/3944_133277_4468"
            ],
            [
                "Arlo Security Cameras",
                "/browse/electronics/arlo-security-cameras/3944_1229875_6357978_5718781_9232158_9316834"
            ],
            [
                "Other Camcorder Accessories",
                "/browse/electronics/other-camcorder-accessories/3944_133277_1231377_978699"
            ],
            [
                "Nikon",
                "/browse/electronics/nikon/3944_4131277_9909765"
            ]
        ]
    },
    {
        "title": "2M/6.6ft Charging Power Cable Fits for Arlo Pro, Arlo Pro 2, Arlo GO, Arlo Light Weatherproof Indoor/Outdoor Flat Cable Micro USB Cable Charging/Power Cord without Plug, 1 Pack (White)",
        "url": "https://www.walmart.com/ip/2M-6-6ft-Charging-Power-Cable-Fits-Arlo-Pro-Pro-2-GO-Light-Weatherproof-Indoor-Outdoor-Flat-Micro-USB-Charging-Power-Cord-without-Plug-1-Pack-White/909335151",
        "price": "$6.99",
        "stars": 0,
        "ratings": 0,
        "img": "i5.walmartimages.com/asr/80e29574-89dc-4e98-b999-8340d87de4b4_1.8381963b16b12fec71464e45b4b0feae.jpeg?odnWidth=612&odnHeight=612&odnBg=ffffff",
        "tags": []
    },
    {
        "title": "Logitech HD Webcam B525",
        "url": "https://www.walmart.com/ip/Logitech-HD-Webcam-B525/17805187",
        "price": "$59.99",
        "stars": "4.3",
        "ratings": "18 ",
        "img": "",
        "tags": [
            [
                "All Camcorders",
                "/browse/electronics/all-camcorders/3944_133277_4549"
            ],
            [
                "Laptop Stands",
                "/browse/electronics/laptop-stands/3944_3951_132959_4680327"
            ],
            [
                "All PC Headsets",
                "/browse/electronics/all-pc-headsets/3944_3951_132959_6834263_6829460_5849297"
            ],
            [
                "Webcam Privacy Covers",
                "/browse/electronics/webcam-privacy-covers/3944_3951_1089430_1230184_7005593"
            ],
            [
                "Webcams",
                "/browse/electronics/webcams/3944_1229875_6357978_5718781_9232158_7208431"
            ],
            [
                "Motorola",
                "/browse/electronics/motorola/3944_4131277_8648463"
            ]
        ]
    },
    {
        "title": "Canon Powershot SX530 HS 16.0 MP Digital Camera with 50x Zoom, Wi-Fi & 1080p Full HD Video + NB-6L Battery & AC/DC Charger + 10pc Bundle 32GB Deluxe Accessory Kit w/ HeroFiber\u00ae Gentle Cleaning Cloth",
        "url": "https://www.walmart.com/ip/Canon-Powershot-SX530-HS-16-0-MP-Digital-Camera-50x-Zoom-Wi-Fi-1080p-Full-HD-Video-NB-6L-Battery-AC-DC-Charger-10pc-Bundle-32GB-Deluxe-Accessory-Kit-/104361207",
        "price": "$284.00",
        "stars": "4.3",
        "ratings": "102 ",
        "img": "i5.walmartimages.com/asr/91fe3719-ff03-48d3-ac2d-76e55cf6db00_1.40e14def78ddf958d526ed51da86e16c.jpeg?odnWidth=612&odnHeight=612&odnBg=ffffff",
        "tags": [
            [
                "Digital SLR Cameras",
                "/browse/electronics/digital-slr-cameras/3944_133277_1096663"
            ],
            [
                "Nikon Cameras",
                "/browse/electronics/nikon-cameras/3944_133277_1231331_1231332"
            ],
            [
                "Canon Cameras",
                "/browse/electronics/canon-cameras/3944_133277_1231331_1231333"
            ],
            [
                "Sony Cameras",
                "/browse/electronics/sony-cameras/3944_133277_1231331_1231334"
            ],
            [
                "Kodak Cameras",
                "/browse/electronics/kodak-cameras/3944_133277_1231331_1231337"
            ],
            [
                "All Cameras",
                "/browse/electronics/all-cameras/3944_133277_4468"
            ],
            [
                "Canon",
                "/browse/electronics/canon/3944_4131277_7135121"
            ],
            [
                "Nikon",
                "/browse/electronics/nikon/3944_4131277_9909765"
            ]
        ]
    },
    {
        "title": "LS Photography Photography Photo Video Polyester Green Screen Background 6 ft x 9 ft Non Glossy, WMT1318",
        "url": "https://www.walmart.com/ip/LS-Photography-Photography-Photo-Video-Polyester-Green-Screen-Background-6-ft-x-9-ft-Non-Glossy-WMT1318/875116524",
        "price": "$15.80",
        "stars": "5.0",
        "ratings": "4 ",
        "img": "i5.walmartimages.com/asr/28c4662b-15fc-40d4-afa1-b95945e1206c_1.a6237b5088b8357efea29725e9fc6336.jpeg?odnWidth=612&odnHeight=612&odnBg=ffffff",
        "tags": [
            [
                "Point & Shoot Cameras",
                "/browse/electronics/point-shoot-cameras/3944_133277_1166834"
            ],
            [
                "All Cameras",
                "/browse/electronics/all-cameras/3944_133277_4468"
            ],
            [
                "Other Camera Accessories",
                "/browse/electronics/other-camera-accessories/3944_133277_132913_4539"
            ],
            [
                "All Camcorders",
                "/browse/electronics/all-camcorders/3944_133277_4549"
            ],
            [
                "Studio Lighting",
                "/browse/electronics/studio-lighting/3944_133277_132913_6594913_5413954"
            ],
            [
                "Light Stands & Booms",
                "/browse/electronics/light-stands-booms/3944_133277_132913_6594913_6684130"
            ]
        ]
    },
    {
        "title": "4 in 1 Digital Reader Adapter, TF/SD Lighting Card Reader, USB OTG Adapter Cable Compatible with iPhone xs/x/8/7Plus/7s/6/5/iPad Pro/Mini/Air,No App Required Plug and Play",
        "url": "https://www.walmart.com/ip/4-1-Digital-Reader-Adapter-TF-SD-Lighting-Card-Reader-USB-OTG-Adapter-Cable-Compatible-iPhone-xs-x-8-7Plus-7s-6-5-iPad-Pro-Mini-Air-No-App-Required-P/551142121",
        "price": "$20.14",
        "stars": 0,
        "ratings": 0,
        "img": "i5.walmartimages.com/asr/8f29bf83-1188-43e6-a6d0-69ac79bb62ab.66e83669b4bcc808454fa0bef5a48f72.jpeg?odnWidth=612&odnHeight=612&odnBg=ffffff",
        "tags": [
            [
                "Hubs & USB Gadgets",
                "/browse/electronics/hubs-usb-gadgets/3944_3951_132959_1074266"
            ],
            [
                "USB Wireless Network Adapters",
                "/browse/electronics/usb-wireless-network-adapters/3944_3951_126297_232899"
            ],
            [
                "GoPro",
                "/browse/electronics/gopro/3944_4131277_4316150"
            ],
            [
                "Other Camera Accessories",
                "/browse/electronics/other-camera-accessories/3944_133277_132913_4539"
            ],
            [
                "Micro SD Cards",
                "/browse/electronics/micro-sd-cards/3944_133277_132913_63988_4590075"
            ],
            [
                "onn. Camera Accessories",
                "/browse/electronics/onn-camera-accessories/3944_133277_132913_4323092_5259738"
            ],
            [
                "SD Cards",
                "/browse/electronics/sd-cards/3944_133277_132913_63988_5930264"
            ]
        ]
    },
    {
        "title": "Smart Wireless WiFi Doorbell IR Video Camera Intercom Record Home Security Bell(Black)",
        "url": "https://www.walmart.com/ip/Smart-Wireless-WiFi-Doorbell-IR-Video-Camera-Intercom-Record-Home-Security-Bell-Black/845354829",
        "price": "$37.89",
        "stars": "2.3",
        "ratings": "39 ",
        "img": "",
        "tags": [
            [
                "Surveillance Cameras",
                "/browse/electronics/surveillance-cameras/3944_133277_1224850"
            ],
            [
                "Outdoor Security Cameras",
                "/browse/electronics/outdoor-security-cameras/3944_1229875_6357978_5718781_9232158_1780229"
            ],
            [
                "Wireless Cameras",
                "/browse/electronics/wireless-cameras/3944_1229875_6357978_5718781_9232158_2852655"
            ],
            [
                "Surveillance Equipment",
                "/browse/surveillance-equipment/3944_47600"
            ],
            [
                "Smart Doorbells",
                "/browse/electronics/smart-doorbells/3944_1229875_6357978_1369584_4879211"
            ],
            [
                "Smart Security Cameras",
                "/browse/electronics/smart-security-cameras/3944_1229875_6357978_5718781_9232158_7064887"
            ],
            [
                "Smart Alarms",
                "/browse/electronics/smart-alarms/3944_1229875_6357978_2890013_8156773"
            ],
            [
                "Smart Surveillance Cameras & Motion Detectors that work with Google Assistant",
                "/browse/electronics/smart-surveillance-cameras-motion-detectors-that-work-with-google-assistant/3944_1229875_9259047_9295408"
            ]
        ]
    },
    {
        "title": "onn. Action Camera Accessory Kit, 16 Pieces",
        "url": "https://www.walmart.com/ip/onn-Action-Camera-Accessory-Kit-16-Pieces/888030267",
        "price": "$19.97",
        "stars": "4.6",
        "ratings": "14 ",
        "img": "i5.walmartimages.com/asr/6abd4e42-3ea8-4435-9db0-d2629465d40c.f4667a6be1f755f68b605922480b983f.jpeg?odnWidth=612&odnHeight=612&odnBg=ffffff",
        "tags": [
            [
                "GoPro Cameras & Accessories",
                "/browse/electronics/gopro-cameras-accessories/3944_133277_1095238"
            ],
            [
                "Sports & Action Camcorders",
                "/browse/electronics/sports-action-camcorders/3944_133277_1100765"
            ],
            [
                "Camera Bags & Cases",
                "/browse/electronics/camera-bags-cases/3944_133277_132913_978661_3591695"
            ],
            [
                "GoPro",
                "/browse/electronics/gopro/3944_4131277_4316150"
            ],
            [
                "All Camcorders",
                "/browse/electronics/all-camcorders/3944_133277_4549"
            ],
            [
                "onn. Camera Accessories",
                "/browse/electronics/onn-camera-accessories/3944_133277_132913_4323092_5259738"
            ],
            [
                "Other Camcorder Accessories",
                "/browse/electronics/other-camcorder-accessories/3944_133277_1231377_978699"
            ]
        ]
    }
]