[
    {
        "title": "Eachine E58 RC Drone RTF WIFI FPV 2MP Wide Angle Camera High Hold Mode Foldable Quadcopter Kids Christmas Birthday Toy Gifts",
        "url": "https://www.walmart.com/ip/Eachine-E58-RC-Drone-RTF-WIFI-FPV-2MP-Wide-Angle-Camera-High-Hold-Mode-Foldable-Quadcopter-Kids-Christmas-Birthday-Toy-Gifts/855294739",
        "price": "$75.63",
        "stars": "3.8",
        "ratings": "4 ",
        "img": "i5.walmartimages.com/asr/436e4c14-1ccd-4de8-a954-5dfa83bc9926_1.893471f943fe7de165c769ae7af517a6.jpeg?odnWidth=612&odnHeight=612&odnBg=ffffff",
        "tags": [
            [
                "Sports & Action Camcorders",
                "/browse/electronics/sports-action-camcorders/3944_133277_1100765"
            ],
            [
                "HD Drones",
                "/browse/electronics/hd-drones/3944_5525941_1677970_1837338"
            ],
            [
                "Foldable Drones",
                "/browse/electronics/foldable-drones/3944_5525941_2616723"
            ],
            [
                "Beginner Drones",
                "/browse/electronics/beginner-drones/3944_5525941_4346614_2881959"
            ],
            [
                "RC Drones",
                "/browse/electronics/rc-drones/3944_5525941_6042620"
            ],
            [
                "Intermediate Drones",
                "/browse/electronics/intermediate-drones/3944_5525941_4346614_6345846"
            ],
            [
                "Shop All Drones",
                "/browse/electronics/shop-all-drones/3944_5525941_8120586"
            ],
            [
                "Advanced Drones",
                "/browse/electronics/advanced-drones/3944_5525941_4346614_8463965"
            ]
        ]
    },
    {
        "title": "Generic GPS Drone with Double 720P HD Camera and video for beginners adults RC Quadcopter with GPS Return Home, Follow Me, Altitude Ho, Black",
        "url": "https://www.walmart.com/ip/Generic-GPS-Drone-with-Double-720P-HD-Camera-and-video-for-beginners-adults-RC-Quadcopter-with-GPS-Return-Home-Follow-Me-Altitude-Ho-Black/398274497",
        "price": "$68.99",
        "stars": "2.7",
        "ratings": "7 ",
        "img": "i5.walmartimages.com/asr/fd8f45ac-8e48-4b0f-b05d-0de98b0c5b1d_1.1cb224160db110924a33c2c0f699a6c0.jpeg?odnWidth=612&odnHeight=612&odnBg=ffffff",
        "tags": [
            [
                "HD Drones",
                "/browse/electronics/hd-drones/3944_5525941_1677970_1837338"
            ],
            [
                "Foldable Drones",
                "/browse/electronics/foldable-drones/3944_5525941_2616723"
            ],
            [
                "Beginner Drones",
                "/browse/electronics/beginner-drones/3944_5525941_4346614_2881959"
            ],
            [
                "RC Drones",
                "/browse/electronics/rc-drones/3944_5525941_6042620"
            ],
            [
                "Intermediate Drones",
                "/browse/electronics/intermediate-drones/3944_5525941_4346614_6345846"
            ],
            [
                "Protocol Drones",
                "/browse/electronics/protocol-drones/3944_5525941_5960206_7986424"
            ],
            [
                "Shop All Drones",
                "/browse/electronics/shop-all-drones/3944_5525941_8120586"
            ],
            [
                "Advanced Drones",
                "/browse/electronics/advanced-drones/3944_5525941_4346614_8463965"
            ]
        ]
    },
    {
        "title": "\"HD FPV Camera Drone 4CH 2.4G 6-Axis Gyro RC Quadcopter Pocket Drone for Kids Adults - Altitude Hold Headless Mode 3D Flips & Rolls One-key Return\"",
        "url": "https://www.walmart.com/ip/HD-FPV-Camera-Drone-4CH-2-4G-6-Axis-Gyro-RC-Quadcopter-Pocket-Drone-for-Kids-Adults-Altitude-Hold-Headless-Mode-3D-Flips-Rolls-One-key-Return/994380683",
        "price": "$33.39",
        "stars": "1.0",
        "ratings": "1 ",
        "img": "i5.walmartimages.com/asr/9dd77a4e-8f40-4c4c-aae0-0b1d75dc2918_1.d401a246c964e5785d9be5b21183063c.jpeg?odnWidth=612&odnHeight=612&odnBg=ffffff",
        "tags": [
            [
                "HD Drones",
                "/browse/electronics/hd-drones/3944_5525941_1677970_1837338"
            ],
            [
                "Foldable Drones",
                "/browse/electronics/foldable-drones/3944_5525941_2616723"
            ],
            [
                "Beginner Drones",
                "/browse/electronics/beginner-drones/3944_5525941_4346614_2881959"
            ],
            [
                "RC Drones",
                "/browse/electronics/rc-drones/3944_5525941_6042620"
            ],
            [
                "Intermediate Drones",
                "/browse/electronics/intermediate-drones/3944_5525941_4346614_6345846"
            ],
            [
                "Stunt Drone",
                "/browse/electronics/stunt-drone/3944_5525941_7868570"
            ],
            [
                "Shop All Drones",
                "/browse/electronics/shop-all-drones/3944_5525941_8120586"
            ],
            [
                "Advanced Drones",
                "/browse/electronics/advanced-drones/3944_5525941_4346614_8463965"
            ]
        ]
    },
    {
        "title": "XIN KAI YANG KY601S Foldable Drone with Camera 1080P Wifi FPV Altitude Hold Aerial Photographing RC Quadcopter",
        "url": "https://www.walmart.com/ip/XIN-KAI-YANG-KY601S-Foldable-Drone-with-Camera-1080P-Wifi-FPV-Altitude-Hold-Aerial-Photographing-RC-Quadcopter/528245017",
        "price": "$47.87",
        "stars": "5.0",
        "ratings": "1 ",
        "img": "i5.walmartimages.com/asr/56ac412d-1fe9-4208-b84c-01475b060467_1.f06e6eba3d239b20b78074e15758dbeb.jpeg?odnWidth=612&odnHeight=612&odnBg=ffffff",
        "tags": [
            [
                "HD Drones",
                "/browse/electronics/hd-drones/3944_5525941_1677970_1837338"
            ],
            [
                "Foldable Drones",
                "/browse/electronics/foldable-drones/3944_5525941_2616723"
            ],
            [
                "Beginner Drones",
                "/browse/electronics/beginner-drones/3944_5525941_4346614_2881959"
            ],
            [
                "RC Drones",
                "/browse/electronics/rc-drones/3944_5525941_6042620"
            ],
            [
                "Intermediate Drones",
                "/browse/electronics/intermediate-drones/3944_5525941_4346614_6345846"
            ],
            [
                "Protocol Drones",
                "/browse/electronics/protocol-drones/3944_5525941_5960206_7986424"
            ],
            [
                "Shop All Drones",
                "/browse/electronics/shop-all-drones/3944_5525941_8120586"
            ],
            [
                "Advanced Drones",
                "/browse/electronics/advanced-drones/3944_5525941_4346614_8463965"
            ]
        ]
    },
    {
        "title": "Skin For 3DR Solo Drone Quadcopter Fantasy Collection",
        "url": "https://www.walmart.com/ip/Skin-For-3DR-Solo-Drone-Quadcopter-Fantasy-Collection/507379227",
        "price": "$24.99",
        "stars": 0,
        "ratings": 0,
        "img": "i5.walmartimages.com/asr/7a3e9604-ce97-43cd-8f21-adee74989615.c003ba839fbaccb06bd05a347e6eddd3.jpeg?odnWidth=612&odnHeight=612&odnBg=ffffff",
        "tags": [
            [
                "HD Drones",
                "/browse/electronics/hd-drones/3944_5525941_1677970_1837338"
            ],
            [
                "Foldable Drones",
                "/browse/electronics/foldable-drones/3944_5525941_2616723"
            ],
            [
                "Drone Accessories",
                "/browse/electronics/drone-accessories/3944_133277_2972544"
            ],
            [
                "All Drones with Cameras",
                "/browse/electronics/all-drones-with-cameras/3944_5525941_1677970_3044927"
            ],
            [
                "Drone Cases",
                "/browse/electronics/drone-cases/3944_5525941_4049093_5296741"
            ],
            [
                "RC Drones",
                "/browse/electronics/rc-drones/3944_5525941_6042620"
            ],
            [
                "Shop All Drones",
                "/browse/electronics/shop-all-drones/3944_5525941_8120586"
            ],
            [
                "Advanced Drones",
                "/browse/electronics/advanced-drones/3944_5525941_4346614_8463965"
            ]
        ]
    },
    {
        "title": "KF607 Wifi FPV Drone with Camera 4K Foldable Optical Flow Positioning Altitude Hold RC Quadcopter",
        "url": "https://www.walmart.com/ip/KF607-Wifi-FPV-Drone-with-Camera-4K-Foldable-Optical-Flow-Positioning-Altitude-Hold-RC-Quadcopter/279198488",
        "price": "$59.20",
        "stars": 0,
        "ratings": 0,
        "img": "i5.walmartimages.com/asr/a53fc16d-eddd-4dab-9278-867d3668aed9_1.761100c90c50b29f7af816e39e68770a.jpeg?odnWidth=612&odnHeight=612&odnBg=ffffff",
        "tags": [
            [
                "Foldable Drones",
                "/browse/electronics/foldable-drones/3944_5525941_2616723"
            ],
            [
                "Beginner Drones",
                "/browse/electronics/beginner-drones/3944_5525941_4346614_2881959"
            ],
            [
                "All Drones with Cameras",
                "/browse/electronics/all-drones-with-cameras/3944_5525941_1677970_3044927"
            ],
            [
                "DJI Drones",
                "/browse/electronics/dji-drones/3944_5525941_5960206_3976514"
            ],
            [
                "RC Drones",
                "/browse/electronics/rc-drones/3944_5525941_6042620"
            ],
            [
                "Intermediate Drones",
                "/browse/electronics/intermediate-drones/3944_5525941_4346614_6345846"
            ],
            [
                "Shop All Drones",
                "/browse/electronics/shop-all-drones/3944_5525941_8120586"
            ],
            [
                "Advanced Drones",
                "/browse/electronics/advanced-drones/3944_5525941_4346614_8463965"
            ]
        ]
    },
    {
        "title": "Drones for Kids Hand Controlled - UFO Flying Ball Mini Drone Quad Induction Sensors Hover Star Mini-Drone Toy For Boys Girls Best for Beginners Kids",
        "url": "https://www.walmart.com/ip/Drones-for-Kids-Hand-Controlled-UFO-Flying-Ball-Mini-Drone-Quad-Induction-Sensors-Hover-Star-Mini-Drone-Toy-For-Boys-Girls-Best-for-Beginners-Kids/961337984",
        "price": "$16.56",
        "stars": 0,
        "ratings": 0,
        "img": "i5.walmartimages.com/asr/e33c4b58-c8da-444b-998f-6ca98d4f1884.287cceab56f70542eca6744a02383855.jpeg?odnWidth=612&odnHeight=612&odnBg=ffffff",
        "tags": [
            [
                "Connected Dorm Room",
                "/browse/seasonal/connected-dorm-room/1085632_8174172_6292484_2548864"
            ],
            [
                "Tax Free Apparel Tech & School Supplies",
                "/browse/tax-free-apparel-tech-school-supplies/1085632_3096686"
            ],
            [
                "Tax Free Apparel & School Supplies",
                "/browse/tax-free-apparel-school-supplies/1085632_4861825"
            ],
            [
                "Mother's Day Electronics Gifts",
                "/browse/seasonal/mothers-day-electronics-gifts/1085632_1093554_5742102"
            ],
            [
                "Audio",
                "/browse/seasonal/audio/1085632_8174172_6292484_5759323"
            ],
            [
                "Tax Free Shop All",
                "/browse/tax-free-shop-all/1085632_6767877"
            ],
            [
                "Electronics Gifts for Grads",
                "/browse/seasonal/electronics-gifts-for-grads/1085632_1105121_7594959"
            ],
            [
                "Last Minute Gifts",
                "/browse/last-minute-gifts/1085632_7803702"
            ]
        ]
    },
    {
        "title": "Skin For Swagtron T580 Smoked Out Collection",
        "url": "https://www.walmart.com/ip/Skin-For-Swagtron-T580-Smoked-Out-Collection/470378105",
        "price": "$19.99",
        "stars": 0,
        "ratings": 0,
        "img": "i5.walmartimages.com/asr/cb42db65-038c-4625-9cd8-0dc61e0e526f.de731fbaca8fbf64489d48ccc24764df.jpeg?odnWidth=612&odnHeight=612&odnBg=ffffff",
        "tags": [
            [
                "HD Drones",
                "/browse/electronics/hd-drones/3944_5525941_1677970_1837338"
            ],
            [
                "Foldable Drones",
                "/browse/electronics/foldable-drones/3944_5525941_2616723"
            ],
            [
                "Drone Accessories",
                "/browse/electronics/drone-accessories/3944_133277_2972544"
            ],
            [
                "All Drones with Cameras",
                "/browse/electronics/all-drones-with-cameras/3944_5525941_1677970_3044927"
            ],
            [
                "Drone Cases",
                "/browse/electronics/drone-cases/3944_5525941_4049093_5296741"
            ],
            [
                "RC Drones",
                "/browse/electronics/rc-drones/3944_5525941_6042620"
            ],
            [
                "Shop All Drones",
                "/browse/electronics/shop-all-drones/3944_5525941_8120586"
            ],
            [
                "Advanced Drones",
                "/browse/electronics/advanced-drones/3944_5525941_4346614_8463965"
            ]
        ]
    },
    {
        "title": "2-Channel Ray Ghostbusters IR Gyro Helicopter",
        "url": "https://www.walmart.com/ip/2-Channel-Ray-Ghostbusters-IR-Gyro-Helicopter/46818595",
        "price": "$20.65",
        "stars": "1.0",
        "ratings": "1 ",
        "img": "i5.walmartimages.com/asr/8c01b78e-c247-4b83-a192-3f624a415ba0_1.8519a96e6b009610b9563381fba5e66c.jpeg?odnWidth=612&odnHeight=612&odnBg=ffffff",
        "tags": [
            [
                "Air Hogs Drones",
                "/browse/electronics/air-hogs-drones/3944_5525941_5960206_1396048"
            ],
            [
                "HD Drones",
                "/browse/electronics/hd-drones/3944_5525941_1677970_1837338"
            ],
            [
                "Foldable Drones",
                "/browse/electronics/foldable-drones/3944_5525941_2616723"
            ],
            [
                "Beginner Drones",
                "/browse/electronics/beginner-drones/3944_5525941_4346614_2881959"
            ],
            [
                "All Drones with Cameras",
                "/browse/electronics/all-drones-with-cameras/3944_5525941_1677970_3044927"
            ],
            [
                "Intermediate Drones",
                "/browse/electronics/intermediate-drones/3944_5525941_4346614_6345846"
            ],
            [
                "Shop All Drones",
                "/browse/electronics/shop-all-drones/3944_5525941_8120586"
            ],
            [
                "Advanced Drones",
                "/browse/electronics/advanced-drones/3944_5525941_4346614_8463965"
            ]
        ]
    },
    {
        "title": "DJI Propeller Guard Set for Mavic Air 2 Drone",
        "url": "https://www.walmart.com/ip/DJI-Propeller-Guard-Set-for-Mavic-Air-2-Drone/651821514",
        "price": "$16.00",
        "stars": 0,
        "ratings": 0,
        "img": "i5.walmartimages.com/asr/cac15738-b58a-4b97-a70b-b9476a022865.299cb60bda2ba79aabc7714ed0c31a32.jpeg?odnWidth=612&odnHeight=612&odnBg=ffffff",
        "tags": []
    }
]