[
    {
        "title": "1080P Outdoor PTZ WiFi Security Camera, Wireless Surveillance CCTV IP Camera,Dual Antenna,IP66 Waterproof,100ft Night Vision",
        "url": "https://www.walmart.com/ip/1080P-Outdoor-PTZ-WiFi-Security-Camera-Wireless-Surveillance-CCTV-IP-Camera-Dual-Antenna-IP66-Waterproof-100ft-Night-Vision/841816200",
        "price": "$46.99",
        "stars": "1.0",
        "ratings": "1 ",
        "img": "",
        "tags": [
            [
                "Surveillance Cameras",
                "/browse/electronics/surveillance-cameras/3944_133277_1224850"
            ],
            [
                "Outdoor Security Cameras",
                "/browse/electronics/outdoor-security-cameras/3944_1229875_6357978_5718781_9232158_1780229"
            ],
            [
                "Wireless Cameras",
                "/browse/electronics/wireless-cameras/3944_1229875_6357978_5718781_9232158_2852655"
            ],
            [
                "Indoor Security Cameras",
                "/browse/electronics/indoor-security-cameras/3944_1229875_6357978_5718781_9232158_4993152"
            ],
            [
                "Smart Security Cameras",
                "/browse/electronics/smart-security-cameras/3944_1229875_6357978_5718781_9232158_7064887"
            ],
            [
                "Smart Home Kits",
                "/browse/electronics/smart-home-kits/3944_1229875_9098006_8290395"
            ],
            [
                "Smart Surveillance Cameras & Motion Detectors that work with Google Assistant",
                "/browse/electronics/smart-surveillance-cameras-motion-detectors-that-work-with-google-assistant/3944_1229875_9259047_9295408"
            ]
        ]
    },
    {
        "title": "6 Piecec Full Cup/Demi Wired Gentle Pushup Push Up Bra B/C (36B)",
        "url": "https://www.walmart.com/ip/6-Piecec-Full-Cup-Demi-Wired-Gentle-Pushup-Push-Up-Bra-B-C-36B/942062016",
        "price": "$20.95",
        "stars": "3.0",
        "ratings": "4 ",
        "img": "i5.walmartimages.com/asr/9e389758-3a90-43b3-a4f3-3a90dd9ddda2_1.e1bc353b94e9fa66c324e095664bb5ca.jpeg?odnWidth=612&odnHeight=612&odnBg=ffffff",
        "tags": [
            [
                "28DDD Bras",
                "/browse/clothing/28ddd-bras/5438_133162_3523459_7440021_3277817_1592453"
            ],
            [
                "32A Bras",
                "/browse/clothing/32a-bras/5438_133162_3523459_7440021_3277817_2799636"
            ],
            [
                "32C Bras",
                "/browse/clothing/32c-bras/5438_133162_3523459_7440021_3277817_3232933"
            ],
            [
                "34B Bras",
                "/browse/clothing/34b-bras/5438_133162_3523459_7440021_3277817_5585103"
            ],
            [
                "32B Bras",
                "/browse/clothing/32b-bras/5438_133162_3523459_7440021_3277817_7522079"
            ],
            [
                "28E Bras",
                "/browse/clothing/28e-bras/5438_133162_3523459_7440021_3277817_7527433"
            ],
            [
                "36A Bras",
                "/browse/clothing/36a-bras/5438_133162_3523459_7440021_3277817_7750636"
            ],
            [
                "34DD Bras",
                "/browse/clothing/34dd-bras/5438_133162_3523459_7440021_3277817_8839596"
            ]
        ]
    },
    {
        "title": "SanDisk Nintendo Switch - Flash memory card - 256 GB - Video Class V30 / UHS-I U3 - microSDXC UHS-I - for Nintendo Switch",
        "url": "https://www.walmart.com/ip/SanDisk-Nintendo-Switch-Flash-memory-card-256-GB-Video-Class-V30-UHS-I-U3-microSDXC-UHS-I-for-Nintendo-Switch/482759929",
        "price": "$65.98",
        "stars": "5.0",
        "ratings": "11 ",
        "img": "",
        "tags": [
            [
                "Docking Stations & Locks",
                "/browse/electronics/docking-stations-locks/3944_3951_132959_1074164"
            ],
            [
                "Memory Card Readers",
                "/browse/electronics/memory-card-readers/3944_133277_132913_63988_116797"
            ],
            [
                "Nintendo",
                "/browse/electronics/nintendo/3944_4131277_3137068"
            ],
            [
                "Canon Lenses",
                "/browse/electronics/canon-lenses/3944_133277_132913_1231342_3232019"
            ],
            [
                "onn. Camera Accessories",
                "/browse/electronics/onn-camera-accessories/3944_133277_132913_4323092_5259738"
            ],
            [
                "USB Flash Drives",
                "/browse/electronics/usb-flash-drives/3944_3951_132959_529295"
            ],
            [
                "SD Cards",
                "/browse/electronics/sd-cards/3944_133277_132913_63988_5930264"
            ]
        ]
    },
    {
        "title": "Logitech HD Webcam C525, Portable HD 720p Video Calling with Autofocus",
        "url": "https://www.walmart.com/ip/Logitech-HD-Webcam-C525-Portable-HD-720p-Video-Calling-with-Autofocus/16954484",
        "price": "$64.95",
        "stars": "4.2",
        "ratings": "46 ",
        "img": "i5.walmartimages.com/asr/8b9f31a5-76c8-49fd-9eb2-edb628a8409a_1.1f4403311aefdf870973d91543bbe24f.jpeg?odnWidth=612&odnHeight=612&odnBg=ffffff",
        "tags": [
            [
                "Vtech",
                "/browse/electronics/vtech/3944_4131277_2613471"
            ],
            [
                "All Camcorders",
                "/browse/electronics/all-camcorders/3944_133277_4549"
            ],
            [
                "Galaxy Tab A",
                "/browse/electronics/galaxy-tab-a/3944_1078524_4108882_6070789_4766972"
            ],
            [
                "Microsoft Software",
                "/browse/electronics/microsoft-software/3944_3951_7288037_9382088_4918466"
            ],
            [
                "Webcam Privacy Covers",
                "/browse/electronics/webcam-privacy-covers/3944_3951_1089430_1230184_7005593"
            ],
            [
                "Webcams",
                "/browse/electronics/webcams/3944_1229875_6357978_5718781_9232158_7208431"
            ]
        ]
    },
    {
        "title": "VTech KidiZoom Twist - Purple",
        "url": "https://www.walmart.com/ip/VTech-KidiZoom-Twist-Purple/887682246",
        "price": "$44.99",
        "stars": 0,
        "ratings": 0,
        "img": "i5.walmartimages.com/asr/ed5de70f-a5e4-4d25-a8ba-bcd63cb3de78_1.81b366df65fc69afd4d84183889afd8d.jpeg?odnWidth=612&odnHeight=612&odnBg=ffffff",
        "tags": [
            [
                "Electronic Toys",
                "/browse/toys/electronic-toys/4171_1096069_1105959_1096123"
            ],
            [
                "Bilingual Toys",
                "/browse/toys/bilingual-toys/4171_56125_1229855"
            ],
            [
                "VTech Toys",
                "/browse/toys/vtech-toys/4171_3438149_3348821"
            ],
            [
                "Pretend Play Toys for Boys",
                "/browse/toys/pretend-play-toys-for-boys/4171_4173_3613401"
            ],
            [
                "12+ Years",
                "/browse/toys/12-years/4171_2724815_4436782"
            ],
            [
                "Tablets with Parental Control",
                "/browse/toys/tablets-with-parental-control/4171_56125_1095151_8465247"
            ],
            [
                "All Tablets for Kids",
                "/browse/toys/all-tablets-for-kids/4171_56125_1095151_9620487"
            ]
        ]
    },
    {
        "title": "Canary All-in-One Home Security Device - Black",
        "url": "https://www.walmart.com/ip/Canary-All-in-One-Home-Security-Device-Black/44443681",
        "price": "$64.90",
        "stars": "4.3",
        "ratings": "122 ",
        "img": "i5.walmartimages.com/asr/c5a28182-0ae0-435a-b3cc-4092f39c2798_1.510f99425fecaf22f115b4ab286c18a2.jpeg?odnWidth=612&odnHeight=612&odnBg=ffffff",
        "tags": [
            [
                "Surveillance Cameras",
                "/browse/electronics/surveillance-cameras/3944_133277_1224850"
            ],
            [
                "Surveillance Equipment",
                "/browse/surveillance-equipment/3944_47600"
            ],
            [
                "Indoor Security Cameras",
                "/browse/electronics/indoor-security-cameras/3944_1229875_6357978_5718781_9232158_4993152"
            ],
            [
                "Smart Home Alarms and Sensors",
                "/browse/electronics/smart-home-alarms-sensors/3944_1229875_6357978_5155542"
            ],
            [
                "Wink Compatible Devices",
                "/browse/electronics/wink-compatible-devices/3944_1229875_6316721"
            ],
            [
                "Smart Security Cameras",
                "/browse/electronics/smart-security-cameras/3944_1229875_6357978_5718781_9232158_7064887"
            ],
            [
                "Google Home Compatible",
                "/browse/electronics/google-home-compatible/3944_1229875_3363825_7103376"
            ],
            [
                "Smart Surveillance Cameras & Motion Detectors that work with Google Assistant",
                "/browse/electronics/smart-surveillance-cameras-motion-detectors-that-work-with-google-assistant/3944_1229875_9259047_9295408"
            ]
        ]
    },
    {
        "title": "Aluratek 14\" Digital Photo Frame with Automatic Slideshow and 4GB Built-in Memory (1600 x 900 Resolution, 16:9 Aspect Ratio)",
        "url": "https://www.walmart.com/ip/Aluratek-14-Digital-Photo-Frame-with-Automatic-Slideshow-and-4GB-Built-in-Memory-1600-x-900-Resolution-16-9-Aspect-Ratio/19426071",
        "price": "$121.39",
        "stars": "3.5",
        "ratings": "58 ",
        "img": "i5.walmartimages.com/asr/6f3b1abc-ea5a-410f-8de7-a586e339bff7_1.9d4f0d88b31da0977ba938c9fe631e42.jpeg?odnWidth=612&odnHeight=612&odnBg=ffffff",
        "tags": [
            [
                "Point & Shoot Cameras",
                "/browse/electronics/point-shoot-cameras/3944_133277_1166834"
            ],
            [
                "Waterproof Cameras",
                "/browse/electronics/waterproof-cameras/3944_133277_1166835"
            ],
            [
                "Camera Flashes",
                "/browse/electronics/camera-flashes/3944_133277_132913_1079108_2624563"
            ],
            [
                "Netgear",
                "/browse/electronics/netgear/3944_4131277_3248764"
            ],
            [
                "All Cameras",
                "/browse/electronics/all-cameras/3944_133277_4468"
            ],
            [
                "All Camcorders",
                "/browse/electronics/all-camcorders/3944_133277_4549"
            ],
            [
                "USB Flash Drives",
                "/browse/electronics/usb-flash-drives/3944_3951_132959_529295"
            ],
            [
                "10 Inch Android Tablets",
                "/browse/electronics/10-inch-android-tablets/3944_1078524_1231200_9141291"
            ]
        ]
    },
    {
        "title": "GTF 1pcs 3.7V 26650 8800mAh Li-ion Rechargeable Battery For LED Flashlight Torch",
        "url": "https://www.walmart.com/ip/GTF-1pcs-3-7V-26650-8800mAh-Li-ion-Rechargeable-Battery-For-LED-Flashlight-Torch/792617177",
        "price": "$8.89",
        "stars": "1.0",
        "ratings": "1 ",
        "img": "",
        "tags": [
            [
                "Batteries & A/C Adapters",
                "/browse/electronics/batteries-a-c-adapters/3944_3951_132959_1073805"
            ],
            [
                "Camera Charging and Accessories",
                "/browse/electronics/camera-charging-accessories/3944_133277_132913_1079104"
            ],
            [
                "GoPro Cameras & Accessories",
                "/browse/electronics/gopro-cameras-accessories/3944_133277_1095238"
            ],
            [
                "Sports & Action Camcorders",
                "/browse/electronics/sports-action-camcorders/3944_133277_1100765"
            ],
            [
                "GoPro Accessories",
                "/browse/electronics/gopro-accessories/3944_133277_1230678_1231341"
            ],
            [
                "Camcorder Batteries",
                "/browse/electronics/camcorder-batteries/3944_133277_1231377_1231391"
            ],
            [
                "GoPro",
                "/browse/electronics/gopro/3944_4131277_4316150"
            ],
            [
                "Other Camera Accessories",
                "/browse/electronics/other-camera-accessories/3944_133277_132913_4539"
            ]
        ]
    },
    {
        "title": "Fuji Instax 7s Chevron Groovy Case - Green",
        "url": "https://www.walmart.com/ip/Fuji-Instax-7s-Chevron-Groovy-Case-Green/472476604",
        "price": "$2.60",
        "stars": "4.8",
        "ratings": "9 ",
        "img": "",
        "tags": [
            [
                "Instant Film Cameras",
                "/browse/electronics/instant-film-cameras/3944_133277_1070984"
            ],
            [
                "Point & Shoot Cameras",
                "/browse/electronics/point-shoot-cameras/3944_133277_1166834"
            ],
            [
                "Fujifilm Cameras",
                "/browse/electronics/fujifilm-cameras/3944_133277_1231331_1231335"
            ],
            [
                "All Cameras",
                "/browse/electronics/all-cameras/3944_133277_4468"
            ],
            [
                "Other Camera Accessories",
                "/browse/electronics/other-camera-accessories/3944_133277_132913_4539"
            ],
            [
                "Fujifilm Instax",
                "/browse/electronics/fujifilm-instax/3944_133277_1231331_5022517"
            ],
            [
                "Fujifilm",
                "/browse/electronics/fujifilm/3944_4131277_7767956"
            ],
            [
                "Polaroid Film & Camera Film",
                "/browse/electronics/polaroid-film-camera-film/3944_133277_132913_7818657"
            ]
        ]
    },
    {
        "title": "Tapix Anti-cat Network Cat Scat Mat with Spikes Digging Stopper - Cat Deterrent Mat for Indoor and Outdoor 8 feet x 12 inches with 6 Staples",
        "url": "https://www.walmart.com/ip/Tapix-Anti-cat-Network-Cat-Scat-Mat-with-Spikes-Digging-Stopper-Cat-Deterrent-Mat-for-Indoor-and-Outdoor-8-feet-x-12-inches-with-6-Staples/573091096",
        "price": "$18.99",
        "stars": "4.1",
        "ratings": "15 ",
        "img": "i5.walmartimages.com/asr/b02e7ec4-1f2e-4da0-9a44-996108e74a48_1.356c87f6b2a24d53faacdaae1c68e802.jpeg?odnWidth=612&odnHeight=612&odnBg=ffffff",
        "tags": [
            [
                "Surveillance Cameras",
                "/browse/electronics/surveillance-cameras/3944_133277_1224850"
            ],
            [
                "Outdoor Security Cameras",
                "/browse/electronics/outdoor-security-cameras/3944_1229875_6357978_5718781_9232158_1780229"
            ],
            [
                "Wireless Cameras",
                "/browse/electronics/wireless-cameras/3944_1229875_6357978_5718781_9232158_2852655"
            ],
            [
                "Indoor Security Cameras",
                "/browse/electronics/indoor-security-cameras/3944_1229875_6357978_5718781_9232158_4993152"
            ],
            [
                "Smart Security Cameras",
                "/browse/electronics/smart-security-cameras/3944_1229875_6357978_5718781_9232158_7064887"
            ],
            [
                "Smart Surveillance Cameras & Motion Detectors that work with Google Assistant",
                "/browse/electronics/smart-surveillance-cameras-motion-detectors-that-work-with-google-assistant/3944_1229875_9259047_9295408"
            ],
            [
                "Arlo Security Cameras",
                "/browse/electronics/arlo-security-cameras/3944_1229875_6357978_5718781_9232158_9316834"
            ]
        ]
    }
]