[
    {
        "title": "Cheerson CX-10WD-TX 2.4GHz 4CH 6- Wifi FPV 3D Eversion Mini Drone With 0.3MP Camera",
        "url": "https://www.walmart.com/ip/Cheerson-CX-10WD-TX-2-4GHz-4CH-6-Wifi-FPV-3D-Eversion-Mini-Drone-With-0-3MP-Camera/665967844",
        "price": "$41.89",
        "stars": 0,
        "ratings": 0,
        "img": "i5.walmartimages.com/asr/be414866-de02-4f7e-821a-d284f6cebcc8_1.66c0ad1ddd4df489f798450ebddfc0c8.jpeg?odnWidth=612&odnHeight=612&odnBg=ffffff",
        "tags": [
            [
                "HD Drones",
                "/browse/electronics/hd-drones/3944_5525941_1677970_1837338"
            ],
            [
                "Foldable Drones",
                "/browse/electronics/foldable-drones/3944_5525941_2616723"
            ],
            [
                "Beginner Drones",
                "/browse/electronics/beginner-drones/3944_5525941_4346614_2881959"
            ],
            [
                "DJI Drones",
                "/browse/electronics/dji-drones/3944_5525941_5960206_3976514"
            ],
            [
                "RC Drones",
                "/browse/electronics/rc-drones/3944_5525941_6042620"
            ],
            [
                "Intermediate Drones",
                "/browse/electronics/intermediate-drones/3944_5525941_4346614_6345846"
            ],
            [
                "Shop All Drones",
                "/browse/electronics/shop-all-drones/3944_5525941_8120586"
            ],
            [
                "Advanced Drones",
                "/browse/electronics/advanced-drones/3944_5525941_4346614_8463965"
            ]
        ]
    },
    {
        "title": "LF602 Foldable Drone 2.4G Altitude Hold 6 Gyro Headless Mode Training Toy Quadcopter",
        "url": "https://www.walmart.com/ip/LF602-Foldable-Drone-2-4G-Altitude-Hold-6-Gyro-Headless-Mode-Training-Toy-Quadcopter/673245112",
        "price": "$23.29",
        "stars": 0,
        "ratings": 0,
        "img": "i5.walmartimages.com/asr/b5e398e0-ccf6-4376-927e-274442e2d534_1.babca13abe85d983afba04a45188826b.jpeg?odnWidth=612&odnHeight=612&odnBg=ffffff",
        "tags": [
            [
                "HD Drones",
                "/browse/electronics/hd-drones/3944_5525941_1677970_1837338"
            ],
            [
                "Beginner Drones",
                "/browse/electronics/beginner-drones/3944_5525941_4346614_2881959"
            ],
            [
                "All Drones with Cameras",
                "/browse/electronics/all-drones-with-cameras/3944_5525941_1677970_3044927"
            ],
            [
                "DJI Drones",
                "/browse/electronics/dji-drones/3944_5525941_5960206_3976514"
            ],
            [
                "RC Drones",
                "/browse/electronics/rc-drones/3944_5525941_6042620"
            ],
            [
                "Intermediate Drones",
                "/browse/electronics/intermediate-drones/3944_5525941_4346614_6345846"
            ],
            [
                "Shop All Drones",
                "/browse/electronics/shop-all-drones/3944_5525941_8120586"
            ],
            [
                "Advanced Drones",
                "/browse/electronics/advanced-drones/3944_5525941_4346614_8463965"
            ]
        ]
    },
    {
        "title": "Parrot Minidrone Battery 1 Gen 3.7V/1A 550mAh for Rolling Spider and Jumping Sumo (Black) Certified (Certified Refurbished)",
        "url": "https://www.walmart.com/ip/Parrot-Minidrone-Battery-1-Gen-3-7V-1A-550mAh-for-Rolling-Spider-and-Jumping-Sumo-Black-Certified-Certified-Refurbished/740040811",
        "price": "$7.99",
        "stars": 0,
        "ratings": 0,
        "img": "i5.walmartimages.com/asr/c0f0e6f2-1712-4b9f-af57-e9ab4c2bc1ba_1.da541818829ea6a4f41a86cbdba983c7.jpeg?odnWidth=612&odnHeight=612&odnBg=ffffff",
        "tags": [
            [
                "Batteries & Chargers",
                "/browse/electronics/batteries-chargers/3944_96469_133271_1072786"
            ],
            [
                "Drones with Cameras",
                "/browse/electronics/drones-with-cameras/3944_133277_1231385"
            ],
            [
                "HD Drones",
                "/browse/electronics/hd-drones/3944_5525941_1677970_1837338"
            ],
            [
                "Foldable Drones",
                "/browse/electronics/foldable-drones/3944_5525941_2616723"
            ],
            [
                "Drone Accessories",
                "/browse/electronics/drone-accessories/3944_133277_2972544"
            ],
            [
                "All Drones with Cameras",
                "/browse/electronics/all-drones-with-cameras/3944_5525941_1677970_3044927"
            ],
            [
                "DJI Drones",
                "/browse/electronics/dji-drones/3944_5525941_5960206_3976514"
            ],
            [
                "Drone Cases",
                "/browse/electronics/drone-cases/3944_5525941_4049093_5296741"
            ]
        ]
    },
    {
        "title": "Rabing RC Drone Foldable Flight Path FPV VR Wifi RC Quadcopter 2.4GHz 6-Axis Gyro Remote Control Drone with 720P HD 2MP Camera Drone",
        "url": "https://www.walmart.com/ip/Rabing-RC-Drone-Foldable-Flight-Path-FPV-VR-Wifi-RC-Quadcopter-2-4GHz-6-Axis-Gyro-Remote-Control-Drone-with-720P-HD-2MP-Camera-Drone/506675879",
        "price": "$40.99",
        "stars": 0,
        "ratings": 0,
        "img": "",
        "tags": []
    },
    {
        "title": "Skin For DJI Mavic Mini Portable Drone Quadcopter Pop Culture Collection",
        "url": "https://www.walmart.com/ip/Skin-For-DJI-Mavic-Mini-Portable-Drone-Quadcopter-Pop-Culture-Collection/989344731",
        "price": "$24.99",
        "stars": 0,
        "ratings": 0,
        "img": "i5.walmartimages.com/asr/e8b6d295-b35a-41b6-afbe-2e840465fbb2.4252cd1a2c7c67a97d8a51a9f6c55e91.jpeg?odnWidth=612&odnHeight=612&odnBg=ffffff",
        "tags": [
            [
                "HD Drones",
                "/browse/electronics/hd-drones/3944_5525941_1677970_1837338"
            ],
            [
                "Foldable Drones",
                "/browse/electronics/foldable-drones/3944_5525941_2616723"
            ],
            [
                "Drone Accessories",
                "/browse/electronics/drone-accessories/3944_133277_2972544"
            ],
            [
                "All Drones with Cameras",
                "/browse/electronics/all-drones-with-cameras/3944_5525941_1677970_3044927"
            ],
            [
                "Drone Cases",
                "/browse/electronics/drone-cases/3944_5525941_4049093_5296741"
            ],
            [
                "RC Drones",
                "/browse/electronics/rc-drones/3944_5525941_6042620"
            ],
            [
                "Shop All Drones",
                "/browse/electronics/shop-all-drones/3944_5525941_8120586"
            ],
            [
                "Advanced Drones",
                "/browse/electronics/advanced-drones/3944_5525941_4346614_8463965"
            ]
        ]
    },
    {
        "title": "Xisheep Helicopter Funny Kids Outdoor Toy Drone Children's Day Gifts For Beginner",
        "url": "https://www.walmart.com/ip/Xisheep-Helicopter-Funny-Kids-Outdoor-Toy-Drone-Children-s-Day-Gifts-For-Beginner/652093617",
        "price": "$7.19",
        "stars": 0,
        "ratings": 0,
        "img": "i5.walmartimages.com/asr/1a89f5c3-348f-42ac-b4e8-9a0daba82ddb.b91882695d15a3fc53505372025fe5b5.jpeg?odnWidth=612&odnHeight=612&odnBg=ffffff",
        "tags": []
    },
    {
        "title": "DJI Phantom 4 Pro+ V2.0",
        "url": "https://www.walmart.com/ip/DJI-Phantom-4-Pro-V2-0/844287260",
        "price": "$2608.07",
        "stars": 0,
        "ratings": 0,
        "img": "",
        "tags": [
            [
                "Drones with Cameras",
                "/browse/electronics/drones-with-cameras/3944_133277_1231385"
            ],
            [
                "Autel Robotics Drones",
                "/browse/electronics/autel-robotics-drones/3944_5525941_5960206_1706415"
            ],
            [
                "Foldable Drones",
                "/browse/electronics/foldable-drones/3944_5525941_2616723"
            ],
            [
                "All Drones with Cameras",
                "/browse/electronics/all-drones-with-cameras/3944_5525941_1677970_3044927"
            ],
            [
                "DJI Drones",
                "/browse/electronics/dji-drones/3944_5525941_5960206_3976514"
            ],
            [
                "All MSI Laptops",
                "/browse/electronics/all-msi-laptops/3944_3951_1089430_1230093_2039225_6371544"
            ],
            [
                "Shop All Drones",
                "/browse/electronics/shop-all-drones/3944_5525941_8120586"
            ],
            [
                "Advanced Drones",
                "/browse/electronics/advanced-drones/3944_5525941_4346614_8463965"
            ]
        ]
    },
    {
        "title": "Sky Rider Raven Foldable Drone with GPS and Wi-Fi Camera, DRWG538B, Black",
        "url": "https://www.walmart.com/ip/Sky-Rider-Raven-Foldable-Drone-with-GPS-and-Wi-Fi-Camera-DRWG538B-Black/660362251",
        "price": "$120.34",
        "stars": "3.5",
        "ratings": "80 ",
        "img": "i5.walmartimages.com/asr/cb8bc78e-d420-4ef1-bd64-6478a00b2866_1.d3492aff2a1af14185a5ea5f809fe30d.jpeg?odnWidth=612&odnHeight=612&odnBg=ffffff",
        "tags": [
            [
                "HD Drones",
                "/browse/electronics/hd-drones/3944_5525941_1677970_1837338"
            ],
            [
                "Foldable Drones",
                "/browse/electronics/foldable-drones/3944_5525941_2616723"
            ],
            [
                "Beginner Drones",
                "/browse/electronics/beginner-drones/3944_5525941_4346614_2881959"
            ],
            [
                "All Drones with Cameras",
                "/browse/electronics/all-drones-with-cameras/3944_5525941_1677970_3044927"
            ],
            [
                "Intermediate Drones",
                "/browse/electronics/intermediate-drones/3944_5525941_4346614_6345846"
            ],
            [
                "Stunt Drone",
                "/browse/electronics/stunt-drone/3944_5525941_7868570"
            ],
            [
                "Shop All Drones",
                "/browse/electronics/shop-all-drones/3944_5525941_8120586"
            ],
            [
                "Advanced Drones",
                "/browse/electronics/advanced-drones/3944_5525941_4346614_8463965"
            ]
        ]
    },
    {
        "title": "DJI Mavic Air Drone Fly More Combo in Onyx Black",
        "url": "https://www.walmart.com/ip/DJI-Mavic-Air-Drone-Fly-More-Combo-in-Onyx-Black/822773215",
        "price": "$999.00",
        "stars": "4.5",
        "ratings": "17 ",
        "img": "i5.walmartimages.com/asr/32139c55-d15d-4f81-8dda-746b8b5b196e_1.56cab527ca87cbae58fab36601c00f51.jpeg?odnWidth=612&odnHeight=612&odnBg=ffffff",
        "tags": [
            [
                "Drones with Cameras",
                "/browse/electronics/drones-with-cameras/3944_133277_1231385"
            ],
            [
                "Foldable Drones",
                "/browse/electronics/foldable-drones/3944_5525941_2616723"
            ],
            [
                "Beginner Drones",
                "/browse/electronics/beginner-drones/3944_5525941_4346614_2881959"
            ],
            [
                "All Drones with Cameras",
                "/browse/electronics/all-drones-with-cameras/3944_5525941_1677970_3044927"
            ],
            [
                "DJI Drones",
                "/browse/electronics/dji-drones/3944_5525941_5960206_3976514"
            ],
            [
                "Intermediate Drones",
                "/browse/electronics/intermediate-drones/3944_5525941_4346614_6345846"
            ],
            [
                "Shop All Drones",
                "/browse/electronics/shop-all-drones/3944_5525941_8120586"
            ],
            [
                "Advanced Drones",
                "/browse/electronics/advanced-drones/3944_5525941_4346614_8463965"
            ]
        ]
    },
    {
        "title": "DJI Mavic Pro Platinum with Extra Battery, Flagship 4K Quadcopter Drone with 30 Mins Flight Time, 7 km Range, Obstacle Avoidance and More",
        "url": "https://www.walmart.com/ip/DJI-Mavic-Pro-Platinum-with-Extra-Battery-Flagship-4K-Quadcopter-Drone-with-30-Mins-Flight-Time-7-km-Range-Obstacle-Avoidance-and-More/813502490",
        "price": "$1099.99",
        "stars": "3.0",
        "ratings": "3 ",
        "img": "i5.walmartimages.com/asr/079d4d68-5e73-47aa-a603-28ff9ea0b8d4.c86704169a4c1dcfdeed62e35b5b2f0e.jpeg?odnWidth=612&odnHeight=612&odnBg=ffffff",
        "tags": [
            [
                "Drones with Cameras",
                "/browse/electronics/drones-with-cameras/3944_133277_1231385"
            ],
            [
                "Autel Robotics Drones",
                "/browse/electronics/autel-robotics-drones/3944_5525941_5960206_1706415"
            ],
            [
                "Foldable Drones",
                "/browse/electronics/foldable-drones/3944_5525941_2616723"
            ],
            [
                "All Drones with Cameras",
                "/browse/electronics/all-drones-with-cameras/3944_5525941_1677970_3044927"
            ],
            [
                "DJI Drones",
                "/browse/electronics/dji-drones/3944_5525941_5960206_3976514"
            ],
            [
                "Shop All Drones",
                "/browse/electronics/shop-all-drones/3944_5525941_8120586"
            ],
            [
                "Drone Goggles",
                "/browse/electronics/drone-goggles/3944_5525941_4049093_8404798"
            ],
            [
                "Advanced Drones",
                "/browse/electronics/advanced-drones/3944_5525941_4346614_8463965"
            ]
        ]
    }
]