[
    {
        "title": "The Original Hover Star Motion Controlled UFO Drone- Red",
        "url": "https://www.walmart.com/ip/The-Original-Hover-Star-Motion-Controlled-UFO-Drone-Red/204769379",
        "price": "$32.99",
        "stars": 0,
        "ratings": 0,
        "img": "i5.walmartimages.com/asr/a5f03076-30d3-4ac9-b881-655752124fab_1.52efbc1adf32b435141129442b874cdf.jpeg?odnWidth=612&odnHeight=612&odnBg=ffffff",
        "tags": [
            [
                "RC Toys by Price",
                "/browse/toys/rc-toys-by-price/4171_1111647_3436383_1341660"
            ],
            [
                "All Hoverboards",
                "/browse/toys/all-hoverboards/4171_133073_6774653_3545894_2310222"
            ],
            [
                "RC Monster Trucks",
                "/browse/toys/rc-monster-trucks/4171_1111647_3436383_2335305"
            ],
            [
                "RC Toys by Vehicle Type",
                "/browse/toys/rc-toys-by-vehicle-type/4171_1111647_3436383_2702261"
            ],
            [
                "Cars & SUVs",
                "/browse/toys/cars-suvs/4171_1111647_6169850"
            ],
            [
                "RC Trucks & SUVs",
                "/browse/toys/rc-trucks-suvs/4171_1111647_3436383_6427365"
            ],
            [
                "RC Toys by Brand",
                "/browse/toys/rc-toys-by-brand/4171_1111647_3436383_8304402"
            ],
            [
                "RC Cars",
                "/browse/toys/rc-cars/4171_1111647_8787282"
            ]
        ]
    },
    {
        "title": "HJHRC HJ28 RC Drone with Camera 720P Wifi FPV for Beginner Training Christmas Gift Altitude Hold Gesture Photo/Video Foldable RC Quadcopter",
        "url": "https://www.walmart.com/ip/HJHRC-HJ28-RC-Drone-with-Camera-720P-Wifi-FPV-for-Beginner-Training-Christmas-Gift-Altitude-Hold-Gesture-Photo-Video-Foldable-RC-Quadcopter/294205020",
        "price": "$41.78",
        "stars": 0,
        "ratings": 0,
        "img": "i5.walmartimages.com/asr/12303341-f60d-41d6-8ba1-2b1ccd747fb2_1.9834061a6762d885067541d154102cbf.jpeg?odnWidth=612&odnHeight=612&odnBg=ffffff",
        "tags": [
            [
                "HD Drones",
                "/browse/electronics/hd-drones/3944_5525941_1677970_1837338"
            ],
            [
                "Foldable Drones",
                "/browse/electronics/foldable-drones/3944_5525941_2616723"
            ],
            [
                "Beginner Drones",
                "/browse/electronics/beginner-drones/3944_5525941_4346614_2881959"
            ],
            [
                "DJI Drones",
                "/browse/electronics/dji-drones/3944_5525941_5960206_3976514"
            ],
            [
                "RC Drones",
                "/browse/electronics/rc-drones/3944_5525941_6042620"
            ],
            [
                "Intermediate Drones",
                "/browse/electronics/intermediate-drones/3944_5525941_4346614_6345846"
            ],
            [
                "Shop All Drones",
                "/browse/electronics/shop-all-drones/3944_5525941_8120586"
            ],
            [
                "Advanced Drones",
                "/browse/electronics/advanced-drones/3944_5525941_4346614_8463965"
            ]
        ]
    },
    {
        "title": "GoolRC SG700-D FPV RC Drone with Camera 4K HD Wide Angle Optical Flow Positioning Follow Me Altitude Hold Quadcopter",
        "url": "https://www.walmart.com/ip/GoolRC-SG700-D-FPV-RC-Drone-with-Camera-4K-HD-Wide-Angle-Optical-Flow-Positioning-Follow-Me-Altitude-Hold-Quadcopter/439711327",
        "price": "$46.98",
        "stars": "1.0",
        "ratings": "1 ",
        "img": "i5.walmartimages.com/asr/5cf19850-ea02-4f1d-ac35-2d7cb8409d9a_1.f26001465f6bba6f447c89025a0930d0.jpeg?odnWidth=612&odnHeight=612&odnBg=ffffff",
        "tags": [
            [
                "Foldable Drones",
                "/browse/electronics/foldable-drones/3944_5525941_2616723"
            ],
            [
                "Beginner Drones",
                "/browse/electronics/beginner-drones/3944_5525941_4346614_2881959"
            ],
            [
                "All Drones with Cameras",
                "/browse/electronics/all-drones-with-cameras/3944_5525941_1677970_3044927"
            ],
            [
                "RC Drones",
                "/browse/electronics/rc-drones/3944_5525941_6042620"
            ],
            [
                "Intermediate Drones",
                "/browse/electronics/intermediate-drones/3944_5525941_4346614_6345846"
            ],
            [
                "Protocol Drones",
                "/browse/electronics/protocol-drones/3944_5525941_5960206_7986424"
            ],
            [
                "Shop All Drones",
                "/browse/electronics/shop-all-drones/3944_5525941_8120586"
            ],
            [
                "Advanced Drones",
                "/browse/electronics/advanced-drones/3944_5525941_4346614_8463965"
            ]
        ]
    },
    {
        "title": "DJI Spark Battery Charging Hub",
        "url": "https://www.walmart.com/ip/DJI-Spark-Battery-Charging-Hub/555934033",
        "price": "$94.87",
        "stars": "5.0",
        "ratings": "2 ",
        "img": "",
        "tags": [
            [
                "Olympus Cameras",
                "/browse/electronics/olympus-cameras/3944_133277_1231331_1231338"
            ],
            [
                "Drones with Cameras",
                "/browse/electronics/drones-with-cameras/3944_133277_1231385"
            ],
            [
                "HD Drones",
                "/browse/electronics/hd-drones/3944_5525941_1677970_1837338"
            ],
            [
                "Foldable Drones",
                "/browse/electronics/foldable-drones/3944_5525941_2616723"
            ],
            [
                "DJI Drones",
                "/browse/electronics/dji-drones/3944_5525941_5960206_3976514"
            ],
            [
                "Drone Propellers",
                "/browse/electronics/drone-propellers/3944_5525941_4049093_4394106"
            ],
            [
                "Drone Batteries and Chargers",
                "/browse/electronics/drone-batteries-chargers/3944_5525941_4049093_6633994"
            ],
            [
                "Smart Water Detectors",
                "/browse/electronics/smart-water-detectors/3944_1229875_6357978_2890013_2285725_8033678"
            ]
        ]
    },
    {
        "title": "Striker Glow-in-the-Dark Live Feed WiFi 2.4GHz 4.5-Channel R/C Camera Spy Drone",
        "url": "https://www.walmart.com/ip/Striker-Glow-in-the-Dark-Live-Feed-WiFi-2-4GHz-4-5-Channel-R-C-Camera-Spy-Drone/54808473",
        "price": "$50.99",
        "stars": "1.0",
        "ratings": "3 ",
        "img": "i5.walmartimages.com/asr/de3c4686-2b95-438c-b66d-b12658a2f108_1.eea68d9f22e60950f367e2b3bcfbfa07.jpeg?odnWidth=612&odnHeight=612&odnBg=ffffff",
        "tags": [
            [
                "Drones with Cameras",
                "/browse/electronics/drones-with-cameras/3944_133277_1231385"
            ],
            [
                "HD Drones",
                "/browse/electronics/hd-drones/3944_5525941_1677970_1837338"
            ],
            [
                "Foldable Drones",
                "/browse/electronics/foldable-drones/3944_5525941_2616723"
            ],
            [
                "Beginner Drones",
                "/browse/electronics/beginner-drones/3944_5525941_4346614_2881959"
            ],
            [
                "RC Drones",
                "/browse/electronics/rc-drones/3944_5525941_6042620"
            ],
            [
                "Intermediate Drones",
                "/browse/electronics/intermediate-drones/3944_5525941_4346614_6345846"
            ],
            [
                "Shop All Drones",
                "/browse/electronics/shop-all-drones/3944_5525941_8120586"
            ],
            [
                "Advanced Drones",
                "/browse/electronics/advanced-drones/3944_5525941_4346614_8463965"
            ]
        ]
    },
    {
        "title": "2.4G 4CH 6-Axis Gyro RC Quadcopter HD FPV Camera Drone Pocket Drone for Kids Adults - Altitude Hold, Headless Mode, 3D Flips & Rolls, One-key Return",
        "url": "https://www.walmart.com/ip/2-4G-4CH-6-Axis-Gyro-RC-Quadcopter-HD-FPV-Camera-Drone-Pocket-Drone-for-Kids-Adults-Altitude-Hold-Headless-Mode-3D-Flips-Rolls-One-key-Return/667665646",
        "price": "$32.89",
        "stars": "1.0",
        "ratings": "1 ",
        "img": "",
        "tags": [
            [
                "HD Drones",
                "/browse/electronics/hd-drones/3944_5525941_1677970_1837338"
            ],
            [
                "Foldable Drones",
                "/browse/electronics/foldable-drones/3944_5525941_2616723"
            ],
            [
                "Beginner Drones",
                "/browse/electronics/beginner-drones/3944_5525941_4346614_2881959"
            ],
            [
                "RC Drones",
                "/browse/electronics/rc-drones/3944_5525941_6042620"
            ],
            [
                "Intermediate Drones",
                "/browse/electronics/intermediate-drones/3944_5525941_4346614_6345846"
            ],
            [
                "Shop All Drones",
                "/browse/electronics/shop-all-drones/3944_5525941_8120586"
            ],
            [
                "Advanced Drones",
                "/browse/electronics/advanced-drones/3944_5525941_4346614_8463965"
            ],
            [
                "Nano Drones",
                "/browse/electronics/nano-drones/3944_5525941_8713344"
            ]
        ]
    },
    {
        "title": "ZLL Beast SG906 PRO 2 GPS RC Drone with Camera 4K 3-axis Gimbal Brushless Motor 5G Wifi",
        "url": "https://www.walmart.com/ip/ZLL-Beast-SG906-PRO-2-GPS-RC-Drone-with-Camera-4K-3-axis-Gimbal-Brushless-Motor-5G-Wifi/829316665",
        "price": "$219.89",
        "stars": 0,
        "ratings": 0,
        "img": "i5.walmartimages.com/asr/33bcb133-852a-4397-a5f4-e2a279db2c82.f30a84a48f0c863994c89cf0a3879773.jpeg?odnWidth=612&odnHeight=612&odnBg=ffffff",
        "tags": []
    },
    {
        "title": "SG900-S RC Drone with Camera 1080P Wifi FPV Follow Me Surround Mode Multi-point Fly Altitude Hold Foldable RC Quadcopter 20mins",
        "url": "https://www.walmart.com/ip/SG900-S-RC-Drone-with-Camera-1080P-Wifi-FPV-Follow-Me-Surround-Mode-Multi-point-Fly-Altitude-Hold-Foldable-RC-Quadcopter-20mins/948068892",
        "price": "$88.76",
        "stars": 0,
        "ratings": 0,
        "img": "i5.walmartimages.com/asr/3b62c395-ffc7-43ea-b0a4-f35c155ba7b8_1.f23312f52584898175f05c3ed39b8182.jpeg?odnWidth=612&odnHeight=612&odnBg=ffffff",
        "tags": [
            [
                "HD Drones",
                "/browse/electronics/hd-drones/3944_5525941_1677970_1837338"
            ],
            [
                "Foldable Drones",
                "/browse/electronics/foldable-drones/3944_5525941_2616723"
            ],
            [
                "Beginner Drones",
                "/browse/electronics/beginner-drones/3944_5525941_4346614_2881959"
            ],
            [
                "RC Drones",
                "/browse/electronics/rc-drones/3944_5525941_6042620"
            ],
            [
                "Intermediate Drones",
                "/browse/electronics/intermediate-drones/3944_5525941_4346614_6345846"
            ],
            [
                "Protocol Drones",
                "/browse/electronics/protocol-drones/3944_5525941_5960206_7986424"
            ],
            [
                "Shop All Drones",
                "/browse/electronics/shop-all-drones/3944_5525941_8120586"
            ],
            [
                "Advanced Drones",
                "/browse/electronics/advanced-drones/3944_5525941_4346614_8463965"
            ]
        ]
    },
    {
        "title": "HD 4CH 2.4G 6-Role Gyro Headless Mode One Key Return RC Quadcopter Drone 3MP Wide Angle White HFON",
        "url": "https://www.walmart.com/ip/HD-4CH-2-4G-6-Role-Gyro-Headless-Mode-One-Key-Return-RC-Quadcopter-Drone-3MP-Wide-Angle-White-HFON/136243224",
        "price": "$66.99",
        "stars": "1.0",
        "ratings": "1 ",
        "img": "i5.walmartimages.com/asr/3442435d-23cb-451d-a89e-d900791057af_1.45ea5442cac219039c7a61bedbf15d5e.jpeg?odnWidth=612&odnHeight=612&odnBg=ffffff",
        "tags": [
            [
                "HD Drones",
                "/browse/electronics/hd-drones/3944_5525941_1677970_1837338"
            ],
            [
                "Foldable Drones",
                "/browse/electronics/foldable-drones/3944_5525941_2616723"
            ],
            [
                "Beginner Drones",
                "/browse/electronics/beginner-drones/3944_5525941_4346614_2881959"
            ],
            [
                "RC Drones",
                "/browse/electronics/rc-drones/3944_5525941_6042620"
            ],
            [
                "Intermediate Drones",
                "/browse/electronics/intermediate-drones/3944_5525941_4346614_6345846"
            ],
            [
                "Protocol Drones",
                "/browse/electronics/protocol-drones/3944_5525941_5960206_7986424"
            ],
            [
                "Shop All Drones",
                "/browse/electronics/shop-all-drones/3944_5525941_8120586"
            ],
            [
                "Advanced Drones",
                "/browse/electronics/advanced-drones/3944_5525941_4346614_8463965"
            ]
        ]
    },
    {
        "title": "MJX Bugs 7 B7 RC Drone with Camera 4K 5G Wifi Brushless Motor Optical Positioning Track Flight RC Quadcopter",
        "url": "https://www.walmart.com/ip/MJX-Bugs-7-B7-RC-Drone-with-Camera-4K-5G-Wifi-Brushless-Motor-Optical-Positioning-Track-Flight-RC-Quadcopter/709946072",
        "price": "$166.19",
        "stars": 0,
        "ratings": 0,
        "img": "i5.walmartimages.com/asr/26730922-e83b-430e-849b-4b23050ddfcb.615cbfe0d70b7e1db3d05b089ecc4329.jpeg?odnWidth=612&odnHeight=612&odnBg=ffffff",
        "tags": [
            [
                "Foldable Drones",
                "/browse/electronics/foldable-drones/3944_5525941_2616723"
            ],
            [
                "Beginner Drones",
                "/browse/electronics/beginner-drones/3944_5525941_4346614_2881959"
            ],
            [
                "All Drones with Cameras",
                "/browse/electronics/all-drones-with-cameras/3944_5525941_1677970_3044927"
            ],
            [
                "DJI Drones",
                "/browse/electronics/dji-drones/3944_5525941_5960206_3976514"
            ],
            [
                "RC Drones",
                "/browse/electronics/rc-drones/3944_5525941_6042620"
            ],
            [
                "Intermediate Drones",
                "/browse/electronics/intermediate-drones/3944_5525941_4346614_6345846"
            ],
            [
                "Shop All Drones",
                "/browse/electronics/shop-all-drones/3944_5525941_8120586"
            ],
            [
                "Advanced Drones",
                "/browse/electronics/advanced-drones/3944_5525941_4346614_8463965"
            ]
        ]
    }
]