[
    {
        "title": "Top Race Remote Control Airplane, 3 Channel RC Airplane Aircraft Built in 6 Axis Gyro System Super Easy to Fly RTF (TR-C285)",
        "url": "https://www.walmart.com/ip/Top-Race-Remote-Control-Airplane-3-Channel-RC-Airplane-Aircraft-Built-in-6-Axis-Gyro-System-Super-Easy-to-Fly-RTF-TR-C285/802853821",
        "price": "$74.99",
        "stars": "5.0",
        "ratings": "2 ",
        "img": "i5.walmartimages.com/asr/43b433b5-e1a8-476c-9410-5ecc4bd52862_1.1bff2cbc3c6210a8c717a7b6ca11492c.jpeg?odnWidth=612&odnHeight=612&odnBg=ffffff",
        "tags": [
            [
                "Air Hogs Drones",
                "/browse/electronics/air-hogs-drones/3944_5525941_5960206_1396048"
            ],
            [
                "HD Drones",
                "/browse/electronics/hd-drones/3944_5525941_1677970_1837338"
            ],
            [
                "Foldable Drones",
                "/browse/electronics/foldable-drones/3944_5525941_2616723"
            ],
            [
                "Beginner Drones",
                "/browse/electronics/beginner-drones/3944_5525941_4346614_2881959"
            ],
            [
                "All Drones with Cameras",
                "/browse/electronics/all-drones-with-cameras/3944_5525941_1677970_3044927"
            ],
            [
                "Intermediate Drones",
                "/browse/electronics/intermediate-drones/3944_5525941_4346614_6345846"
            ],
            [
                "Shop All Drones",
                "/browse/electronics/shop-all-drones/3944_5525941_8120586"
            ],
            [
                "Advanced Drones",
                "/browse/electronics/advanced-drones/3944_5525941_4346614_8463965"
            ]
        ]
    },
    {
        "title": "DJI Mavic 2 PRO Drone Quadcopter Fly More Combo with Hasselblad Camera, with Smart Controller (Built in Monitor), 3 Batteries, 128GB SD Card Bundle Kit with Must Have Accessories",
        "url": "https://www.walmart.com/ip/DJI-Mavic-2-PRO-Drone-Quadcopter-Fly-More-Combo-Hasselblad-Camera-Smart-Controller-Built-Monitor-3-Batteries-128GB-SD-Card-Bundle-Kit-Must-Have-Acces/125935606",
        "price": "$2609.00",
        "stars": 0,
        "ratings": 0,
        "img": "i5.walmartimages.com/asr/954e19f0-4c82-4bc2-bedb-1089ad470493_1.3a8fbb2b126edf4b419f826b631a3fe8.jpeg?odnWidth=612&odnHeight=612&odnBg=ffffff",
        "tags": [
            [
                "Drones with Cameras",
                "/browse/electronics/drones-with-cameras/3944_133277_1231385"
            ],
            [
                "HD Drones",
                "/browse/electronics/hd-drones/3944_5525941_1677970_1837338"
            ],
            [
                "Foldable Drones",
                "/browse/electronics/foldable-drones/3944_5525941_2616723"
            ],
            [
                "DJI Drones",
                "/browse/electronics/dji-drones/3944_5525941_5960206_3976514"
            ],
            [
                "Drone Batteries and Chargers",
                "/browse/electronics/drone-batteries-chargers/3944_5525941_4049093_6633994"
            ],
            [
                "Drone Remote Controller Accessories",
                "/browse/electronics/drone-remote-controller-accessories/3944_5525941_4049093_7746362"
            ],
            [
                "Shop All Drones",
                "/browse/electronics/shop-all-drones/3944_5525941_8120586"
            ],
            [
                "Drone Skins",
                "/browse/electronics/drone-skins/3944_5525941_4049093_9392873"
            ]
        ]
    },
    {
        "title": "DJI Mavic Air (Arctic White) Drone Combo 4K Wi-Fi Quadcopter with Remote Controller Deluxe Fly Bundle with Hard Case VR Goggles Landing Pad 64GB microSDXC Card and 1 Year Warranty Extension",
        "url": "https://www.walmart.com/ip/DJI-Mavic-Air-Arctic-White-Drone-Combo-4K-Wi-Fi-Quadcopter-Remote-Controller-Deluxe-Fly-Bundle-Hard-Case-VR-Goggles-Landing-Pad-64GB-microSDXC-Card-1/373191710",
        "price": "$623.95",
        "stars": "4.8",
        "ratings": "13 ",
        "img": "i5.walmartimages.com/asr/dc073ce5-c006-42ce-9884-357ae60c8ce4_1.74d0b680161af57bb3095c22d514dc07.jpeg?odnWidth=612&odnHeight=612&odnBg=ffffff",
        "tags": [
            [
                "Drones with Cameras",
                "/browse/electronics/drones-with-cameras/3944_133277_1231385"
            ],
            [
                "Smart Door Sensors",
                "/browse/electronics/smart-door-sensors/3944_1229875_6357978_2890013_2285725_2339958"
            ],
            [
                "Foldable Drones",
                "/browse/electronics/foldable-drones/3944_5525941_2616723"
            ],
            [
                "Beginner Drones",
                "/browse/electronics/beginner-drones/3944_5525941_4346614_2881959"
            ],
            [
                "All Drones with Cameras",
                "/browse/electronics/all-drones-with-cameras/3944_5525941_1677970_3044927"
            ],
            [
                "DJI Drones",
                "/browse/electronics/dji-drones/3944_5525941_5960206_3976514"
            ],
            [
                "Intermediate Drones",
                "/browse/electronics/intermediate-drones/3944_5525941_4346614_6345846"
            ],
            [
                "Advanced Drones",
                "/browse/electronics/advanced-drones/3944_5525941_4346614_8463965"
            ]
        ]
    },
    {
        "title": "TBP F3 Drone GPS 4K 5G WiFi Live Video FPV Quadrotor Flight 6000mAh 75 Minutes Rc Distance 2000m Drone HD Wide-angle Dual Camera+Case bag ,2 batteries",
        "url": "https://www.walmart.com/ip/TBP-F3-Drone-GPS-4K-5G-WiFi-Live-Video-FPV-Quadrotor-Flight-6000mAh-75-Minutes-Rc-Distance-2000m-HD-Wide-angle-Dual-Camera-Case-bag-2-batteries/291136188",
        "price": "$123.99",
        "stars": 0,
        "ratings": 0,
        "img": "",
        "tags": []
    },
    {
        "title": "SG906 GPS Brushless 4K Drone with Camera 5G Wifi FPV Foldable Optical Flow Positioning Altitude Hold RC Quadcopter",
        "url": "https://www.walmart.com/ip/SG906-GPS-Brushless-4K-Drone-with-Camera-5G-Wifi-FPV-Foldable-Optical-Flow-Positioning-Altitude-Hold-RC-Quadcopter/512070165",
        "price": "$146.69",
        "stars": "5.0",
        "ratings": "1 ",
        "img": "i5.walmartimages.com/asr/7f09629e-e008-4466-acd5-8b5255ae8978_1.53b60d80ae947e23ae51b7db8b936bf1.jpeg?odnWidth=612&odnHeight=612&odnBg=ffffff",
        "tags": [
            [
                "Foldable Drones",
                "/browse/electronics/foldable-drones/3944_5525941_2616723"
            ],
            [
                "Beginner Drones",
                "/browse/electronics/beginner-drones/3944_5525941_4346614_2881959"
            ],
            [
                "All Drones with Cameras",
                "/browse/electronics/all-drones-with-cameras/3944_5525941_1677970_3044927"
            ],
            [
                "RC Drones",
                "/browse/electronics/rc-drones/3944_5525941_6042620"
            ],
            [
                "Intermediate Drones",
                "/browse/electronics/intermediate-drones/3944_5525941_4346614_6345846"
            ],
            [
                "Protocol Drones",
                "/browse/electronics/protocol-drones/3944_5525941_5960206_7986424"
            ],
            [
                "Shop All Drones",
                "/browse/electronics/shop-all-drones/3944_5525941_8120586"
            ],
            [
                "Advanced Drones",
                "/browse/electronics/advanced-drones/3944_5525941_4346614_8463965"
            ]
        ]
    },
    {
        "title": "ALLCACA FPV RC Drone with Dual 720P HD Camera Live Video, WiFi RC Quadcopter w/ 3D Flips, GPS Return Home, Headless Mode, Gravity Sensor, Altitude Hold, Black",
        "url": "https://www.walmart.com/ip/ALLCACA-FPV-RC-Drone-Dual-720P-HD-Camera-Live-Video-WiFi-Quadcopter-w-3D-Flips-GPS-Return-Home-Headless-Mode-Gravity-Sensor-Altitude-Hold-Black/907346243",
        "price": "$69.49",
        "stars": "4.2",
        "ratings": "5 ",
        "img": "i5.walmartimages.com/asr/e1aac485-6ceb-4d6b-bf2a-54c54e58ce63_1.99dad54b8dacfc63cfcade131db61232.jpeg?odnWidth=612&odnHeight=612&odnBg=ffffff",
        "tags": [
            [
                "Drones with Cameras",
                "/browse/electronics/drones-with-cameras/3944_133277_1231385"
            ],
            [
                "HD Drones",
                "/browse/electronics/hd-drones/3944_5525941_1677970_1837338"
            ],
            [
                "Foldable Drones",
                "/browse/electronics/foldable-drones/3944_5525941_2616723"
            ],
            [
                "Beginner Drones",
                "/browse/electronics/beginner-drones/3944_5525941_4346614_2881959"
            ],
            [
                "RC Drones",
                "/browse/electronics/rc-drones/3944_5525941_6042620"
            ],
            [
                "Intermediate Drones",
                "/browse/electronics/intermediate-drones/3944_5525941_4346614_6345846"
            ],
            [
                "Shop All Drones",
                "/browse/electronics/shop-all-drones/3944_5525941_8120586"
            ],
            [
                "Advanced Drones",
                "/browse/electronics/advanced-drones/3944_5525941_4346614_8463965"
            ]
        ]
    },
    {
        "title": "Holy Stone HS130D GPS Drone with 2K Camera for Adults 2 Batteries double the Flight Time up to 30 Mins",
        "url": "https://www.walmart.com/ip/Holy-Stone-HS130D-GPS-Drone-with-2K-Camera-for-Adults-2-Batteries-double-the-Flight-Time-up-to-30-Mins/830661256",
        "price": "$99.99",
        "stars": "4.6",
        "ratings": "16 ",
        "img": "i5.walmartimages.com/asr/d601273d-c670-4e6b-bad1-e8adc0cc352a.6e0e2e4710cea25eed3aa55f7903ade0.jpeg?odnWidth=612&odnHeight=612&odnBg=ffffff",
        "tags": [
            [
                "HD Drones",
                "/browse/electronics/hd-drones/3944_5525941_1677970_1837338"
            ],
            [
                "Foldable Drones",
                "/browse/electronics/foldable-drones/3944_5525941_2616723"
            ],
            [
                "Beginner Drones",
                "/browse/electronics/beginner-drones/3944_5525941_4346614_2881959"
            ],
            [
                "RC Drones",
                "/browse/electronics/rc-drones/3944_5525941_6042620"
            ],
            [
                "Intermediate Drones",
                "/browse/electronics/intermediate-drones/3944_5525941_4346614_6345846"
            ],
            [
                "Protocol Drones",
                "/browse/electronics/protocol-drones/3944_5525941_5960206_7986424"
            ],
            [
                "Shop All Drones",
                "/browse/electronics/shop-all-drones/3944_5525941_8120586"
            ],
            [
                "Advanced Drones",
                "/browse/electronics/advanced-drones/3944_5525941_4346614_8463965"
            ]
        ]
    },
    {
        "title": "Autel Robotics EVO 2 Pro Drone Folding Quadcopter Rugged Combo 6K HDR Video and Mapping EVO II Pro Extended Warranty Expedition Bundle w/ Extra Battery + Hard Case + Remote + Backpack + Software Kit",
        "url": "https://www.walmart.com/ip/Autel-Robotics-EVO-2-Pro-Drone-Folding-Quadcopter-Rugged-Combo-6K-HDR-Video-Mapping-II-Extended-Warranty-Expedition-Bundle-w-Extra-Battery-Hard-Case-/192079785",
        "price": "$2299.00",
        "stars": 0,
        "ratings": 0,
        "img": "i5.walmartimages.com/asr/40365495-7354-46c8-b9fa-6fa4168f4e8b.f41fd1fcb8a9103d26966aaa29a0118d.jpeg?odnWidth=612&odnHeight=612&odnBg=ffffff",
        "tags": [
            [
                "HD Drones",
                "/browse/electronics/hd-drones/3944_5525941_1677970_1837338"
            ],
            [
                "Foldable Drones",
                "/browse/electronics/foldable-drones/3944_5525941_2616723"
            ],
            [
                "Beginner Drones",
                "/browse/electronics/beginner-drones/3944_5525941_4346614_2881959"
            ],
            [
                "All Drones with Cameras",
                "/browse/electronics/all-drones-with-cameras/3944_5525941_1677970_3044927"
            ],
            [
                "DJI Drones",
                "/browse/electronics/dji-drones/3944_5525941_5960206_3976514"
            ],
            [
                "Intermediate Drones",
                "/browse/electronics/intermediate-drones/3944_5525941_4346614_6345846"
            ],
            [
                "Shop All Drones",
                "/browse/electronics/shop-all-drones/3944_5525941_8120586"
            ],
            [
                "Advanced Drones",
                "/browse/electronics/advanced-drones/3944_5525941_4346614_8463965"
            ]
        ]
    },
    {
        "title": "Autel Robotics EVO 2 Drone Folding Quadcopter 8K HDR Video and 48MP Camera EVO II Extended Warranty Expedition Bundle with Extra Battery + OLED Remote Control + Travel Backpack + Software Kit",
        "url": "https://www.walmart.com/ip/Autel-Robotics-EVO-2-Drone-Folding-Quadcopter-8K-HDR-Video-48MP-Camera-II-Extended-Warranty-Expedition-Bundle-Extra-Battery-OLED-Remote-Control-Trave/988631241",
        "price": "$1595.00",
        "stars": 0,
        "ratings": 0,
        "img": "i5.walmartimages.com/asr/a90e1f9a-05d5-4e34-ba9d-ad4fa94f51cb.dd1501c1c4eb8ec5b26dc220e55ebe71.jpeg?odnWidth=612&odnHeight=612&odnBg=ffffff",
        "tags": [
            [
                "HD Drones",
                "/browse/electronics/hd-drones/3944_5525941_1677970_1837338"
            ],
            [
                "Foldable Drones",
                "/browse/electronics/foldable-drones/3944_5525941_2616723"
            ],
            [
                "Beginner Drones",
                "/browse/electronics/beginner-drones/3944_5525941_4346614_2881959"
            ],
            [
                "DJI Drones",
                "/browse/electronics/dji-drones/3944_5525941_5960206_3976514"
            ],
            [
                "RC Drones",
                "/browse/electronics/rc-drones/3944_5525941_6042620"
            ],
            [
                "Intermediate Drones",
                "/browse/electronics/intermediate-drones/3944_5525941_4346614_6345846"
            ],
            [
                "Shop All Drones",
                "/browse/electronics/shop-all-drones/3944_5525941_8120586"
            ],
            [
                "Advanced Drones",
                "/browse/electronics/advanced-drones/3944_5525941_4346614_8463965"
            ]
        ]
    },
    {
        "title": "Drone X Pro 2.4G WIFI FPV With 1080P HD Camera Foldable RC Quadcopter Gift Toy",
        "url": "https://www.walmart.com/ip/Drone-X-Pro-2-4G-WIFI-FPV-With-1080P-HD-Camera-Foldable-RC-Quadcopter-Gift-Toy/509739088",
        "price": "$58.99",
        "stars": "3.8",
        "ratings": "4 ",
        "img": "",
        "tags": [
            [
                "HD Drones",
                "/browse/electronics/hd-drones/3944_5525941_1677970_1837338"
            ],
            [
                "Foldable Drones",
                "/browse/electronics/foldable-drones/3944_5525941_2616723"
            ],
            [
                "Beginner Drones",
                "/browse/electronics/beginner-drones/3944_5525941_4346614_2881959"
            ],
            [
                "RC Drones",
                "/browse/electronics/rc-drones/3944_5525941_6042620"
            ],
            [
                "Intermediate Drones",
                "/browse/electronics/intermediate-drones/3944_5525941_4346614_6345846"
            ],
            [
                "Protocol Drones",
                "/browse/electronics/protocol-drones/3944_5525941_5960206_7986424"
            ],
            [
                "Shop All Drones",
                "/browse/electronics/shop-all-drones/3944_5525941_8120586"
            ],
            [
                "Advanced Drones",
                "/browse/electronics/advanced-drones/3944_5525941_4346614_8463965"
            ]
        ]
    }
]