[
    {
        "title": "JVC 32\" Class HD (720p) LED TV (LT-32MAW200)",
        "url": "https://www.walmart.com/ip/JVC-32-Class-HD-720p-LED-TV-LT-32MAW200/299354091",
        "price": "$99.99",
        "stars": 0,
        "ratings": 0,
        "img": "",
        "tags": []
    },
    {
        "title": "Mount-It! Tilting TV Wall Mount Bracket | Fits 32-60 Inch TVs | Max VESA 600x400",
        "url": "https://www.walmart.com/ip/Mount-It-Tilting-TV-Wall-Mount-Bracket-Fits-32-60-Inch-TVs-Max-VESA-600x400/874597644",
        "price": "$25.99",
        "stars": "4.0",
        "ratings": "2 ",
        "img": "i5.walmartimages.com/asr/acf6e512-47b5-4ade-aa97-7cabecbb21e9_1.0ccb60f1d7069ae5f5d23f024d202b9f.jpeg?odnWidth=612&odnHeight=612&odnBg=ffffff",
        "tags": [
            [
                "4K Ultra HDTVs",
                "/browse/electronics/4k-ultra-hdtvs/3944_1060825_3289709_1180168"
            ],
            [
                "Smart TVs",
                "/browse/electronics/smart-tvs/3944_1060825_1229815_1229817"
            ],
            [
                "LED TVs",
                "/browse/electronics/led-tvs/3944_1060825_1229815_1229821"
            ],
            [
                "RCA",
                "/browse/electronics/rca/3944_4131277_1776549"
            ],
            [
                "All TVs",
                "/browse/electronics/all-tvs/3944_1060825_447913"
            ],
            [
                "onn. TV & Video Accessories",
                "/browse/electronics/onn-tv-video-accessories/3944_7838866_3004279_2376133_9766217_6428762"
            ],
            [
                "Roku TVs",
                "/browse/electronics/roku-tvs/3944_1060825_1229815_9085580"
            ],
            [
                "Shop All onn.",
                "/browse/electronics/shop-all-onn/3944_7838866_3004279_2376133_9354764"
            ]
        ]
    },
    {
        "title": "LG CX 48 inch Class 4K Smart OLED TV w/ AI ThinQ\u00ae (48.2'' Diag) - OLED48CXPUB",
        "url": "https://www.walmart.com/ip/LG-CX-48-inch-Class-4K-Smart-OLED-TV-w-AI-ThinQ-48-2-Diag-OLED48CXPUB/908202734",
        "price": "$1499.99",
        "stars": "4.3",
        "ratings": "68 ",
        "img": "i5.walmartimages.com/asr/32288d3a-6d8f-430f-9522-ab1ed2ba2041.12b53859cf542fe8060e91bc4e2cded7.jpeg?odnWidth=612&odnHeight=612&odnBg=ffffff",
        "tags": [
            [
                "OLED TVs",
                "/browse/electronics/oled-tvs/3944_1060825_1229815_1229823"
            ],
            [
                "Design and Lifestyle TVs",
                "/browse/electronics/design-lifestyle-tvs/3944_1060825_1229815_2130454"
            ],
            [
                "LG 65 Inch TVs",
                "/browse/electronics/lg-65-inch-tvs/3944_1060825_7006231_2265281"
            ],
            [
                "Gaming TVs",
                "/browse/electronics/gaming-tvs/3944_1060825_1229815_2452312"
            ],
            [
                "65 Inch TVs",
                "/browse/electronics/65-inch-tvs/3944_1060825_2489948_3421074"
            ],
            [
                "LG Smart TVs",
                "/browse/electronics/lg-smart-tvs/3944_1060825_7985618_7058051"
            ],
            [
                "NanoCell TVs",
                "/browse/electronics/nanocell-tvs/3944_1060825_1229815_9036825"
            ],
            [
                "LG TVs",
                "/browse/electronics/lg-tvs/3944_1060825_1939756_9419691"
            ]
        ]
    },
    {
        "title": "wideskall 2 feet 8 outlet ul certified surge protector power strip (ivory)",
        "url": "https://www.walmart.com/ip/wideskall-2-feet-8-outlet-ul-certified-surge-protector-power-strip-ivory/151011052",
        "price": "$10.25",
        "stars": "5.0",
        "ratings": "2 ",
        "img": "",
        "tags": [
            [
                "Cases & Towers",
                "/browse/electronics/cases-towers/3944_3951_1073804_1023540"
            ],
            [
                "Networking Cables & Accessories",
                "/browse/electronics/networking-cables-accessories/3944_3951_126297_1074144"
            ],
            [
                "Netgear",
                "/browse/electronics/netgear/3944_4131277_3248764"
            ],
            [
                "Smart Outlets",
                "/browse/electronics/smart-outlets/3944_1229875_4592199_1522536_8121412"
            ],
            [
                "Shop All onn.",
                "/browse/electronics/shop-all-onn/3944_7838866_3004279_2376133_9354764"
            ],
            [
                "onn. Computer Accessories",
                "/browse/electronics/onn-computer-accessories/3944_7838866_3004279_2376133_9826274"
            ]
        ]
    },
    {
        "title": "Top Clear TV Key HDTV FREE TV digita l Indoor Antenna Ditch Cable As Seen on TV",
        "url": "https://www.walmart.com/ip/Top-Clear-TV-Key-HDTV-FREE-TV-digita-l-Indoor-Antenna-Ditch-Cable-As-Seen-on-TV/413569621",
        "price": "$9.99",
        "stars": "1.9",
        "ratings": "52 ",
        "img": "",
        "tags": [
            [
                "Zimtown",
                "/browse/shop-by-brand/zimtown/3734780_1431586_2997776"
            ],
            [
                "Danby",
                "/browse/shop-by-brand/danby/3734780_8307801_4607872"
            ],
            [
                "As Seen on TV Toys",
                "/browse/shop-by-brand/as-seen-tv-toys/3734780_3513393_4755115"
            ],
            [
                "As Seen on TV Tools",
                "/browse/shop-by-brand/as-seen-tv-tools/3734780_3513393_6978096"
            ],
            [
                "Bell and Howell",
                "/browse/shop-by-brand/bell-howell/3734780_3513393_7290397"
            ],
            [
                "Ktaxon",
                "/browse/shop-by-brand/ktaxon/3734780_1431586_7496648"
            ],
            [
                "As Seen on TV Home",
                "/browse/shop-by-brand/as-seen-tv-home/3734780_3513393_9328655"
            ],
            [
                "Shop all As Seen on TV",
                "/browse/shop-by-brand/shop-all-as-seen-tv/3734780_3513393_9367335"
            ]
        ]
    },
    {
        "title": "Magnavox MWD2205 DVD/VCR Combo (refurbished) remote, manual, AV cords included.",
        "url": "https://www.walmart.com/ip/Magnavox-MWD2205-DVD-VCR-Combo-refurbished-remote-manual-AV-cords-included/3639071",
        "price": "$250.49",
        "stars": "3.1",
        "ratings": "14 ",
        "img": "",
        "tags": [
            [
                "DVR & DVD Recorders",
                "/browse/electronics/dvr-dvd-recorders/3944_77622_7549938_1229631_1225174"
            ],
            [
                "LG",
                "/browse/electronics/lg/3944_4131277_1589293"
            ],
            [
                "TV Tuner & Video Capture",
                "/browse/electronics/tv-tuner-video-capture/3944_3951_1073804_164215"
            ],
            [
                "Refurbished TVs",
                "/browse/electronics/refurbished-tvs/3944_1060825_1229815_3304195"
            ],
            [
                "Photo, Video & Music Editing Software",
                "/browse/electronics/photo-video-music-editing-software/3944_3951_7288037_3693337"
            ],
            [
                "Portable DVD Players",
                "/browse/electronics/portable-dvd-players/3944_77622_7549938_1229631_62056"
            ],
            [
                "Home Theater Systems",
                "/browse/electronics/home-theater-systems/3944_77622_7549938_650659"
            ],
            [
                "Sanyo",
                "/browse/electronics/sanyo/3944_4131277_8391664"
            ]
        ]
    },
    {
        "title": "SanDisk Cruzer Blade 16GB USB 2.0 Flash Drive - SDCZ50-016G-B35",
        "url": "https://www.walmart.com/ip/SanDisk-Cruzer-Blade-16GB-USB-2-0-Flash-Drive-SDCZ50-016G-B35/15172549",
        "price": "$6.39",
        "stars": "4.8",
        "ratings": "21 ",
        "img": "i5.walmartimages.com/asr/1b0fc354-8377-4917-8252-463f112b78d0_1.6ba1e6d6a58fc361ea6226f4db45d764.jpeg?odnWidth=612&odnHeight=612&odnBg=ffffff",
        "tags": [
            [
                "Premium Solid State Drives",
                "/browse/electronics/premium-solid-state-drives/3944_3951_4991337_4954263_2052879"
            ],
            [
                "Micro SD Cards",
                "/browse/electronics/micro-sd-cards/3944_133277_132913_63988_4590075"
            ],
            [
                "Hard Drives & Storage",
                "/browse/electronics/hard-drives-storage/3944_3951_1073804_514537"
            ],
            [
                "SD Cards",
                "/browse/electronics/sd-cards/3944_133277_132913_63988_5930264"
            ],
            [
                "Sony",
                "/browse/electronics/sony/3944_4131277_7675262"
            ],
            [
                "onn. Computer Accessories",
                "/browse/electronics/onn-computer-accessories/3944_7838866_3004279_2376133_9826274"
            ]
        ]
    },
    {
        "title": "GE 6-Outlet Power Strip with 2 Ft. Extension Cord, Black, 2 Pack",
        "url": "https://www.walmart.com/ip/GE-6-Outlet-Power-Strip-with-2-Ft-Extension-Cord-Black-2-Pack/487752738",
        "price": "$21.03",
        "stars": "5.0",
        "ratings": "4 ",
        "img": "i5.walmartimages.com/asr/03973998-acaa-4e3b-b44d-33595dbf4bdb_1.699574eec3cbe2c08919c385f6dc06dd.jpeg?odnWidth=612&odnHeight=612&odnBg=ffffff",
        "tags": [
            [
                "Cases & Towers",
                "/browse/electronics/cases-towers/3944_3951_1073804_1023540"
            ],
            [
                "Networking Cables & Accessories",
                "/browse/electronics/networking-cables-accessories/3944_3951_126297_1074144"
            ],
            [
                "Netgear",
                "/browse/electronics/netgear/3944_4131277_3248764"
            ],
            [
                "Smart Outlets",
                "/browse/electronics/smart-outlets/3944_1229875_4592199_1522536_8121412"
            ],
            [
                "Shop All onn.",
                "/browse/electronics/shop-all-onn/3944_7838866_3004279_2376133_9354764"
            ],
            [
                "onn. Computer Accessories",
                "/browse/electronics/onn-computer-accessories/3944_7838866_3004279_2376133_9826274"
            ]
        ]
    },
    {
        "title": "AGPtek NEW USB 2.0 to 2.5\" 3.5\" IDE SATA HDD Hard Drive Converter Adapter Cable + AC Power Adapter",
        "url": "https://www.walmart.com/ip/AGPtek-NEW-USB-2-0-to-2-5-3-5-IDE-SATA-HDD-Hard-Drive-Converter-Adapter-Cable-AC-Power-Adapter/49645278",
        "price": "$18.99",
        "stars": "4.5",
        "ratings": "61 ",
        "img": "i5.walmartimages.com/asr/ffb8383d-75e2-4b38-8443-737d2cd3f8b5_1.c9b436d941b33cd8f09ec15643a7ffd0.jpeg?odnWidth=612&odnHeight=612&odnBg=ffffff",
        "tags": [
            [
                "Hubs & USB Gadgets",
                "/browse/electronics/hubs-usb-gadgets/3944_3951_132959_1074266"
            ],
            [
                "Hard Drive Accessories",
                "/browse/electronics/hard-drive-accessories/3944_3951_1073804_1075964"
            ],
            [
                "Premium Solid State Drives",
                "/browse/electronics/premium-solid-state-drives/3944_3951_4991337_4954263_2052879"
            ],
            [
                "Hard Drives & Storage",
                "/browse/electronics/hard-drives-storage/3944_3951_1073804_514537"
            ],
            [
                "All Computer Cables & Connectors",
                "/browse/electronics/all-computer-cables-connectors/3944_3951_132959_4463_6477783"
            ],
            [
                "USB Computer Cable",
                "/browse/electronics/usb-computer-cable/3944_3951_132959_4463_7257264"
            ],
            [
                "All External Hard Drives",
                "/browse/electronics/all-external-hard-drives/3944_3951_132959_1956376_7955905"
            ]
        ]
    },
    {
        "title": "Clearance! LEADZM 32-70\" Wall Mount Bracket TV Stand TMW798 with Spirit Level",
        "url": "https://www.walmart.com/ip/Clearance-LEADZM-32-70-Wall-Mount-Bracket-TV-Stand-TMW798-with-Spirit-Level/849905899",
        "price": "$17.55",
        "stars": "4.4",
        "ratings": "16 ",
        "img": "i5.walmartimages.com/asr/b3699f37-d1b1-4658-92ad-c136d24e3d3f_1.6f56e3dc304b027011d193102dc6066d.jpeg?odnWidth=612&odnHeight=612&odnBg=ffffff",
        "tags": [
            [
                "Flat Screen TV Stands",
                "/browse/home/flat-screen-tv-stands/4044_103150_635499_1436479"
            ],
            [
                "White TV Stands",
                "/browse/home/white-tv-stands/4044_103150_635499_1458081"
            ],
            [
                "Small Living Room Ideas",
                "/browse/home/small-living-room-ideas/4044_103150_2880259_2662498"
            ],
            [
                "Rustic TV Stands",
                "/browse/home/rustic-tv-stands/4044_103150_635499_3384432"
            ],
            [
                "TV Stands with Storage",
                "/browse/home/tv-stands-with-storage/4044_103150_635499_4530750"
            ],
            [
                "Espresso TV Stands",
                "/browse/home/espresso-tv-stands/4044_103150_635499_8069234"
            ],
            [
                "Oak TV Stands",
                "/browse/home/oak-tv-stands/4044_103150_635499_9413454"
            ],
            [
                "Grey TV Stands",
                "/browse/home/grey-tv-stands/4044_103150_635499_9484707"
            ]
        ]
    }
]