[
    {
        "title": "VanTop Junior K5 Kids Camera, 1080P HD Mini Video Camera for Children w/ 32GB Memory Card, 8MP Selfie Len, 2inch IPS Screen, Card Reader, Carrying Bag, Cartoon Sticker, Lanyard, Pink",
        "url": "https://www.walmart.com/ip/VanTop-Junior-K5-Kids-Camera-1080P-HD-Mini-Video-Camera-Children-w-32GB-Memory-Card-8MP-Selfie-Len-2inch-IPS-Screen-Card-Reader-Carrying-Bag-Cartoon-/520579015",
        "price": "$28.99",
        "stars": "4.8",
        "ratings": "12 ",
        "img": "i5.walmartimages.com/asr/f90b213f-a9b1-4cd7-88af-97dba9285014_1.cc73762c34587af4fc9035abf4801210.jpeg?odnWidth=612&odnHeight=612&odnBg=ffffff",
        "tags": [
            [
                "Electronic Toys",
                "/browse/toys/electronic-toys/4171_1096069_1105959_1096123"
            ],
            [
                "Bilingual Toys",
                "/browse/toys/bilingual-toys/4171_56125_1229855"
            ],
            [
                "VTech Toys",
                "/browse/toys/vtech-toys/4171_3438149_3348821"
            ],
            [
                "Pretend Play Toys for Boys",
                "/browse/toys/pretend-play-toys-for-boys/4171_4173_3613401"
            ],
            [
                "12+ Years",
                "/browse/toys/12-years/4171_2724815_4436782"
            ],
            [
                "Tablets with Parental Control",
                "/browse/toys/tablets-with-parental-control/4171_56125_1095151_8465247"
            ],
            [
                "All Tablets for Kids",
                "/browse/toys/all-tablets-for-kids/4171_56125_1095151_9620487"
            ]
        ]
    },
    {
        "title": "Wii U Gamepad Charger Power Charging Adapter Power Supply Cord AC Adapter And Cable For Wii U Gamepad",
        "url": "https://www.walmart.com/ip/Wii-U-Gamepad-Charger-Power-Charging-Adapter-Power-Supply-Cord-AC-Adapter-And-Cable-For-Wii-U-Gamepad/349541523",
        "price": "$13.29",
        "stars": "4.2",
        "ratings": "28 ",
        "img": "",
        "tags": [
            [
                "Camera Charging and Accessories",
                "/browse/electronics/camera-charging-accessories/3944_133277_132913_1079104"
            ],
            [
                "GoPro Cameras & Accessories",
                "/browse/electronics/gopro-cameras-accessories/3944_133277_1095238"
            ],
            [
                "Sports & Action Camcorders",
                "/browse/electronics/sports-action-camcorders/3944_133277_1100765"
            ],
            [
                "GoPro Accessories",
                "/browse/electronics/gopro-accessories/3944_133277_1230678_1231341"
            ],
            [
                "Camcorder Batteries",
                "/browse/electronics/camcorder-batteries/3944_133277_1231377_1231391"
            ],
            [
                "Nintendo",
                "/browse/electronics/nintendo/3944_4131277_3137068"
            ],
            [
                "GoPro",
                "/browse/electronics/gopro/3944_4131277_4316150"
            ],
            [
                "Other Camera Accessories",
                "/browse/electronics/other-camera-accessories/3944_133277_132913_4539"
            ]
        ]
    },
    {
        "title": "LNKOO Digital Camera for Kids, 1080P FHD Kids Digital Video Camera with 2 Inch IPS Screen and 16GB SD Card Toddler Video Recorder for 3-12 Years Boys Girls Christmas Birthday Gift",
        "url": "https://www.walmart.com/ip/LNKOO-Digital-Camera-Kids-1080P-FHD-Kids-Video-2-Inch-IPS-Screen-16GB-SD-Card-Toddler-Recorder-3-12-Years-Boys-Girls-Christmas-Birthday-Gift/572667690",
        "price": "$19.89",
        "stars": "2.0",
        "ratings": "4 ",
        "img": "i5.walmartimages.com/asr/9a470886-63ef-4d67-8cca-c6b9816dc1de_1.35447fd081b938340348b85f3a5d4930.jpeg?odnWidth=612&odnHeight=612&odnBg=ffffff",
        "tags": [
            [
                "Electronic Toys",
                "/browse/toys/electronic-toys/4171_1096069_1105959_1096123"
            ],
            [
                "Bilingual Toys",
                "/browse/toys/bilingual-toys/4171_56125_1229855"
            ],
            [
                "VTech Toys",
                "/browse/toys/vtech-toys/4171_3438149_3348821"
            ],
            [
                "Pretend Play Toys for Boys",
                "/browse/toys/pretend-play-toys-for-boys/4171_4173_3613401"
            ],
            [
                "12+ Years",
                "/browse/toys/12-years/4171_2724815_4436782"
            ],
            [
                "Tablets with Parental Control",
                "/browse/toys/tablets-with-parental-control/4171_56125_1095151_8465247"
            ],
            [
                "All Tablets for Kids",
                "/browse/toys/all-tablets-for-kids/4171_56125_1095151_9620487"
            ]
        ]
    },
    {
        "title": "Sandisk 32gb CLASS 10 micro SDHC Flash Memory Card",
        "url": "https://www.walmart.com/ip/Sandisk-32gb-CLASS-10-micro-SDHC-Flash-Memory-Card/969396335",
        "price": "$8.59",
        "stars": "5.0",
        "ratings": "1 ",
        "img": "",
        "tags": [
            [
                "Memory Card Readers",
                "/browse/electronics/memory-card-readers/3944_133277_132913_63988_116797"
            ],
            [
                "Nintendo",
                "/browse/electronics/nintendo/3944_4131277_3137068"
            ],
            [
                "Other Camera Accessories",
                "/browse/electronics/other-camera-accessories/3944_133277_132913_4539"
            ],
            [
                "onn. Camera Accessories",
                "/browse/electronics/onn-camera-accessories/3944_133277_132913_4323092_5259738"
            ],
            [
                "USB Flash Drives",
                "/browse/electronics/usb-flash-drives/3944_3951_132959_529295"
            ],
            [
                "SD Cards",
                "/browse/electronics/sd-cards/3944_133277_132913_63988_5930264"
            ],
            [
                "Sony",
                "/browse/electronics/sony/3944_4131277_7675262"
            ]
        ]
    },
    {
        "title": "Insten USB 3.0 Super High Speed All-in-1 Multi Memory Card Reader for Compact Flash / Micro Drive / SD / SDHC / Micro SD / MS / MS Pro / MS Pro Duo / XD Card (USB 3.0 Cable included)",
        "url": "https://www.walmart.com/ip/Insten-USB-3-0-Super-High-Speed-All-in-1-Multi-Memory-Card-Reader-Compact-Flash-Micro-Drive-SD-SDHC-MS-Pro-Duo-XD-USB-Cable-included/41484512",
        "price": "$16.79",
        "stars": "4.0",
        "ratings": "19 ",
        "img": "i5.walmartimages.com/asr/52a5415f-3f3e-4852-8a1a-d31fb15208c0_1.a46c97d0de2839b129f5053e5229fa04.jpeg?odnWidth=612&odnHeight=612&odnBg=ffffff",
        "tags": [
            [
                "Access Points, Hubs & Switches",
                "/browse/electronics/access-points-hubs-switches/3944_3951_126297_1074147"
            ],
            [
                "Hubs & USB Gadgets",
                "/browse/electronics/hubs-usb-gadgets/3944_3951_132959_1074266"
            ],
            [
                "USB Wireless Network Adapters",
                "/browse/electronics/usb-wireless-network-adapters/3944_3951_126297_232899"
            ],
            [
                "Other Camera Accessories",
                "/browse/electronics/other-camera-accessories/3944_133277_132913_4539"
            ],
            [
                "Micro SD Cards",
                "/browse/electronics/micro-sd-cards/3944_133277_132913_63988_4590075"
            ],
            [
                "onn. Camera Accessories",
                "/browse/electronics/onn-camera-accessories/3944_133277_132913_4323092_5259738"
            ],
            [
                "SD Cards",
                "/browse/electronics/sd-cards/3944_133277_132913_63988_5930264"
            ]
        ]
    },
    {
        "title": "Holy Stone HS110G GPS Drone with 1080P Camera for Adults and Beginners 2 Batteries double the Flight Time",
        "url": "https://www.walmart.com/ip/Holy-Stone-HS110G-GPS-Drone-with-1080P-Camera-for-Adults-and-Beginners-2-Batteries-double-the-Flight-Time/933744667",
        "price": "$129.99",
        "stars": "4.2",
        "ratings": "6 ",
        "img": "i5.walmartimages.com/asr/cde1e3b6-8816-4493-9070-bf1758615a2d.555922e765305cace3a11ceac3648410.jpeg?odnWidth=612&odnHeight=612&odnBg=ffffff",
        "tags": [
            [
                "HD Drones",
                "/browse/electronics/hd-drones/3944_5525941_1677970_1837338"
            ],
            [
                "Foldable Drones",
                "/browse/electronics/foldable-drones/3944_5525941_2616723"
            ],
            [
                "Beginner Drones",
                "/browse/electronics/beginner-drones/3944_5525941_4346614_2881959"
            ],
            [
                "RC Drones",
                "/browse/electronics/rc-drones/3944_5525941_6042620"
            ],
            [
                "Intermediate Drones",
                "/browse/electronics/intermediate-drones/3944_5525941_4346614_6345846"
            ],
            [
                "Protocol Drones",
                "/browse/electronics/protocol-drones/3944_5525941_5960206_7986424"
            ],
            [
                "Shop All Drones",
                "/browse/electronics/shop-all-drones/3944_5525941_8120586"
            ],
            [
                "Advanced Drones",
                "/browse/electronics/advanced-drones/3944_5525941_4346614_8463965"
            ]
        ]
    },
    {
        "title": "\"Synergy Digital Camera Battery, Works with Kodak PIXPRO FZ53 Digital Camera, (Li-Ion, 3.7V, 800 mAh) Ultra Hi-Capacity, Compatible with Olympus LI-40B Battery\"",
        "url": "https://www.walmart.com/ip/Synergy-Digital-Camera-Battery-Works-Kodak-PIXPRO-FZ53-Camera-Li-Ion-3-7V-800-mAh-Ultra-Hi-Capacity-Compatible-Olympus-LI-40B-Battery/135321474",
        "price": "$8.95",
        "stars": "1.0",
        "ratings": "1 ",
        "img": "i5.walmartimages.com/asr/9654c475-0caa-4c09-a9f6-738babf7107a_1.2c26ac4f57055155ef2d437394360023.jpeg?odnWidth=612&odnHeight=612&odnBg=ffffff",
        "tags": [
            [
                "GoPro Cameras & Accessories",
                "/browse/electronics/gopro-cameras-accessories/3944_133277_1095238"
            ],
            [
                "GoPro Accessories",
                "/browse/electronics/gopro-accessories/3944_133277_1230678_1231341"
            ],
            [
                "Camcorder Batteries",
                "/browse/electronics/camcorder-batteries/3944_133277_1231377_1231391"
            ],
            [
                "GoPro",
                "/browse/electronics/gopro/3944_4131277_4316150"
            ],
            [
                "Indoor Security Cameras",
                "/browse/electronics/indoor-security-cameras/3944_1229875_6357978_5718781_9232158_4993152"
            ],
            [
                "Arlo Security Cameras",
                "/browse/electronics/arlo-security-cameras/3944_1229875_6357978_5718781_9232158_9316834"
            ],
            [
                "Other Camcorder Accessories",
                "/browse/electronics/other-camcorder-accessories/3944_133277_1231377_978699"
            ],
            [
                "Nikon",
                "/browse/electronics/nikon/3944_4131277_9909765"
            ]
        ]
    },
    {
        "title": "Wireless Mini WIFI IP Camera Home Outdoor Security Camera Night Vision HD 1080P",
        "url": "https://www.walmart.com/ip/Wireless-Mini-WIFI-IP-Camera-Home-Outdoor-Security-Camera-Night-Vision-HD-1080P/304218342",
        "price": "$16.38",
        "stars": "1.0",
        "ratings": "1 ",
        "img": "",
        "tags": [
            [
                "Surveillance Cameras",
                "/browse/electronics/surveillance-cameras/3944_133277_1224850"
            ],
            [
                "Outdoor Security Cameras",
                "/browse/electronics/outdoor-security-cameras/3944_1229875_6357978_5718781_9232158_1780229"
            ],
            [
                "Wireless Cameras",
                "/browse/electronics/wireless-cameras/3944_1229875_6357978_5718781_9232158_2852655"
            ],
            [
                "Smart Pet Monitors",
                "/browse/electronics/smart-pet-monitors/3944_1229875_6357978_5718781_3074078_3218445"
            ],
            [
                "Indoor Security Cameras",
                "/browse/electronics/indoor-security-cameras/3944_1229875_6357978_5718781_9232158_4993152"
            ],
            [
                "Smart Security Cameras",
                "/browse/electronics/smart-security-cameras/3944_1229875_6357978_5718781_9232158_7064887"
            ],
            [
                "Smart Home Kits",
                "/browse/electronics/smart-home-kits/3944_1229875_9098006_8290395"
            ]
        ]
    },
    {
        "title": "Jot & Mark Recipe Cards Floral Double Sided 4x6 inch, 50 Count (Pink Peonies)",
        "url": "https://www.walmart.com/ip/Jot-Mark-Recipe-Cards-Floral-Double-Sided-4x6-inch-50-Count-Pink-Peonies/581279959",
        "price": "$9.99",
        "stars": "4.9",
        "ratings": "27 ",
        "img": "i5.walmartimages.com/asr/2c11fa49-b771-4eac-b4af-2d2696f272d5_2.8f15e869fed735cc6b0b801f067cc7fb.png?odnWidth=612&odnHeight=612&odnBg=ffffff",
        "tags": [
            [
                "Shop Notebooks by Brand",
                "/browse/office-supplies/shop-notebooks-by-brand/1229749_4796182_1044271"
            ],
            [
                "Shop School Supplies by Color",
                "/browse/office-supplies/shop-school-supplies-by-color/1229749_1086045_4305904"
            ],
            [
                "Office Bulk Buys",
                "/browse/office-bulk-buys/1229749_4875429"
            ],
            [
                "Cardstock",
                "/browse/office-supplies/cardstock/1229749_6562796_5537573"
            ],
            [
                "Copy & Multipurpose Paper",
                "/browse/office-supplies/copy-multipurpose-paper/1229749_6562796_7518152"
            ],
            [
                "Index Cards",
                "/browse/office-supplies/index-cards/1229749_6562796_8833558"
            ],
            [
                "Sheet Protectors",
                "/browse/office-supplies/sheet-protectors/1229749_5093993_9447143"
            ],
            [
                "All Spiral Notebooks",
                "/browse/office-supplies/all-spiral-notebooks/1229749_4796182_2714026_9639353"
            ]
        ]
    },
    {
        "title": "\"GE 36407 Cordless Phone Battery Ni-MH 1X2AAA/D, 2.4 Volt, 750 mAh - Ultra Hi-Capacity - Replacement for Rechargeable Battery\"",
        "url": "https://www.walmart.com/ip/GE-36407-Cordless-Phone-Battery-Ni-MH-1X2AAA-D-2-4-Volt-750-mAh-Ultra-Hi-Capacity-Replacement-for-Rechargeable-Battery/364854074",
        "price": "$5.95",
        "stars": "5.0",
        "ratings": "1 ",
        "img": "",
        "tags": [
            [
                "Camera Charging and Accessories",
                "/browse/electronics/camera-charging-accessories/3944_133277_132913_1079104"
            ],
            [
                "GoPro Cameras & Accessories",
                "/browse/electronics/gopro-cameras-accessories/3944_133277_1095238"
            ],
            [
                "Sports & Action Camcorders",
                "/browse/electronics/sports-action-camcorders/3944_133277_1100765"
            ],
            [
                "GoPro Accessories",
                "/browse/electronics/gopro-accessories/3944_133277_1230678_1231341"
            ],
            [
                "Camcorder Batteries",
                "/browse/electronics/camcorder-batteries/3944_133277_1231377_1231391"
            ],
            [
                "GoPro",
                "/browse/electronics/gopro/3944_4131277_4316150"
            ],
            [
                "Other Camera Accessories",
                "/browse/electronics/other-camera-accessories/3944_133277_132913_4539"
            ],
            [
                "onn. Telephone Accessories",
                "/browse/electronics/onn-telephone-accessories/3944_7838866_3004279_2376133_9766217_7104531"
            ]
        ]
    }
]