[
    {
        "title": "onn. HDMI to Composite AV Adapter",
        "url": "https://www.walmart.com/ip/onn-HDMI-to-Composite-AV-Adapter/438464292",
        "price": "$14.88",
        "stars": "4.1",
        "ratings": "55 ",
        "img": "i5.walmartimages.com/asr/e6394f61-467d-4ec4-a30b-cd231b726b1f.48d1eb5889865061ba9382f1be6b1ed7.jpeg?odnWidth=612&odnHeight=612&odnBg=ffffff",
        "tags": [
            [
                "Digital TV Converters",
                "/browse/electronics/digital-tv-converters/3944_1060825_133270_1070524"
            ],
            [
                "Speaker Cables & Connectors",
                "/browse/electronics/speaker-cables-connectors/3944_77622_8375901_1230415_1230431_1076626"
            ],
            [
                "RCA",
                "/browse/electronics/rca/3944_4131277_1776549"
            ],
            [
                "HDMI Cables",
                "/browse/electronics/hdmi-cables/3944_1060825_133270_7412812_3534100"
            ],
            [
                "TV Cables & Connectors",
                "/browse/electronics/tv-cables-connectors/3944_1060825_133270_4537"
            ],
            [
                "onn. TV & Video Accessories",
                "/browse/electronics/onn-tv-video-accessories/3944_7838866_3004279_2376133_9766217_6428762"
            ],
            [
                "HDMI to RCA",
                "/browse/electronics/hdmi-to-rca/3944_1060825_133270_8423982"
            ],
            [
                "onn. Computer Accessories",
                "/browse/electronics/onn-computer-accessories/3944_7838866_3004279_2376133_9826274"
            ]
        ]
    },
    {
        "title": "VIZIO SB3651-E6C-RB (SB3651-E6) 36\" 5.1 Home Theater Sound Bar System with 5\" Subwoofer and Digial Amplifier (Certified Refurbished)",
        "url": "https://www.walmart.com/ip/VIZIO-SB3651-E6C-RB-SB3651-E6-36-5-1-Home-Theater-Sound-Bar-System-with-5-Subwoofer-and-Digial-Amplifier-Certified-Refurbished/308494367",
        "price": "$129.99",
        "stars": "4.1",
        "ratings": "67 ",
        "img": "i5.walmartimages.com/asr/99df101c-9e0e-448c-a085-48c21c440e99_1.45371d090f14357f177a2d38363a4468.jpeg?odnWidth=612&odnHeight=612&odnBg=ffffff",
        "tags": [
            [
                "Surround Sound Speakers Systems",
                "/browse/electronics/surround-sound-speakers-systems/3944_77622_1172172"
            ],
            [
                "4K Ultra HDTVs",
                "/browse/electronics/4k-ultra-hdtvs/3944_1060825_3289709_1180168"
            ],
            [
                "Smart TVs",
                "/browse/electronics/smart-tvs/3944_1060825_1229815_1229817"
            ],
            [
                "Wireless Home Speakers",
                "/browse/electronics/wireless-home-speakers/3944_77622_8375901_1230415_1230429"
            ],
            [
                "VIZIO",
                "/browse/electronics/vizio/3944_4131277_2035783"
            ],
            [
                "Smart Speakers",
                "/browse/electronics/smart-speakers/3944_96469_5325946"
            ],
            [
                "Home Theater Systems",
                "/browse/electronics/home-theater-systems/3944_77622_7549938_650659"
            ],
            [
                "Speaker Systems",
                "/browse/electronics/speaker-systems/3944_77622_8375901_1230415_78837"
            ]
        ]
    },
    {
        "title": "PNY 128GB Elite Class 10 U1 microSD Flash Memory Card",
        "url": "https://www.walmart.com/ip/PNY-128GB-Elite-Class-10-U1-microSD-Flash-Memory-Card/112517307",
        "price": "$19.99",
        "stars": "4.4",
        "ratings": "233 ",
        "img": "",
        "tags": [
            [
                "Surveillance Cameras",
                "/browse/electronics/surveillance-cameras/3944_133277_1224850"
            ],
            [
                "Wireless Cameras",
                "/browse/electronics/wireless-cameras/3944_1229875_6357978_5718781_9232158_2852655"
            ],
            [
                "Surveillance Equipment",
                "/browse/surveillance-equipment/3944_47600"
            ],
            [
                "Indoor Security Cameras",
                "/browse/electronics/indoor-security-cameras/3944_1229875_6357978_5718781_9232158_4993152"
            ],
            [
                "onn. Camera Accessories",
                "/browse/electronics/onn-camera-accessories/3944_133277_132913_4323092_5259738"
            ],
            [
                "SD Cards",
                "/browse/electronics/sd-cards/3944_133277_132913_63988_5930264"
            ],
            [
                "Smart Security Cameras",
                "/browse/electronics/smart-security-cameras/3944_1229875_6357978_5718781_9232158_7064887"
            ]
        ]
    },
    {
        "title": "TV Wall Mount Bracket for 37 - 70 inch LED, LCD, OLED and Plasma Flat Screen TVs |",
        "url": "https://www.walmart.com/ip/TV-Wall-Mount-Bracket-for-37-70-inch-LED-LCD-OLED-and-Plasma-Flat-Screen-TVs/158558835",
        "price": "$19.99",
        "stars": "4.9",
        "ratings": "16 ",
        "img": "i5.walmartimages.com/asr/871446c3-c3b4-4a8f-a4c2-1d178a854bd1_1.f9e7a0177f2f3b28c0f48ab7aef53566.jpeg?odnWidth=612&odnHeight=612&odnBg=ffffff",
        "tags": [
            [
                "4K Ultra HDTVs",
                "/browse/electronics/4k-ultra-hdtvs/3944_1060825_3289709_1180168"
            ],
            [
                "LED TVs",
                "/browse/electronics/led-tvs/3944_1060825_1229815_1229821"
            ],
            [
                "RCA",
                "/browse/electronics/rca/3944_4131277_1776549"
            ],
            [
                "All TVs",
                "/browse/electronics/all-tvs/3944_1060825_447913"
            ],
            [
                "onn. TV & Video Accessories",
                "/browse/electronics/onn-tv-video-accessories/3944_7838866_3004279_2376133_9766217_6428762"
            ],
            [
                "4K HDR TVs",
                "/browse/electronics/4k-hdr-tvs/3944_1060825_1229815_6853163"
            ],
            [
                "Roku TVs",
                "/browse/electronics/roku-tvs/3944_1060825_1229815_9085580"
            ],
            [
                "Shop All onn.",
                "/browse/electronics/shop-all-onn/3944_7838866_3004279_2376133_9354764"
            ]
        ]
    },
    {
        "title": "10.2\" LED Selfie Ring Light with Tripod Stand & Phone Holder Remote Control - Dimmable Desk Makeup Ring Light with 3 Light Modes & 10 Brightness Level for Photography/Shooting/Live Streaming",
        "url": "https://www.walmart.com/ip/10-2-LED-Selfie-Ring-Light-Tripod-Stand-Phone-Holder-Remote-Control-Dimmable-Desk-Makeup-3-Modes-10-Brightness-Level-Photography-Shooting-Live-Stream/346575259",
        "price": "$25.99",
        "stars": "5.0",
        "ratings": "33 ",
        "img": "i5.walmartimages.com/asr/f4761523-15fe-4ffc-bb37-1d7d0dbb9140.0c228c91e3c5829b503ec41657fd43f6.jpeg?odnWidth=612&odnHeight=612&odnBg=ffffff",
        "tags": [
            [
                "All String Lights",
                "/browse/home/all-string-lights/4044_133012_133113_8132195_1765413"
            ],
            [
                "LED Strip Lights",
                "/browse/home/led-strip-lights/4044_133012_133113_8132195_3766565"
            ],
            [
                "Shop All Novelty Lights",
                "/browse/home/shop-all-novelty-lights/4044_133012_133113_8132195_4953307"
            ],
            [
                "Shop All Desk Lamps by Color",
                "/browse/home/shop-all-desk-lamps-by-color/4044_133012_133113_4887881_6171890_2170299_5011261"
            ],
            [
                "Night Lights",
                "/browse/home/night-lights/4044_133012_133113_5290384"
            ],
            [
                "Shop All Night Lights",
                "/browse/home/shop-all-night-lights/4044_133012_133113_9240383_6193995"
            ],
            [
                "Under Cabinet Lighting",
                "/browse/home/under-cabinet-lighting/4044_133012_133113_7746950"
            ],
            [
                "Shop All Desk Lamps by Finish",
                "/browse/home/shop-all-desk-lamps-by-finish/4044_133012_133113_4887881_6171890_5607606_8919148"
            ]
        ]
    },
    {
        "title": "Ematic Tablet Accessory Kit with Bluetooth Speaker",
        "url": "https://www.walmart.com/ip/Ematic-Tablet-Accessory-Kit-with-Bluetooth-Speaker/55639004",
        "price": "$4.99",
        "stars": "4.0",
        "ratings": "334 ",
        "img": "i5.walmartimages.com/asr/1e599ee6-6370-40d2-9732-e22cd32a1695_1.f4d7f1d06e4a51bd7bbb71bdec29be6e.jpeg?odnWidth=612&odnHeight=612&odnBg=ffffff",
        "tags": [
            [
                "All Tablets",
                "/browse/electronics/all-tablets/3944_1078524_1078084"
            ],
            [
                "Samsung Galaxy Tab Accessories",
                "/browse/electronics/samsung-galaxy-tab-accessories/3944_1078524_1225368_1225161"
            ],
            [
                "All RCA Tablets",
                "/browse/electronics/all-rca-tablets/3944_1078524_3119922_3870383_4358455"
            ],
            [
                "7 Inch RCA Tablets",
                "/browse/electronics/7-inch-rca-tablets/3944_1078524_3119922_3870383_5422035"
            ],
            [
                "All Android Tablets",
                "/browse/electronics/all-android-tablets/3944_1078524_1231200_6908210"
            ],
            [
                "7 Inch Android Tablets",
                "/browse/electronics/7-inch-android-tablets/3944_1078524_1231200_8046628"
            ],
            [
                "Cases",
                "/browse/electronics/cases/3944_1078524_1225368_9395320"
            ]
        ]
    },
    {
        "title": "Merkury Innovations 4.9a 4 Usb Wall Charger",
        "url": "https://www.walmart.com/ip/Merkury-Innovations-4-9a-4-Usb-Wall-Charger/965288055",
        "price": "$15.84",
        "stars": "1.8",
        "ratings": "5 ",
        "img": "i5.walmartimages.com/asr/a73ddb8c-b2cd-424b-87b2-07b21c83f127.0f377592288774a27f9fc0d50bfc67ed.jpeg?odnWidth=612&odnHeight=612&odnBg=ffffff",
        "tags": [
            [
                "Anker Phone Accessories",
                "/browse/cell-phones/anker-phone-accessories/1105910_133161_9140496_2667046"
            ],
            [
                "Belkin Phone Chargers",
                "/browse/cell-phones/belkin-phone-chargers/1105910_133161_1072306_5297453_7127998"
            ],
            [
                "All Phone Chargers",
                "/browse/cell-phones/all-phone-chargers/1105910_133161_1072306_7133056"
            ],
            [
                "Anker Power Banks",
                "/browse/cell-phones/anker-power-banks/1105910_133161_1087421_7686734"
            ],
            [
                "Belkin Phone Cables",
                "/browse/cell-phones/belkin-phone-cables/1105910_133161_6842958_4335636_7787918"
            ],
            [
                "Belkin Phone Adapter and Cables",
                "/browse/cell-phones/belkin-phone-adapter-cables/1105910_133161_9140496_1930230_8194306"
            ]
        ]
    },
    {
        "title": "Ematic EMC62HD 6-Feet High-Speed HDMI 1080p Cables (2 Pack)",
        "url": "https://www.walmart.com/ip/Ematic-EMC62HD-6-Feet-High-Speed-HDMI-1080p-Cables-2-Pack/20510668",
        "price": "$6.95",
        "stars": "4.7",
        "ratings": "455 ",
        "img": "i5.walmartimages.com/asr/4419981a-2f02-4e39-988b-881032a068eb_1.b4f3d60837deac8928af965ca1ae120d.jpeg?odnWidth=612&odnHeight=612&odnBg=ffffff",
        "tags": [
            [
                "Digital TV Converters",
                "/browse/electronics/digital-tv-converters/3944_1060825_133270_1070524"
            ],
            [
                "Speaker Cables & Connectors",
                "/browse/electronics/speaker-cables-connectors/3944_77622_8375901_1230415_1230431_1076626"
            ],
            [
                "LED TVs",
                "/browse/electronics/led-tvs/3944_1060825_1229815_1229821"
            ],
            [
                "HDMI Splitters",
                "/browse/electronics/hdmi-splitters/3944_1060825_133270_7412812_1746474"
            ],
            [
                "TV Cables & Connectors",
                "/browse/electronics/tv-cables-connectors/3944_1060825_133270_4537"
            ],
            [
                "onn. TV & Video Accessories",
                "/browse/electronics/onn-tv-video-accessories/3944_7838866_3004279_2376133_9766217_6428762"
            ],
            [
                "Only at Walmart Electronics",
                "/browse/electronics/only-at-walmart-electronics/3944_7838866_7148103"
            ],
            [
                "Sceptre",
                "/browse/electronics/sceptre/3944_4131277_9297591"
            ]
        ]
    },
    {
        "title": "New Remote replacement for ROKU 1/2/3/4 Express/Premiere/Ultra with 4 Shortcut",
        "url": "https://www.walmart.com/ip/New-Remote-replacement-for-ROKU-1-2-3-4-Express-Premiere-Ultra-with-4-Shortcut/149156216",
        "price": "$6.50",
        "stars": "3.8",
        "ratings": "4 ",
        "img": "i5.walmartimages.com/asr/9d5e7643-156a-4178-8c28-75873f5d6119.8e256645129258d5d40cc86f87262927.jpeg?odnWidth=612&odnHeight=612&odnBg=ffffff",
        "tags": []
    },
    {
        "title": "SanDisk 32GB SDHC Flash Memory Card - C4, SD Card - SDSDB-032G-B35",
        "url": "https://www.walmart.com/ip/SanDisk-32GB-SDHC-Flash-Memory-Card-C4-SD-Card-SDSDB-032G-B35/15908203",
        "price": "$9.99",
        "stars": "4.7",
        "ratings": "49 ",
        "img": "",
        "tags": [
            [
                "Father's Day Electronics",
                "/browse/seasonal/fathers-day-electronics/1085632_1094344_2365074"
            ],
            [
                "Connected Dorm Room",
                "/browse/seasonal/connected-dorm-room/1085632_8174172_6292484_2548864"
            ],
            [
                "Tax Free Apparel Tech & School Supplies",
                "/browse/tax-free-apparel-tech-school-supplies/1085632_3096686"
            ],
            [
                "Mother's Day Electronics Gifts",
                "/browse/seasonal/mothers-day-electronics-gifts/1085632_1093554_5742102"
            ],
            [
                "Tax Free Shop All",
                "/browse/tax-free-shop-all/1085632_6767877"
            ],
            [
                "Electronics Gifts for Grads",
                "/browse/seasonal/electronics-gifts-for-grads/1085632_1105121_7594959"
            ],
            [
                "Computer Accessories",
                "/browse/seasonal/computer-accessories/1085632_8174172_6292484_7986245"
            ],
            [
                "Cameras",
                "/browse/seasonal/cameras/1085632_8174172_6292484_9650662"
            ]
        ]
    }
]