[
    {
        "title": "DJI Mavic Air Quadcopter with Remote Controller (Arctic White) - DJI REFURBISHED",
        "url": "https://www.walmart.com/ip/DJI-Mavic-Air-Quadcopter-with-Remote-Controller-Arctic-White-DJI-REFURBISHED/456882326",
        "price": "$639.00",
        "stars": 0,
        "ratings": 0,
        "img": "",
        "tags": [
            [
                "Drones with Cameras",
                "/browse/electronics/drones-with-cameras/3944_133277_1231385"
            ],
            [
                "Foldable Drones",
                "/browse/electronics/foldable-drones/3944_5525941_2616723"
            ],
            [
                "Beginner Drones",
                "/browse/electronics/beginner-drones/3944_5525941_4346614_2881959"
            ],
            [
                "All Drones with Cameras",
                "/browse/electronics/all-drones-with-cameras/3944_5525941_1677970_3044927"
            ],
            [
                "DJI Drones",
                "/browse/electronics/dji-drones/3944_5525941_5960206_3976514"
            ],
            [
                "Intermediate Drones",
                "/browse/electronics/intermediate-drones/3944_5525941_4346614_6345846"
            ],
            [
                "Shop All Drones",
                "/browse/electronics/shop-all-drones/3944_5525941_8120586"
            ],
            [
                "Advanced Drones",
                "/browse/electronics/advanced-drones/3944_5525941_4346614_8463965"
            ]
        ]
    },
    {
        "title": "DJI Mavic Air Fly More Combo (Arctic White) Drone Combo 4K Wi-Fi Quadcopter with Remote Controller Mobile Go Bundle with Backpack VR Goggles Landing Pad 16GB Card and HD Filter Kit",
        "url": "https://www.walmart.com/ip/DJI-Mavic-Air-Fly-More-Combo-Arctic-White-Drone-4K-Wi-Fi-Quadcopter-Remote-Controller-Mobile-Go-Bundle-Backpack-VR-Goggles-Landing-Pad-16GB-Card-HD-F/600937965",
        "price": "$699.00",
        "stars": "4.8",
        "ratings": "13 ",
        "img": "i5.walmartimages.com/asr/20baa4d6-bea3-4d0f-980c-b2701b6e9dee_1.95209d8dbcbbf417c55fe90a031c6662.jpeg?odnWidth=612&odnHeight=612&odnBg=ffffff",
        "tags": [
            [
                "Panasonic Cameras",
                "/browse/electronics/panasonic-cameras/3944_133277_1231331_1231339"
            ],
            [
                "Drones with Cameras",
                "/browse/electronics/drones-with-cameras/3944_133277_1231385"
            ],
            [
                "Foldable Drones",
                "/browse/electronics/foldable-drones/3944_5525941_2616723"
            ],
            [
                "Beginner Drones",
                "/browse/electronics/beginner-drones/3944_5525941_4346614_2881959"
            ],
            [
                "All Drones with Cameras",
                "/browse/electronics/all-drones-with-cameras/3944_5525941_1677970_3044927"
            ],
            [
                "DJI Drones",
                "/browse/electronics/dji-drones/3944_5525941_5960206_3976514"
            ],
            [
                "Intermediate Drones",
                "/browse/electronics/intermediate-drones/3944_5525941_4346614_6345846"
            ],
            [
                "Advanced Drones",
                "/browse/electronics/advanced-drones/3944_5525941_4346614_8463965"
            ]
        ]
    },
    {
        "title": "KF608 RC Drone for Beginner Mini RC Drone Quadcopter Altitude Holding Headless Mode 3D Rolling Speed Switch for Kids Gift",
        "url": "https://www.walmart.com/ip/KF608-RC-Drone-for-Beginner-Mini-RC-Drone-Quadcopter-Altitude-Holding-Headless-Mode-3D-Rolling-Speed-Switch-for-Kids-Gift/443174858",
        "price": "$22.79",
        "stars": "1.0",
        "ratings": "1 ",
        "img": "i5.walmartimages.com/asr/e54a0d9f-f497-409f-a05f-58a5d2af6423_1.5e58f350894d82fd6fbac7372f592090.jpeg?odnWidth=612&odnHeight=612&odnBg=ffffff",
        "tags": [
            [
                "RC Drones with Cameras",
                "/browse/toys/rc-drones-with-cameras/4171_1111647_3436383_1587680"
            ],
            [
                "All Vehicles",
                "/browse/toys/all-vehicles/4171_1111647_2819545"
            ],
            [
                "Sky Rider Drones",
                "/browse/toys/sky-rider-drones/4171_1111647_3436383_3449553"
            ],
            [
                "RC Drones by Brand",
                "/browse/toys/rc-drones-by-brand/4171_1111647_3436383_3791844"
            ],
            [
                "RC Helicopters & Planes",
                "/browse/toys/rc-helicopters-planes/4171_1111647_3436383_5213267"
            ],
            [
                "Planes & Helicopters",
                "/browse/toys/planes-helicopters/4171_1111647_5741670"
            ],
            [
                "Toy Drones by Price",
                "/browse/toys/toy-drones-by-price/4171_1111647_3436383_5814447"
            ],
            [
                "Toys for Kids 12 Years & Up",
                "/browse/toys/toys-for-kids-12-years-up/4171_3318550_1077724_6922509"
            ]
        ]
    },
    {
        "title": "FPV Drone 720P HD Camera Live Video GPS Return Home, RC Quadcopter Adults Beginners Brushless Motor, Follow Me, Black",
        "url": "https://www.walmart.com/ip/FPV-Drone-720P-HD-Camera-Live-Video-GPS-Return-Home-RC-Quadcopter-Adults-Beginners-Brushless-Motor-Follow-Me-Black/550463846",
        "price": "$68.49",
        "stars": "1.0",
        "ratings": "1 ",
        "img": "i5.walmartimages.com/asr/15cd6798-578a-4117-a782-b3301fe46def_1.99dad54b8dacfc63cfcade131db61232.jpeg?odnWidth=612&odnHeight=612&odnBg=ffffff",
        "tags": [
            [
                "HD Drones",
                "/browse/electronics/hd-drones/3944_5525941_1677970_1837338"
            ],
            [
                "Foldable Drones",
                "/browse/electronics/foldable-drones/3944_5525941_2616723"
            ],
            [
                "Beginner Drones",
                "/browse/electronics/beginner-drones/3944_5525941_4346614_2881959"
            ],
            [
                "RC Drones",
                "/browse/electronics/rc-drones/3944_5525941_6042620"
            ],
            [
                "Intermediate Drones",
                "/browse/electronics/intermediate-drones/3944_5525941_4346614_6345846"
            ],
            [
                "Shop All Drones",
                "/browse/electronics/shop-all-drones/3944_5525941_8120586"
            ],
            [
                "Advanced Drones",
                "/browse/electronics/advanced-drones/3944_5525941_4346614_8463965"
            ],
            [
                "Nano Drones",
                "/browse/electronics/nano-drones/3944_5525941_8713344"
            ]
        ]
    },
    {
        "title": "Alta 2-Pack Racers Quadcopter RC Drone 2.4GHz Remote Control - Blue and Red",
        "url": "https://www.walmart.com/ip/Alta-2-Pack-Racers-Quadcopter-RC-Drone-2-4GHz-Remote-Control-Blue-and-Red/308719503",
        "price": "$34.99",
        "stars": 0,
        "ratings": 0,
        "img": "i5.walmartimages.com/asr/dedaec82-dc2b-48b1-b6b5-643ffea539fc_1.02c6cca8a21385bc5850fdfc0ea864dd.jpeg?odnWidth=612&odnHeight=612&odnBg=ffffff",
        "tags": [
            [
                "Connected Dorm Room",
                "/browse/seasonal/connected-dorm-room/1085632_8174172_6292484_2548864"
            ],
            [
                "Tax Free Apparel Tech & School Supplies",
                "/browse/tax-free-apparel-tech-school-supplies/1085632_3096686"
            ],
            [
                "Tax Free Apparel & School Supplies",
                "/browse/tax-free-apparel-school-supplies/1085632_4861825"
            ],
            [
                "Mother's Day Electronics Gifts",
                "/browse/seasonal/mothers-day-electronics-gifts/1085632_1093554_5742102"
            ],
            [
                "Audio",
                "/browse/seasonal/audio/1085632_8174172_6292484_5759323"
            ],
            [
                "Tax Free Shop All",
                "/browse/tax-free-shop-all/1085632_6767877"
            ],
            [
                "Electronics Gifts for Grads",
                "/browse/seasonal/electronics-gifts-for-grads/1085632_1105121_7594959"
            ],
            [
                "Last Minute Gifts",
                "/browse/last-minute-gifts/1085632_7803702"
            ]
        ]
    },
    {
        "title": "2021 GD89 PRO RC Drone with Camera 4K Camera Optical Flow Mode Dual Camera Auto Avoid Obstacle Track Flight Gravity Sensor, Headless Mode 3D Flip RC Quadcopter for Adults Kids",
        "url": "https://www.walmart.com/ip/2021-GD89-PRO-RC-Drone-Camera-4K-Optical-Flow-Mode-Dual-Auto-Avoid-Obstacle-Track-Flight-Gravity-Sensor-Headless-3D-Flip-Quadcopter-Adults-Kids/731453892",
        "price": "$66.00",
        "stars": 0,
        "ratings": 0,
        "img": "",
        "tags": []
    },
    {
        "title": "Drone for Kids, Easy to Fly, Ultra Stable Dragon Drone with 6 Axis Gyro, 2.4Ghz, with Full Protective Circle. (TR-D4)",
        "url": "https://www.walmart.com/ip/Drone-for-Kids-Easy-to-Fly-Ultra-Stable-Dragon-Drone-with-6-Axis-Gyro-2-4Ghz-with-Full-Protective-Circle-TR-D4/520677097",
        "price": "$37.62",
        "stars": "3.0",
        "ratings": "1 ",
        "img": "",
        "tags": [
            [
                "Drones with Cameras",
                "/browse/electronics/drones-with-cameras/3944_133277_1231385"
            ],
            [
                "Beginner Drones",
                "/browse/electronics/beginner-drones/3944_5525941_4346614_2881959"
            ],
            [
                "All Drones with Cameras",
                "/browse/electronics/all-drones-with-cameras/3944_5525941_1677970_3044927"
            ],
            [
                "Intermediate Drones",
                "/browse/electronics/intermediate-drones/3944_5525941_4346614_6345846"
            ],
            [
                "Stunt Drone",
                "/browse/electronics/stunt-drone/3944_5525941_7868570"
            ],
            [
                "Shop All Drones",
                "/browse/electronics/shop-all-drones/3944_5525941_8120586"
            ],
            [
                "Advanced Drones",
                "/browse/electronics/advanced-drones/3944_5525941_4346614_8463965"
            ],
            [
                "Nano Drones",
                "/browse/electronics/nano-drones/3944_5525941_8713344"
            ]
        ]
    },
    {
        "title": "Skin For Swagtron T580 Pop Culture Collection",
        "url": "https://www.walmart.com/ip/Skin-For-Swagtron-T580-Pop-Culture-Collection/772504557",
        "price": "$19.99",
        "stars": 0,
        "ratings": 0,
        "img": "i5.walmartimages.com/asr/089d01c2-7078-4827-a6f0-c6929a1834ea.b1a01080c266d04864c42f0af3c9e054.jpeg?odnWidth=612&odnHeight=612&odnBg=ffffff",
        "tags": [
            [
                "All Hoverboards",
                "/browse/toys/all-hoverboards/4171_133073_6774653_3545894_2310222"
            ],
            [
                "Razor Hoverboards",
                "/browse/toys/razor-hoverboards/4171_133073_6774653_3545894_3247132"
            ],
            [
                "Bluetooth Hoverboards",
                "/browse/toys/bluetooth-hoverboards/4171_133073_6774653_3545894_4437736"
            ],
            [
                "Electric Transportation",
                "/browse/toys/electric-transportation/4171_133073_6221094"
            ],
            [
                "Toys for Kids 8 to 11 Years",
                "/browse/toys/toys-for-kids-8-to-11-years/4171_3318550_617942_8104028"
            ],
            [
                "Hoverboards for Boys",
                "/browse/toys/hoverboards-for-boys/4171_1228478_3172813_9197705"
            ],
            [
                "Hoverboards for Girls",
                "/browse/toys/hoverboards-for-girls/4171_1228477_3574057_9929790"
            ]
        ]
    },
    {
        "title": "MJX B4W Bugs 4W Brushless RC Drone with Camera 4K 5G WIFI FPV Optical Positioning Drone Foldable Quadcopter Follow Me Altitude Hold Drone with 2 Battery Handbag",
        "url": "https://www.walmart.com/ip/MJX-B4W-Bugs-4W-Brushless-RC-Drone-Camera-4K-5G-WIFI-FPV-Optical-Positioning-Foldable-Quadcopter-Follow-Me-Altitude-Hold-2-Battery-Handbag/762693228",
        "price": "$240.39",
        "stars": 0,
        "ratings": 0,
        "img": "i5.walmartimages.com/asr/32606b43-6697-45dd-a0b3-482c06c42344.09ac0e5be06634ec5dc63006b7ddac97.jpeg?odnWidth=612&odnHeight=612&odnBg=ffffff",
        "tags": []
    },
    {
        "title": "Swift Stream RC Z-9 12.4 inch Wi-Fi Camera Drone",
        "url": "https://www.walmart.com/ip/Swift-Stream-RC-Z-9-12-4-inch-Wi-Fi-Camera-Drone/47467265",
        "price": "$140.33",
        "stars": "2.9",
        "ratings": "7 ",
        "img": "i5.walmartimages.com/asr/bc2b1e32-b8ed-4a4a-98c7-154fffd16563_1.db82fd5d66f8b6ab984e82a0da40b655.jpeg?odnWidth=612&odnHeight=612&odnBg=ffffff",
        "tags": [
            [
                "RC Toys by Price",
                "/browse/toys/rc-toys-by-price/4171_1111647_3436383_1341660"
            ],
            [
                "RC Drones with Cameras",
                "/browse/toys/rc-drones-with-cameras/4171_1111647_3436383_1587680"
            ],
            [
                "RC Toys by Vehicle Type",
                "/browse/toys/rc-toys-by-vehicle-type/4171_1111647_3436383_2702261"
            ],
            [
                "RC Drones by Brand",
                "/browse/toys/rc-drones-by-brand/4171_1111647_3436383_3791844"
            ],
            [
                "Holy Stone Drones",
                "/browse/toys/holy-stone-drones/4171_1111647_3436383_4785173"
            ],
            [
                "Toy Drones by Price",
                "/browse/toys/toy-drones-by-price/4171_1111647_3436383_5814447"
            ],
            [
                "RC Toys by Brand",
                "/browse/toys/rc-toys-by-brand/4171_1111647_3436383_8304402"
            ],
            [
                "RC Cars",
                "/browse/toys/rc-cars/4171_1111647_8787282"
            ]
        ]
    }
]