[
    {
        "title": "TSV Lazy Cell Phone Holder, Universal Phone Holder to Wear Around Neck, Flexible Lazy Bracket Free Rotating with Long Arms, Smart Mobile Phone Tablet Mount Stand fit for 4.7 to 10 in Devices",
        "url": "https://www.walmart.com/ip/TSV-Lazy-Cell-Phone-Holder-Universal-Holder-Wear-Around-Neck-Flexible-Bracket-Free-Rotating-Long-Arms-Smart-Mobile-Tablet-Mount-Stand-fit-4-7-10-Devi/834334907",
        "price": "$8.97",
        "stars": "3.0",
        "ratings": "2 ",
        "img": "i5.walmartimages.com/asr/7b1df6c8-1bd1-40f8-87ca-8b74696c9c5a.659a7aeccd400cd53f271b96edb0afb4.jpeg?odnWidth=612&odnHeight=612&odnBg=ffffff",
        "tags": []
    },
    {
        "title": "Bluetooth 5.0 Transmitter and Receiver, EEEkit Low Latency Wireless Audio Adapter for 3.5mm Stereo, Bluetooth Transmitter for TV, Aux Bluetooth for Car/Home Stereo System",
        "url": "https://www.walmart.com/ip/Bluetooth-5-0-Transmitter-Receiver-EEEkit-Low-Latency-Wireless-Audio-Adapter-3-5mm-Stereo-TV-Aux-Car-Home-Stereo-System/160144959",
        "price": "$11.97",
        "stars": "4.3",
        "ratings": "6 ",
        "img": "i5.walmartimages.com/asr/7baa5a25-89b9-4ffe-be27-262abda02dd7_1.c3a923700341c6cc6c046a7e1aedc536.jpeg?odnWidth=612&odnHeight=612&odnBg=ffffff",
        "tags": [
            [
                "Portable Audio",
                "/browse/electronics/portable-audio/3944_96469_1037719"
            ],
            [
                "Networking Cables & Accessories",
                "/browse/electronics/networking-cables-accessories/3944_3951_126297_1074144"
            ],
            [
                "Access Points, Hubs & Switches",
                "/browse/electronics/access-points-hubs-switches/3944_3951_126297_1074147"
            ],
            [
                "Wireless Range Extenders & Repeaters",
                "/browse/electronics/wireless-range-extenders-repeaters/3944_3951_126297_1224967"
            ],
            [
                "SIRIUS XM Satellite Radio",
                "/browse/electronics/sirius-xm-satellite-radio/3944_133251_133254_232876"
            ],
            [
                "SIRIUS XM Satellite Radio Accessories",
                "/browse/electronics/sirius-xm-satellite-radio-accessories/3944_133251_133254_234511"
            ],
            [
                "Receivers & Amplifiers",
                "/browse/electronics/receivers-amplifiers/3944_77622_8375901_96890_4478"
            ],
            [
                "onn. Audio",
                "/browse/electronics/onn-audio/3944_7838866_3004279_2376133_4993563"
            ]
        ]
    },
    {
        "title": "Alumium Magnetic Mount Phone Holder Car Dashboad GPS Bracket Stand For Phone",
        "url": "https://www.walmart.com/ip/Alumium-Magnetic-Mount-Phone-Holder-Car-Dashboad-GPS-Bracket-Stand-For-Phone/797063255",
        "price": "$6.98",
        "stars": "3.7",
        "ratings": "3 ",
        "img": "i5.walmartimages.com/asr/79d8bab8-dc64-4929-abb8-992aedb5b937_1.00e742ff1d00dd002d5f095a9651205d.jpeg?odnWidth=612&odnHeight=612&odnBg=ffffff",
        "tags": [
            [
                "Vent Phone Car Holders",
                "/browse/cell-phones/vent-phone-car-holders/1105910_133161_1072308_4199608_2779850"
            ],
            [
                "Scosche Phone Car Holders",
                "/browse/cell-phones/scosche-phone-car-holders/1105910_133161_1072308_1847750_4320346"
            ],
            [
                "Dashboard Phone Car Holders",
                "/browse/cell-phones/dashboard-phone-car-holders/1105910_133161_1072308_4199608_4598354"
            ],
            [
                "Cup Phone Car Holders",
                "/browse/cell-phones/cup-phone-car-holders/1105910_133161_1072308_4199608_4958877"
            ],
            [
                "All Phone Car Holders",
                "/browse/cell-phones/all-phone-car-holders/1105910_133161_1072308_5978976"
            ],
            [
                "Windshield Phone Car Holders",
                "/browse/cell-phones/windshield-phone-car-holders/1105910_133161_1072308_4199608_9023686"
            ],
            [
                "Wireless Charging Phone Car Holder",
                "/browse/cell-phones/wireless-charging-phone-car-holder/1105910_133161_1072308_4199608_9478662"
            ]
        ]
    },
    {
        "title": "Scosche FMT5 Battery Powered FM Transmitter with 20 Presets",
        "url": "https://www.walmart.com/ip/Scosche-FMT5-Battery-Powered-FM-Transmitter-with-20-Presets/409847741",
        "price": "$13.84",
        "stars": "2.4",
        "ratings": "8 ",
        "img": "",
        "tags": [
            [
                "Portable Audio",
                "/browse/electronics/portable-audio/3944_96469_1037719"
            ],
            [
                "Networking Cables & Accessories",
                "/browse/electronics/networking-cables-accessories/3944_3951_126297_1074144"
            ],
            [
                "Access Points, Hubs & Switches",
                "/browse/electronics/access-points-hubs-switches/3944_3951_126297_1074147"
            ],
            [
                "Wireless Range Extenders & Repeaters",
                "/browse/electronics/wireless-range-extenders-repeaters/3944_3951_126297_1224967"
            ],
            [
                "SIRIUS XM Satellite Radio",
                "/browse/electronics/sirius-xm-satellite-radio/3944_133251_133254_232876"
            ],
            [
                "SIRIUS XM Satellite Radio Accessories",
                "/browse/electronics/sirius-xm-satellite-radio-accessories/3944_133251_133254_234511"
            ],
            [
                "Receivers & Amplifiers",
                "/browse/electronics/receivers-amplifiers/3944_77622_8375901_96890_4478"
            ],
            [
                "onn. Audio",
                "/browse/electronics/onn-audio/3944_7838866_3004279_2376133_4993563"
            ]
        ]
    },
    {
        "title": "TSV Wireless Bluetooth 5.0 Headphones Foldable Earphones Stereo Headset Mic with 3.5mm AUX Audio Cable, Telescopic Rechargeable Stereo Headset w/ USB Cable Support up to 32G TF Card (Black/Red/Blue)",
        "url": "https://www.walmart.com/ip/TSV-Wireless-Bluetooth-5-0-Headphones-Foldable-Earphones-Stereo-Headset-Mic-3-5mm-AUX-Audio-Cable-Telescopic-Rechargeable-w-USB-Cable-Support-32G-TF-/900462839",
        "price": "$17.97",
        "stars": "5.0",
        "ratings": "1 ",
        "img": "i5.walmartimages.com/asr/0bf5845f-ee92-4591-becf-d20ce4821f82.c783295abac526d1d2cc4714ac1fb323.jpeg?odnWidth=612&odnHeight=612&odnBg=ffffff",
        "tags": [
            [
                "Earbuds and In-ear Headphones",
                "/browse/electronics/earbuds-in-ear-headphones/3944_133251_1095191_1230614_1230476"
            ],
            [
                "Over-Ear and On-Ear Headphones",
                "/browse/electronics/over-ear-on-ear-headphones/3944_133251_1095191_1230614_1230477"
            ],
            [
                "Wireless and Bluetooth Headphones",
                "/browse/electronics/wireless-bluetooth-headphones/3944_133251_1095191_1230614_1230478"
            ],
            [
                "All PC Microphones",
                "/browse/electronics/all-pc-microphones/3944_3951_132959_645320_424722"
            ],
            [
                "Electronics Tax Time",
                "/browse/electronics-tax-time/3944_4439225"
            ],
            [
                "All PC Headsets",
                "/browse/electronics/all-pc-headsets/3944_3951_132959_6834263_6829460_5849297"
            ],
            [
                "Noise Cancelling Headphones",
                "/browse/electronics/noise-cancelling-headphones/3944_133251_1095191_1230614_6051360"
            ]
        ]
    },
    {
        "title": "LG P715 Cell Phone Car Adapter Replacement USB Car Charger DC Power Adapter - White",
        "url": "https://www.walmart.com/ip/LG-P715-Cell-Phone-Car-Adapter-Replacement-USB-Car-Charger-DC-Power-Adapter-White/932238114",
        "price": "$4.95",
        "stars": "5.0",
        "ratings": "3 ",
        "img": "",
        "tags": [
            [
                "All Phone Cables",
                "/browse/cell-phones/all-phone-cables/1105910_133161_6842958_1413855"
            ],
            [
                "Apple Phone Chargers",
                "/browse/cell-phones/apple-phone-chargers/1105910_133161_1072306_5297453_5115891"
            ],
            [
                "iPhone Adapter and Cables",
                "/browse/cell-phones/iphone-adapter-cables/1105910_133161_1024881_6193872"
            ],
            [
                "onn. Phone Chargers and Power Adapters",
                "/browse/cell-phones/onn-phone-chargers-power-adapters/1105910_133161_9140496_9417970_6509643"
            ],
            [
                "Phone Wall Power Adapters",
                "/browse/cell-phones/phone-wall-power-adapters/1105910_133161_7453243_7991519"
            ],
            [
                "Car Chargers",
                "/browse/cell-phones/car-chargers/1105910_133161_1072306_9376562"
            ]
        ]
    },
    {
        "title": "onn. USB-C Car Charger",
        "url": "https://www.walmart.com/ip/onn-USB-C-Car-Charger/197076455",
        "price": "$7.88",
        "stars": "4.6",
        "ratings": "19 ",
        "img": "i5.walmartimages.com/asr/6900023f-e1e8-4cd2-9a0e-26484855d6db.0b7b92cec9fb4135ea20d18ad94e9c6b.jpeg?odnWidth=612&odnHeight=612&odnBg=ffffff",
        "tags": [
            [
                "Cables & Connectors",
                "/browse/electronics/cables-connectors/3944_96469_133271_1072824"
            ],
            [
                "Earbuds and In-ear Headphones",
                "/browse/electronics/earbuds-in-ear-headphones/3944_133251_1095191_1230614_1230476"
            ],
            [
                "onn. Phone Cables",
                "/browse/electronics/onn-phone-cables/3944_7838866_3004279_2376133_9766217_1898577"
            ],
            [
                "onn. Phone & Cellphone Accessories",
                "/browse/electronics/onn-phone-cellphone-accessories/3944_7838866_3004279_2376133_4966163"
            ],
            [
                "All Computer Cables & Connectors",
                "/browse/electronics/all-computer-cables-connectors/3944_3951_132959_4463_6477783"
            ],
            [
                "Only at Walmart Electronics",
                "/browse/electronics/only-at-walmart-electronics/3944_7838866_7148103"
            ],
            [
                "onn. Computer Accessories",
                "/browse/electronics/onn-computer-accessories/3944_7838866_3004279_2376133_9826274"
            ]
        ]
    },
    {
        "title": "Universal 360\u2103 Car Rearview Mirror Mount Stand Holder Cradle For Cell Phone GPS",
        "url": "https://www.walmart.com/ip/Universal-360-Car-Rearview-Mirror-Mount-Stand-Holder-Cradle-For-Cell-Phone-GPS/855149002",
        "price": "$9.98",
        "stars": "5.0",
        "ratings": "1 ",
        "img": "i5.walmartimages.com/asr/34e0ffca-7d34-434b-8fb0-b4044d334004_1.792da2fbaf6bc2e02693a62e94df6769.jpeg?odnWidth=612&odnHeight=612&odnBg=ffffff",
        "tags": []
    },
    {
        "title": "EEEkit 2020 Model Mini GPS Tracker for Vehicles, Global Portable Real Time GPS Tracking Device for Seniors, Kids, Cars, Vehicle, Bicycles, Tracking, Travel",
        "url": "https://www.walmart.com/ip/EEEkit-2020-Model-Mini-GPS-Tracker-Vehicles-Global-Portable-Real-Time-Tracking-Device-Seniors-Kids-Cars-Vehicle-Bicycles-Tracking-Travel/509145224",
        "price": "$10.77",
        "stars": 0,
        "ratings": 0,
        "img": "i5.walmartimages.com/asr/724ae5b7-b17c-4279-a4ec-9c7178ddd05e.1184b22f729735128ce1196dc4da19ad.jpeg?odnWidth=612&odnHeight=612&odnBg=ffffff",
        "tags": [
            [
                "Auto GPS Units",
                "/browse/electronics/auto-gps-units/3944_538883_1005539"
            ],
            [
                "IFTTT Compatible",
                "/browse/electronics/ifttt-compatible/3944_1229875_3363825_1528848"
            ],
            [
                "All Garmin Products",
                "/browse/all-garmin-products/3944_2441148"
            ],
            [
                "Garmin GPS",
                "/browse/electronics/garmin-gps/3944_538883_3175447"
            ],
            [
                "GPS Trackers",
                "/browse/electronics/gps-trackers/3944_538883_3658397"
            ],
            [
                "Handheld GPS Units",
                "/browse/electronics/handheld-gps-units/3944_538883_538886"
            ],
            [
                "Google Home Compatible",
                "/browse/electronics/google-home-compatible/3944_1229875_3363825_7103376"
            ],
            [
                "Only at Walmart Electronics",
                "/browse/electronics/only-at-walmart-electronics/3944_7838866_7148103"
            ]
        ]
    },
    {
        "title": "Cell Phone Holder Gooseneck Mount - Flexible Arm 360 Mount Clip Bracket Clamp Stand Used For Bed, Desktop for iPhone X/8/7/6/6s Samsung S8/S7",
        "url": "https://www.walmart.com/ip/Cell-Phone-Holder-Gooseneck-Mount-Flexible-Arm-360-Mount-Clip-Bracket-Clamp-Stand-Used-For-Bed-Desktop-for-iPhone-X-8-7-6-6s-Samsung-S8-S7/482921024",
        "price": "$7.98",
        "stars": 0,
        "ratings": 0,
        "img": "",
        "tags": []
    }
]