[
    {
        "title": "Refurbished Apple iPhone X 64GB, Space Gray - Unlocked GSM",
        "url": "https://www.walmart.com/ip/Refurbished-Apple-iPhone-X-64GB-Space-Gray-Unlocked-GSM/328278852",
        "price": "$379.89",
        "stars": "3.9",
        "ratings": "76 ",
        "img": "",
        "tags": [
            [
                "Father's Day Electronics",
                "/browse/seasonal/fathers-day-electronics/1085632_1094344_2365074"
            ],
            [
                "Shop All Glass",
                "/browse/seasonal/shop-all-glass/1085632_1071204_4976191"
            ],
            [
                "Mother's Day Electronics Gifts",
                "/browse/seasonal/mothers-day-electronics-gifts/1085632_1093554_5742102"
            ],
            [
                "Audio",
                "/browse/seasonal/audio/1085632_8174172_6292484_5759323"
            ],
            [
                "Electronics Gifts for Grads",
                "/browse/seasonal/electronics-gifts-for-grads/1085632_1105121_7594959"
            ],
            [
                "Last Minute Gifts",
                "/browse/last-minute-gifts/1085632_7803702"
            ],
            [
                "Kids Cell Phones",
                "/browse/seasonal/kids-cell-phones/1085632_1071204_7767149_8639519_5522582_9208321_8173792"
            ],
            [
                "Trending Sellers",
                "/browse/trending-sellers/1085632_9958442"
            ]
        ]
    },
    {
        "title": "Refurbished Apple iPhone 6 16GB, Silver - Unlocked",
        "url": "https://www.walmart.com/ip/Refurbished-Apple-iPhone-6-16GB-Silver-Unlocked/53970805",
        "price": "$109.97",
        "stars": "3.1",
        "ratings": "61 ",
        "img": "i5.walmartimages.com/asr/de96acd2-cd43-4271-8b87-148248fb6d2b_1.0258e903a823340eac1f2d6dd56fa2f0.jpeg?odnWidth=612&odnHeight=612&odnBg=ffffff",
        "tags": [
            [
                "Refurbished Phones",
                "/browse/refurbished-phones/1105910_1159786"
            ],
            [
                "All iPhones",
                "/browse/cell-phones/all-iphones/1105910_7551331_1127173_1231258"
            ],
            [
                "Refurbished iPhone 6S",
                "/browse/cell-phones/refurbished-iphone-6s/1105910_7551331_1127173_4907762_3485458"
            ],
            [
                "Apple iOS Unlocked Phones",
                "/browse/cell-phones/apple-ios-unlocked-phones/1105910_1231203_1231204_5874259"
            ],
            [
                "All AT&T Phones",
                "/browse/cell-phones/all-att-phones/1105910_3253219_7892706_7058892"
            ],
            [
                "Refurbished iPhone 6 Plus",
                "/browse/cell-phones/refurbished-iphone-6-plus/1105910_7551331_1127173_4907762_7253288"
            ]
        ]
    },
    {
        "title": "3 in 1 Lighting/Micro USB/Type-C to HDMI Cable, Digital Audio Mirror Mobile Phone Screen to TV Projector Monitor 1080P HDTV Adapter for iOS and Android Devices(Silver), I0438",
        "url": "https://www.walmart.com/ip/3-1-Lighting-Micro-USB-Type-C-HDMI-Cable-Digital-Audio-Mirror-Mobile-Phone-Screen-TV-Projector-Monitor-1080P-HDTV-Adapter-iOS-Android-Devices-Silver-/253498790",
        "price": "$19.99",
        "stars": "2.9",
        "ratings": "56 ",
        "img": "i5.walmartimages.com/asr/f610aaa8-f8b6-440b-9b27-7bbd55c3330d_1.8423b6634f95648c8b09df7db2f0eac4.jpeg?odnWidth=612&odnHeight=612&odnBg=ffffff",
        "tags": [
            [
                "Micro USB Cable",
                "/browse/cell-phones/micro-usb-cable/1105910_133161_1072306_5756081_2033340"
            ],
            [
                "iPhone HDMI cable",
                "/browse/cell-phones/iphone-hdmi-cable/1105910_133161_6842958_2854665_4788462"
            ],
            [
                "Jack Adapters",
                "/browse/cell-phones/jack-adapters/1105910_133161_7453243_5399465"
            ],
            [
                "iPhone Adapter and Cables",
                "/browse/cell-phones/iphone-adapter-cables/1105910_133161_1024881_6193872"
            ],
            [
                "Apple Phone Cables",
                "/browse/cell-phones/apple-phone-cables/1105910_133161_6842958_4335636_7121255"
            ],
            [
                "Lightning Cable",
                "/browse/cell-phones/lightning-cable/1105910_133161_1072306_1791370_8216443"
            ],
            [
                "All Phone Adapters",
                "/browse/cell-phones/all-phone-adapters/1105910_133161_7453243_9946018"
            ]
        ]
    },
    {
        "title": "Afflux 6FT USB Type C Cable Fast Charging Cable USB-C Type-C 3.1 Data Sync Charger Cable Cord For Samsung Galaxy S8 S8 Plus Nexus 5X 6P OnePlus 2 3 LG G5 G6 V20 HTC M10 Google Pixel XL Black",
        "url": "https://www.walmart.com/ip/Afflux-6FT-USB-Type-C-Cable-Fast-Charging-USB-C-Type-C-3-1-Data-Sync-Charger-Cord-For-Samsung-Galaxy-S8-Plus-Nexus-5X-6P-OnePlus-2-3-LG-G5-G6-V20-HTC/964372783",
        "price": "$4.99",
        "stars": "3.6",
        "ratings": "43 ",
        "img": "i5.walmartimages.com/asr/5ac6d34b-7d81-4123-9dfd-179cace128d7_1.e78c5943eec03641f4c61e40823b3470.jpeg?odnWidth=612&odnHeight=612&odnBg=ffffff",
        "tags": [
            [
                "All Phone Cables",
                "/browse/cell-phones/all-phone-cables/1105910_133161_6842958_1413855"
            ],
            [
                "Micro USB Cable",
                "/browse/cell-phones/micro-usb-cable/1105910_133161_1072306_5756081_2033340"
            ],
            [
                "All Phone Chargers",
                "/browse/cell-phones/all-phone-chargers/1105910_133161_1072306_7133056"
            ],
            [
                "Belkin Phone Cables",
                "/browse/cell-phones/belkin-phone-cables/1105910_133161_6842958_4335636_7787918"
            ],
            [
                "USB-C Charging Cable",
                "/browse/cell-phones/usb-c-charging-cable/1105910_133161_1072306_5756081_8180603"
            ],
            [
                "Belkin Phone Adapter and Cables",
                "/browse/cell-phones/belkin-phone-adapter-cables/1105910_133161_9140496_1930230_8194306"
            ]
        ]
    },
    {
        "title": "Car Phone Mount, EEEKit Universal Cell Phone Holder Car Cup Holder Mount for iPhone 11/11 Pro Xs Max R X 8 Plus Samsung Galaxy S9 S8 Edge S7 LG Sony and More",
        "url": "https://www.walmart.com/ip/Car-Phone-Mount-EEEKit-Universal-Cell-Holder-Cup-Mount-iPhone-11-11-Pro-Xs-Max-R-X-8-Plus-Samsung-Galaxy-S9-S8-Edge-S7-LG-Sony-More/677159896",
        "price": "$9.97",
        "stars": "4.6",
        "ratings": "45 ",
        "img": "i5.walmartimages.com/asr/eb85d786-d9c6-424f-bbea-de24553e68cc_1.25469afa95b14da8a6502c3cbe12fbbc.jpeg?odnWidth=612&odnHeight=612&odnBg=ffffff",
        "tags": [
            [
                "Vent Phone Car Holders",
                "/browse/cell-phones/vent-phone-car-holders/1105910_133161_1072308_4199608_2779850"
            ],
            [
                "Scosche Phone Car Holders",
                "/browse/cell-phones/scosche-phone-car-holders/1105910_133161_1072308_1847750_4320346"
            ],
            [
                "Dashboard Phone Car Holders",
                "/browse/cell-phones/dashboard-phone-car-holders/1105910_133161_1072308_4199608_4598354"
            ],
            [
                "All Phone Car Holders",
                "/browse/cell-phones/all-phone-car-holders/1105910_133161_1072308_5978976"
            ],
            [
                "iOttie Phone Car Holders",
                "/browse/cell-phones/iottie-phone-car-holders/1105910_133161_1072308_1847750_6974002"
            ],
            [
                "Magnetic Phone Car Holders",
                "/browse/cell-phones/magnetic-phone-car-holders/1105910_133161_1072308_4199608_8887794"
            ],
            [
                "Windshield Phone Car Holders",
                "/browse/cell-phones/windshield-phone-car-holders/1105910_133161_1072308_4199608_9023686"
            ],
            [
                "Mpow Phone Car Holders",
                "/browse/cell-phones/mpow-phone-car-holders/1105910_133161_1072308_1847750_9756648"
            ]
        ]
    },
    {
        "title": "onn. Dual-Port Car Charger, Black",
        "url": "https://www.walmart.com/ip/onn-Dual-Port-Car-Charger-Black/769674613",
        "price": "$7.88",
        "stars": "4.6",
        "ratings": "20 ",
        "img": "i5.walmartimages.com/asr/f3cf7e54-1bd9-4be3-abd5-ccb8d2ce9756.6b1fed804ba0125bb668b1c634787df0.jpeg?odnWidth=612&odnHeight=612&odnBg=ffffff",
        "tags": [
            [
                "4K Ultra HDTVs",
                "/browse/electronics/4k-ultra-hdtvs/3944_1060825_3289709_1180168"
            ],
            [
                "Smart TVs",
                "/browse/electronics/smart-tvs/3944_1060825_1229815_1229817"
            ],
            [
                "LED TVs",
                "/browse/electronics/led-tvs/3944_1060825_1229815_1229821"
            ],
            [
                "onn. Phone Cables",
                "/browse/electronics/onn-phone-cables/3944_7838866_3004279_2376133_9766217_1898577"
            ],
            [
                "onn. Phone & Cellphone Accessories",
                "/browse/electronics/onn-phone-cellphone-accessories/3944_7838866_3004279_2376133_4966163"
            ],
            [
                "TV Mounts",
                "/browse/electronics/tv-mounts/3944_1060825_133270_581514"
            ],
            [
                "Roku TVs",
                "/browse/electronics/roku-tvs/3944_1060825_1229815_9085580"
            ],
            [
                "onn. Computer Accessories",
                "/browse/electronics/onn-computer-accessories/3944_7838866_3004279_2376133_9826274"
            ]
        ]
    },
    {
        "title": "UV Light Sanitizer Wand, Handheld Waterproof UV Lamp Sterilizer for Hotel Hotel Household Wardrobe Toilet Car Pet Area, Travel Size Air Purifier",
        "url": "https://www.walmart.com/ip/UV-Light-Sanitizer-Wand-Handheld-Waterproof-UV-Lamp-Sterilizer-for-Hotel-Hotel-Household-Wardrobe-Toilet-Car-Pet-Area-Travel-Size-Air-Purifier/869508803",
        "price": "$25.99",
        "stars": "4.3",
        "ratings": "13 ",
        "img": "i5.walmartimages.com/asr/db77152e-093f-442d-ae69-cdcff85a081f.da4b57a77f0ea3867b4460c4f4d6c3d6.jpeg?odnWidth=612&odnHeight=612&odnBg=ffffff",
        "tags": [
            [
                "Best Cordless Vacuums",
                "/browse/home/best-cordless-vacuums/4044_90548_4047_2937675"
            ],
            [
                "Best Handheld Vacuums",
                "/browse/home/best-handheld-vacuums/4044_90548_4047_3081955"
            ],
            [
                "Handheld Vacuums",
                "/browse/home/handheld-vacuums/4044_90548_4047_4764"
            ],
            [
                "Cordless Vacuums",
                "/browse/home/cordless-vacuums/4044_90548_4047_5775266"
            ],
            [
                "Best Handheld Cordless Vacuums",
                "/browse/home/best-handheld-cordless-vacuums/4044_90548_4047_7631374"
            ],
            [
                "Shop All Table Lamps by Color",
                "/browse/home/shop-all-table-lamps-by-color/4044_133012_133113_4887881_6619106_2844858_8311417"
            ],
            [
                "Shop All Table Lamps",
                "/browse/home/shop-all-table-lamps/4044_133012_133113_4887881_6619106_8862815"
            ],
            [
                "Shop All Table Lamps by Material",
                "/browse/home/shop-all-table-lamps-by-material/4044_133012_133113_4887881_6619106_8131348_9892179"
            ]
        ]
    },
    {
        "title": "OtterBox Defender Series Case for Samsung Galaxy S9 Plus, Black",
        "url": "https://www.walmart.com/ip/OtterBox-Defender-Series-Case-for-Samsung-Galaxy-S9-Plus-Black/745327001",
        "price": "$16.99",
        "stars": "5.0",
        "ratings": "4 ",
        "img": "",
        "tags": [
            [
                "Bumper Phone Cases",
                "/browse/cell-phones/bumper-phone-cases/1105910_133161_1997952_5447121_1341526"
            ],
            [
                "Phone Cases with Stand",
                "/browse/cell-phones/phone-cases-with-stand/1105910_133161_1997952_3341734_3002820"
            ],
            [
                "Galaxy S9 Cases",
                "/browse/cell-phones/galaxy-s9-cases/1105910_133161_1997952_7579365_4725617_3894809"
            ],
            [
                "Otterbox Galaxy S9+ Cases",
                "/browse/cell-phones/otterbox-galaxy-s9-cases/1105910_133161_1997952_3726920_4783047_8584826_3925918"
            ],
            [
                "All Otterbox Phone Cases",
                "/browse/cell-phones/all-otterbox-phone-cases/1105910_133161_1997952_3726920_4783047_5935854"
            ],
            [
                "Galaxy S9 Plus Cases",
                "/browse/cell-phones/galaxy-s9-plus-cases/1105910_133161_1997952_7579365_4725617_9033886"
            ],
            [
                "Rugged Phone Cases",
                "/browse/cell-phones/rugged-phone-cases/1105910_133161_1997952_5447121_9150120"
            ]
        ]
    },
    {
        "title": "Samsung Galaxy A11 Phone Case, Dual Layers [Combo Holster] And Built-In Kickstand Hybird Shockproof (Red)",
        "url": "https://www.walmart.com/ip/Samsung-Galaxy-A11-Phone-Case-Dual-Layers-Combo-Holster-And-Built-In-Kickstand-Hybird-Shockproof-Red/576442404",
        "price": "$8.99",
        "stars": "5.0",
        "ratings": "6 ",
        "img": "i5.walmartimages.com/asr/d185a8b8-b5cf-435d-ac62-0bfa9a1b9276.bd99514a8cc47cb91f9b0623ed20bd7d.jpeg?odnWidth=612&odnHeight=612&odnBg=ffffff",
        "tags": [
            [
                "Phone Cases with Stand",
                "/browse/cell-phones/phone-cases-with-stand/1105910_133161_1997952_3341734_3002820"
            ],
            [
                "Slim Phone Cases",
                "/browse/cell-phones/slim-phone-cases/1105910_133161_1997952_5447121_3802968"
            ],
            [
                "Fashion Phone Cases",
                "/browse/cell-phones/fashion-phone-cases/1105910_133161_1997952_5447121_6032570"
            ],
            [
                "All Phone Cases",
                "/browse/cell-phones/all-phone-cases/1105910_133161_1997952_7954087"
            ],
            [
                "Scratch Resistant Phone Cases",
                "/browse/cell-phones/scratch-resistant-phone-cases/1105910_133161_1997952_3341734_9085952"
            ],
            [
                "Rugged Phone Cases",
                "/browse/cell-phones/rugged-phone-cases/1105910_133161_1997952_5447121_9150120"
            ],
            [
                "Holster Phone Cases",
                "/browse/cell-phones/holster-phone-cases/1105910_133161_1997952_5447121_9898236"
            ]
        ]
    },
    {
        "title": "Smart Watch for Kids - Kid GPS Tracker with Phone Smartwatch for Boys Girls 3-12 Years Old with Two-Way Call SOS Anti-Lost Games Camera, Child Cellphone Watch School Class Gifts",
        "url": "https://www.walmart.com/ip/Smart-Watch-Kids-Kid-GPS-Tracker-Phone-Smartwatch-Boys-Girls-3-12-Years-Old-Two-Way-Call-SOS-Anti-Lost-Games-Camera-Child-Cellphone-School-Class-Gift/307459640",
        "price": "$12.98",
        "stars": "2.4",
        "ratings": "42 ",
        "img": "i5.walmartimages.com/asr/5cc9cf01-1967-4bd8-a380-ad6cb1e2f247_1.3bce0cb445596809bfcea13906760bd1.jpeg?odnWidth=612&odnHeight=612&odnBg=ffffff",
        "tags": [
            [
                "Heart Rate Monitors",
                "/browse/sports-outdoors/heart-rate-monitors/4125_4134_1078104_1078145"
            ],
            [
                "Fitness Trackers",
                "/browse/sports-outdoors/fitness-trackers/4125_4134_1229723_1225106"
            ],
            [
                "Garmin Fitness Trackers",
                "/browse/sports-outdoors/garmin-fitness-trackers/4125_4134_1229723_1641039"
            ],
            [
                "Smart Watch Accessories",
                "/browse/sports-outdoors/smart-watch-accessories/4125_4134_1229723_5081915"
            ],
            [
                "Fitbit Charge",
                "/browse/sports-outdoors/fitbit-charge/4125_4134_1229723_5635313_5808080"
            ],
            [
                "Fitbit Versa",
                "/browse/sports-outdoors/fitbit-versa/4125_4134_1229723_5635313_6806839"
            ],
            [
                "All Fitbits",
                "/browse/sports-outdoors/all-fitbits/4125_4134_1229723_5635313_9170763"
            ]
        ]
    }
]
