[
    {
        "title": "Logitech Webcam VGA-Quality Video with Built-In Mic C170",
        "url": "https://www.walmart.com/ip/Logitech-Webcam-VGA-Quality-Video-with-Built-In-Mic-C170/22562358",
        "price": "$19.61",
        "stars": "4.2",
        "ratings": "119 ",
        "img": "",
        "tags": [
            [
                "All Portable Speakers",
                "/browse/electronics/all-portable-speakers/3944_96469_133271_1072784"
            ],
            [
                "Computer Speakers",
                "/browse/electronics/computer-speakers/3944_3951_132959_645320_132902"
            ],
            [
                "All Camcorders",
                "/browse/electronics/all-camcorders/3944_133277_4549"
            ],
            [
                "Webcam Privacy Covers",
                "/browse/electronics/webcam-privacy-covers/3944_3951_1089430_1230184_7005593"
            ],
            [
                "Webcams",
                "/browse/electronics/webcams/3944_1229875_6357978_5718781_9232158_7208431"
            ],
            [
                "Speaker Systems",
                "/browse/electronics/speaker-systems/3944_77622_8375901_1230415_78837"
            ]
        ]
    },
    {
        "title": "Cell Phone Cases For 6.1\" iPhone XR, Njjex Liquid Silicone Gel Rubber Shockproof Case Ultra Thin Fit iPhone XR Case Slim Matte Surface Cover For Apple iPhone XR 2018 -Pink",
        "url": "https://www.walmart.com/ip/Cell-Phone-Cases-For-6-1-iPhone-XR-Njjex-Liquid-Silicone-Gel-Rubber-Shockproof-Case-Ultra-Thin-Fit-XR-Slim-Matte-Surface-Cover-Apple-2018-Pink/734902267",
        "price": "$5.98",
        "stars": "4.0",
        "ratings": "43 ",
        "img": "i5.walmartimages.com/asr/3dcc01f1-eba7-4fa8-a403-8c8f57dbc98a_1.c9d5af38beacdec5bcaef88b91e2c69f.jpeg?odnWidth=612&odnHeight=612&odnBg=ffffff",
        "tags": [
            [
                "Clear Phone Cases",
                "/browse/cell-phones/clear-phone-cases/1105910_133161_1997952_9694638_1420631"
            ],
            [
                "iPhone XR Cases",
                "/browse/cell-phones/iphone-xr-cases/1105910_133161_1997952_7579365_4213955_3020556"
            ],
            [
                "Slim Phone Cases",
                "/browse/cell-phones/slim-phone-cases/1105910_133161_1997952_5447121_3802968"
            ],
            [
                "iPhone X Cases",
                "/browse/cell-phones/iphone-x-cases/1105910_133161_1997952_7579365_4213955_5059798"
            ],
            [
                "Dust Proof Phone Cases",
                "/browse/cell-phones/dust-proof-phone-cases/1105910_133161_1997952_3341734_5141479"
            ],
            [
                "iPhone XS Cases",
                "/browse/cell-phones/iphone-xs-cases/1105910_133161_1997952_7579365_4213955_5300019"
            ],
            [
                "Fashion Phone Cases",
                "/browse/cell-phones/fashion-phone-cases/1105910_133161_1997952_5447121_6032570"
            ],
            [
                "iPhone XS Max Cases",
                "/browse/cell-phones/iphone-xs-max-cases/1105910_133161_1997952_7579365_4213955_7658846"
            ]
        ]
    },
    {
        "title": "Insten 7-Port USB Hub with ON / OFF Switch Adapter LED Light (+ 5V Power Adapter 2A AC Wall ) - Black",
        "url": "https://www.walmart.com/ip/Insten-7-Port-USB-Hub-with-ON-OFF-Switch-Adapter-LED-Light-5V-Power-Adapter-2A-AC-Wall-Black/416534268",
        "price": "$9.99",
        "stars": "3.8",
        "ratings": "48 ",
        "img": "i5.walmartimages.com/asr/fa62f63a-0c22-43f9-8e4c-b0a416a9f168_1.9bb42a2721f868b0f6082df10197217b.jpeg?odnWidth=612&odnHeight=612&odnBg=ffffff",
        "tags": [
            [
                "Access Points, Hubs & Switches",
                "/browse/electronics/access-points-hubs-switches/3944_3951_126297_1074147"
            ],
            [
                "Docking Stations & Locks",
                "/browse/electronics/docking-stations-locks/3944_3951_132959_1074164"
            ],
            [
                "Hubs & USB Gadgets",
                "/browse/electronics/hubs-usb-gadgets/3944_3951_132959_1074266"
            ],
            [
                "Camera Charging and Accessories",
                "/browse/electronics/camera-charging-accessories/3944_133277_132913_1079104"
            ],
            [
                "Blackweb Computer Accessories & Peripherals",
                "/browse/electronics/blackweb-computer-accessories-peripherals/3944_4157978_5887057_3052689"
            ],
            [
                "Complete Tripods",
                "/browse/electronics/complete-tripods/3944_133277_132913_77512_5102183"
            ],
            [
                "Cables, Adapters, & Chargers",
                "/browse/electronics/cables-adapters-chargers/3944_1078524_1225368_5562682"
            ],
            [
                "onn. Computer Accessories",
                "/browse/electronics/onn-computer-accessories/3944_7838866_3004279_2376133_9826274"
            ]
        ]
    },
    {
        "title": "Lightning to USB Cable (1m)",
        "url": "https://www.walmart.com/ip/Lightning-to-USB-Cable-1m/45820988",
        "price": "$3.75",
        "stars": "4.0",
        "ratings": "81 ",
        "img": "i5.walmartimages.com/asr/15c5a0ca-ec2b-4456-b86c-cbb05df7c8ee_1.7c435314fc486a9096b035da0646000d.jpeg?odnWidth=612&odnHeight=612&odnBg=ffffff",
        "tags": [
            [
                "iPad Cables, Adapters, & Chargers",
                "/browse/electronics/ipad-cables-adapters-chargers/3944_1078524_1084930_1084890"
            ],
            [
                "All Tablet Accessories",
                "/browse/electronics/all-tablet-accessories/3944_1078524_1225368_1087422"
            ],
            [
                "Apple",
                "/browse/electronics/apple/3944_4131277_4253599"
            ],
            [
                "Cables, Adapters, & Chargers",
                "/browse/electronics/cables-adapters-chargers/3944_1078524_1225368_5562682"
            ],
            [
                "All Computer Cables & Connectors",
                "/browse/electronics/all-computer-cables-connectors/3944_3951_132959_4463_6477783"
            ],
            [
                "USB Computer Cable",
                "/browse/electronics/usb-computer-cable/3944_3951_132959_4463_7257264"
            ]
        ]
    },
    {
        "title": "Belkin 24W Dual-Port USB-A Wall Charger + 5ft. Lightning to USB-A Cable, Silver",
        "url": "https://www.walmart.com/ip/Belkin-24W-Dual-Port-USB-A-Wall-Charger-5ft-Lightning-to-USB-A-Cable-Silver/487888677",
        "price": "$22.97",
        "stars": "4.6",
        "ratings": "15 ",
        "img": "i5.walmartimages.com/asr/dc4a7e76-cc90-4f6e-a8e4-53c95e8feb5f.91bb3a2a5fc38c99c922897d6690f863.jpeg?odnWidth=612&odnHeight=612&odnBg=ffffff",
        "tags": [
            [
                "iPad Cables, Adapters, & Chargers",
                "/browse/electronics/ipad-cables-adapters-chargers/3944_1078524_1084930_1084890"
            ],
            [
                "All Tablet Accessories",
                "/browse/electronics/all-tablet-accessories/3944_1078524_1225368_1087422"
            ],
            [
                "Apple Accessories",
                "/browse/electronics/apple-accessories/3944_1229722_1230413"
            ],
            [
                "onn. Phone Cables",
                "/browse/electronics/onn-phone-cables/3944_7838866_3004279_2376133_9766217_1898577"
            ],
            [
                "Apple",
                "/browse/electronics/apple/3944_4131277_4253599"
            ],
            [
                "onn. Phone & Cellphone Accessories",
                "/browse/electronics/onn-phone-cellphone-accessories/3944_7838866_3004279_2376133_4966163"
            ],
            [
                "Cables, Adapters, & Chargers",
                "/browse/electronics/cables-adapters-chargers/3944_1078524_1225368_5562682"
            ],
            [
                "Shop All onn.",
                "/browse/electronics/shop-all-onn/3944_7838866_3004279_2376133_9354764"
            ]
        ]
    },
    {
        "title": "Dell WD19TB USB Type C Docking Station for Notebook/Tablet/Workstation - 180W",
        "url": "https://www.walmart.com/ip/Dell-WD19TB-USB-Type-C-Docking-Station-for-Notebook-Tablet-Workstation-180W/499316312",
        "price": "$208.00",
        "stars": "4.0",
        "ratings": "732 ",
        "img": "",
        "tags": [
            [
                "Hubs & USB Gadgets",
                "/browse/electronics/hubs-usb-gadgets/3944_3951_132959_1074266"
            ],
            [
                "iPad Stands & Docking Station",
                "/browse/electronics/ipad-stands-docking-station/3944_1078524_1084930_1084889"
            ],
            [
                "Dell",
                "/browse/electronics/dell/3944_4131277_1297820"
            ],
            [
                "HDMI Splitters",
                "/browse/electronics/hdmi-splitters/3944_1060825_133270_7412812_1746474"
            ],
            [
                "USB Wireless Network Adapters",
                "/browse/electronics/usb-wireless-network-adapters/3944_3951_126297_232899"
            ],
            [
                "Wireless Keyboards",
                "/browse/electronics/wireless-keyboards/3944_3951_132959_1008621_7450208_4442"
            ],
            [
                "All Dell",
                "/browse/electronics/all-dell/3944_4131277_8535837"
            ]
        ]
    },
    {
        "title": "Sandisk 32GB Ultra Class 10 UH-1 SDHC Memory Card",
        "url": "https://www.walmart.com/ip/Sandisk-32GB-Ultra-Class-10-UH-1-SDHC-Memory-Card/46700583",
        "price": "$10.89",
        "stars": "4.8",
        "ratings": "69 ",
        "img": "",
        "tags": [
            [
                "Memory Card Readers",
                "/browse/electronics/memory-card-readers/3944_133277_132913_63988_116797"
            ],
            [
                "Kodak Cameras",
                "/browse/electronics/kodak-cameras/3944_133277_1231331_1231337"
            ],
            [
                "Camera Bags & Cases",
                "/browse/electronics/camera-bags-cases/3944_133277_132913_978661_3591695"
            ],
            [
                "All Cameras",
                "/browse/electronics/all-cameras/3944_133277_4468"
            ],
            [
                "Micro SD Cards",
                "/browse/electronics/micro-sd-cards/3944_133277_132913_63988_4590075"
            ],
            [
                "onn. Camera Accessories",
                "/browse/electronics/onn-camera-accessories/3944_133277_132913_4323092_5259738"
            ],
            [
                "USB Flash Drives",
                "/browse/electronics/usb-flash-drives/3944_3951_132959_529295"
            ]
        ]
    },
    {
        "title": "i-Blason Ares Case for iPhone 11 6.1 inch (2019 Release), Dual Layer Rugged Clear Bumper Case with Built-in Screen Protector (Black)",
        "url": "https://www.walmart.com/ip/i-Blason-Ares-Case-for-iPhone-11-6-1-inch-2019-Release-Dual-Layer-Rugged-Clear-Bumper-Case-with-Built-in-Screen-Protector-Black/594518472",
        "price": "$19.99",
        "stars": "4.5",
        "ratings": "69 ",
        "img": "",
        "tags": [
            [
                "Clear Phone Cases",
                "/browse/cell-phones/clear-phone-cases/1105910_133161_1997952_9694638_1420631"
            ],
            [
                "iPhone 11 Pro Cases",
                "/browse/cell-phones/iphone-11-pro-cases/1105910_133161_1997952_7579365_4213955_2324012"
            ],
            [
                "Slim Phone Cases",
                "/browse/cell-phones/slim-phone-cases/1105910_133161_1997952_5447121_3802968"
            ],
            [
                "Dust Proof Phone Cases",
                "/browse/cell-phones/dust-proof-phone-cases/1105910_133161_1997952_3341734_5141479"
            ],
            [
                "iPhone 11 Pro Max Cases",
                "/browse/cell-phones/iphone-11-pro-max-cases/1105910_133161_1997952_7579365_4213955_5215837"
            ],
            [
                "Phone Cases with Screen Protector",
                "/browse/cell-phones/phone-cases-with-screen-protector/1105910_133161_1997952_3341734_7227042"
            ],
            [
                "iPhone 11 Cases",
                "/browse/cell-phones/iphone-11-cases/1105910_133161_1997952_7579365_4213955_7605586"
            ],
            [
                "Scratch Resistant Phone Cases",
                "/browse/cell-phones/scratch-resistant-phone-cases/1105910_133161_1997952_3341734_9085952"
            ]
        ]
    },
    {
        "title": "Hangman No-Stud Sound Bar Hanger, SBH-6, Soundbar Mount",
        "url": "https://www.walmart.com/ip/Hangman-No-Stud-Sound-Bar-Hanger-SBH-6-Soundbar-Mount/921894245",
        "price": "$14.96",
        "stars": "4.7",
        "ratings": "78 ",
        "img": "i5.walmartimages.com/asr/53d7809b-5a87-47b5-9c12-c631c494c9ae_1.c8ccf35bbb895394e4f90bf52b23040f.jpeg?odnWidth=612&odnHeight=612&odnBg=ffffff",
        "tags": [
            [
                "Audio Visual Accessories",
                "/browse/electronics/audio-visual-accessories/3944_133251_1043559"
            ],
            [
                "Sound Bars",
                "/browse/electronics/sound-bars/3944_77622_8375901_1230415_1107398"
            ],
            [
                "Speaker Wall Mounts",
                "/browse/electronics/speaker-wall-mounts/3944_77622_8375901_1230415_1230431_1230733"
            ],
            [
                "VIZIO",
                "/browse/electronics/vizio/3944_4131277_2035783"
            ],
            [
                "Surge Protectors & UPS",
                "/browse/electronics/surge-protectors-ups/3944_3951_132959_4483"
            ],
            [
                "TV Mounts",
                "/browse/electronics/tv-mounts/3944_1060825_133270_581514"
            ],
            [
                "onn. TV & Video Accessories",
                "/browse/electronics/onn-tv-video-accessories/3944_7838866_3004279_2376133_9766217_6428762"
            ],
            [
                "Shop All onn.",
                "/browse/electronics/shop-all-onn/3944_7838866_3004279_2376133_9354764"
            ]
        ]
    },
    {
        "title": "Galaxy S7 Case,Rugged Shock Absorbing Hybrid Rubber Plastic Impact Defender Slim Hard Case Cover Shell For Samsung Galaxy S7 S VII G930 GS7 All Carriers Njjex [New Ball]",
        "url": "https://www.walmart.com/ip/Galaxy-S7-Case-Rugged-Shock-Absorbing-Hybrid-Rubber-Plastic-Impact-Defender-Slim-Hard-Case-Cover-Shell-For-Samsung-S-VII-G930-GS7-All-Carriers-Njjex-/192829850",
        "price": "$6.98",
        "stars": "3.3",
        "ratings": "37 ",
        "img": "i5.walmartimages.com/asr/ab0ea8e6-1913-44cc-9edb-a664ed1da6aa_1.ea49217f9244082f0bda0bd49ac001af.jpeg?odnWidth=612&odnHeight=612&odnBg=ffffff",
        "tags": [
            [
                "Bumper Phone Cases",
                "/browse/cell-phones/bumper-phone-cases/1105910_133161_1997952_5447121_1341526"
            ],
            [
                "Galaxy S7 Cases",
                "/browse/cell-phones/galaxy-s7-cases/1105910_133161_1997952_7579365_4725617_3560107"
            ],
            [
                "Galaxy S7 Edge Cases",
                "/browse/cell-phones/galaxy-s7-edge-cases/1105910_133161_1997952_7579365_4725617_3865166"
            ],
            [
                "Speck Phone Cases",
                "/browse/cell-phones/speck-phone-cases/1105910_133161_1997952_3726920_6133417"
            ],
            [
                "Phone Cases with Screen Protector",
                "/browse/cell-phones/phone-cases-with-screen-protector/1105910_133161_1997952_3341734_7227042"
            ],
            [
                "All Phone Cases",
                "/browse/cell-phones/all-phone-cases/1105910_133161_1997952_7954087"
            ],
            [
                "Rugged Phone Cases",
                "/browse/cell-phones/rugged-phone-cases/1105910_133161_1997952_5447121_9150120"
            ],
            [
                "Holster Phone Cases",
                "/browse/cell-phones/holster-phone-cases/1105910_133161_1997952_5447121_9898236"
            ]
        ]
    }
]
