[
    {
        "title": "MaximalPower Drone Battery 7900mAh 4s/15.2v Lithium-Polymer For Yuneec H520",
        "url": "https://www.walmart.com/ip/MaximalPower-Drone-Battery-7900mAh-4s-15-2v-Lithium-Polymer-For-Yuneec-H520/737024149",
        "price": "$131.98",
        "stars": 0,
        "ratings": 0,
        "img": "",
        "tags": []
    },
    {
        "title": "2020 New Limited Edition Aerial Drone Professional HD 4K/720P/1080P/4069P 4K 90\u00b0 Adjustable Camera Folding Wifi 360 Degree Roll FPV Selfie RC Drone with Real Time Video with 1/2/3 Batteries",
        "url": "https://www.walmart.com/ip/2020-New-Limited-Edition-Aerial-Drone-Professional-HD-4K-720P-1080P-4069P-4K-90-Adjustable-Camera-Folding-Wifi-360-Degree-Roll-FPV-Selfie-RC-Real-Tim/327755956",
        "price": "$49.00",
        "stars": 0,
        "ratings": 0,
        "img": "",
        "tags": []
    },
    {
        "title": "WLtoys XK K130-B RC Helicopter 2.4G 6CH Brushless 3D6G Flybarless FUTABA S-FHSS Stunt Helicopter without Transmitter",
        "url": "https://www.walmart.com/ip/WLtoys-XK-K130-B-RC-Helicopter-2-4G-6CH-Brushless-3D6G-Flybarless-FUTABA-S-FHSS-Stunt-Helicopter-without-Transmitter/409105225",
        "price": "$136.66",
        "stars": 0,
        "ratings": 0,
        "img": "i5.walmartimages.com/asr/6cc4cb79-ccbb-4649-af3a-26883a59ecca_1.de54c3d975466b70bfdf5f5bf255659e.jpeg?odnWidth=612&odnHeight=612&odnBg=ffffff",
        "tags": []
    },
    {
        "title": "913 1080P 5G Wifi FPV Drone with Camera Brushless GPS Quadcopter Gesture Photo Altitude Hold Toy for Adult",
        "url": "https://www.walmart.com/ip/913-1080P-5G-Wifi-FPV-Drone-with-Camera-Brushless-GPS-Quadcopter-Gesture-Photo-Altitude-Hold-Toy-for-Adult/335979458",
        "price": "$128.80",
        "stars": "1.0",
        "ratings": "1 ",
        "img": "i5.walmartimages.com/asr/463e75c5-1140-4607-b9b9-36d6c1aa1463_1.33382081cb9f352393abca92286d0cd9.jpeg?odnWidth=612&odnHeight=612&odnBg=ffffff",
        "tags": [
            [
                "HD Drones",
                "/browse/electronics/hd-drones/3944_5525941_1677970_1837338"
            ],
            [
                "Foldable Drones",
                "/browse/electronics/foldable-drones/3944_5525941_2616723"
            ],
            [
                "Beginner Drones",
                "/browse/electronics/beginner-drones/3944_5525941_4346614_2881959"
            ],
            [
                "Racing Drones",
                "/browse/electronics/racing-drones/3944_5525941_3545435"
            ],
            [
                "RC Drones",
                "/browse/electronics/rc-drones/3944_5525941_6042620"
            ],
            [
                "Intermediate Drones",
                "/browse/electronics/intermediate-drones/3944_5525941_4346614_6345846"
            ],
            [
                "Shop All Drones",
                "/browse/electronics/shop-all-drones/3944_5525941_8120586"
            ],
            [
                "Advanced Drones",
                "/browse/electronics/advanced-drones/3944_5525941_4346614_8463965"
            ]
        ]
    },
    {
        "title": "MaximalPower Gifi Power 4000mAh 20C 11.1V LiPo Battery for Parrot Bebop 2 Drone",
        "url": "https://www.walmart.com/ip/MaximalPower-Gifi-Power-4000mAh-20C-11-1V-LiPo-Battery-for-Parrot-Bebop-2-Drone/740015331",
        "price": "$57.99",
        "stars": 0,
        "ratings": 0,
        "img": "i5.walmartimages.com/asr/4836e00f-c638-42ef-b59f-333db55032be_1.294a6c84aa0c621b6817bc838f6e0b0c.jpeg?odnWidth=612&odnHeight=612&odnBg=ffffff",
        "tags": [
            [
                "Batteries & Chargers",
                "/browse/electronics/batteries-chargers/3944_96469_133271_1072786"
            ],
            [
                "Drones with Cameras",
                "/browse/electronics/drones-with-cameras/3944_133277_1231385"
            ],
            [
                "HD Drones",
                "/browse/electronics/hd-drones/3944_5525941_1677970_1837338"
            ],
            [
                "Foldable Drones",
                "/browse/electronics/foldable-drones/3944_5525941_2616723"
            ],
            [
                "Drone Accessories",
                "/browse/electronics/drone-accessories/3944_133277_2972544"
            ],
            [
                "All Drones with Cameras",
                "/browse/electronics/all-drones-with-cameras/3944_5525941_1677970_3044927"
            ],
            [
                "DJI Drones",
                "/browse/electronics/dji-drones/3944_5525941_5960206_3976514"
            ],
            [
                "Drone Cases",
                "/browse/electronics/drone-cases/3944_5525941_4049093_5296741"
            ]
        ]
    },
    {
        "title": "CSJ S166GPS Drone with Camera 720P Follow me Auto Return Home WIFI FPV Live Video Gesture Photos RC Quadcopter for Adults",
        "url": "https://www.walmart.com/ip/CSJ-S166GPS-Drone-with-Camera-720P-Follow-me-Auto-Return-Home-WIFI-FPV-Live-Video-Gesture-Photos-RC-Quadcopter-for-Adults/678721319",
        "price": "$77.99",
        "stars": 0,
        "ratings": 0,
        "img": "i5.walmartimages.com/asr/d2b49bbc-ceab-4e2e-a188-605731278e64.d2e8b3da3ead4bd7f6da03fa619b12df.jpeg?odnWidth=612&odnHeight=612&odnBg=ffffff",
        "tags": [
            [
                "HD Drones",
                "/browse/electronics/hd-drones/3944_5525941_1677970_1837338"
            ],
            [
                "Foldable Drones",
                "/browse/electronics/foldable-drones/3944_5525941_2616723"
            ],
            [
                "Beginner Drones",
                "/browse/electronics/beginner-drones/3944_5525941_4346614_2881959"
            ],
            [
                "DJI Drones",
                "/browse/electronics/dji-drones/3944_5525941_5960206_3976514"
            ],
            [
                "RC Drones",
                "/browse/electronics/rc-drones/3944_5525941_6042620"
            ],
            [
                "Intermediate Drones",
                "/browse/electronics/intermediate-drones/3944_5525941_4346614_6345846"
            ],
            [
                "Shop All Drones",
                "/browse/electronics/shop-all-drones/3944_5525941_8120586"
            ],
            [
                "Advanced Drones",
                "/browse/electronics/advanced-drones/3944_5525941_4346614_8463965"
            ]
        ]
    },
    {
        "title": "JJRC H26D RC Drone 3MP Wide Angle HD 4CH 2.4G 6-Role Gyro Headless Mode RC Quadcopter Drone White Onli",
        "url": "https://www.walmart.com/ip/JJRC-H26D-RC-Drone-3MP-Wide-Angle-HD-4CH-2-4G-6-Role-Gyro-Headless-Mode-RC-Quadcopter-Drone-White-Onli/977239726",
        "price": "$80.99",
        "stars": "1.0",
        "ratings": "1 ",
        "img": "i5.walmartimages.com/asr/16284b93-3dc6-4e88-909f-1ed01ebe968a_1.7ab2b198074bfe28ec1323555045c993.jpeg?odnWidth=612&odnHeight=612&odnBg=ffffff",
        "tags": [
            [
                "Connected Dorm Room",
                "/browse/seasonal/connected-dorm-room/1085632_8174172_6292484_2548864"
            ],
            [
                "Tax Free Apparel Tech & School Supplies",
                "/browse/tax-free-apparel-tech-school-supplies/1085632_3096686"
            ],
            [
                "Tax Free Apparel & School Supplies",
                "/browse/tax-free-apparel-school-supplies/1085632_4861825"
            ],
            [
                "Mother's Day Electronics Gifts",
                "/browse/seasonal/mothers-day-electronics-gifts/1085632_1093554_5742102"
            ],
            [
                "Audio",
                "/browse/seasonal/audio/1085632_8174172_6292484_5759323"
            ],
            [
                "Tax Free Shop All",
                "/browse/tax-free-shop-all/1085632_6767877"
            ],
            [
                "Electronics Gifts for Grads",
                "/browse/seasonal/electronics-gifts-for-grads/1085632_1105121_7594959"
            ],
            [
                "Last Minute Gifts",
                "/browse/last-minute-gifts/1085632_7803702"
            ]
        ]
    },
    {
        "title": "SG106 Optical Flow Drone with Dual Camera 4K Wide Angle Wifi FPV Altitude Hold Gesture Photography Quadcopter",
        "url": "https://www.walmart.com/ip/SG106-Optical-Flow-Drone-with-Dual-Camera-4K-Wide-Angle-Wifi-FPV-Altitude-Hold-Gesture-Photography-Quadcopter/460821298",
        "price": "$50.26",
        "stars": "1.0",
        "ratings": "1 ",
        "img": "i5.walmartimages.com/asr/3efc86e2-4457-46c7-8568-6d5000c80c8c_1.01651bb4b356461122ccfffcfcd1dce9.jpeg?odnWidth=612&odnHeight=612&odnBg=ffffff",
        "tags": [
            [
                "Foldable Drones",
                "/browse/electronics/foldable-drones/3944_5525941_2616723"
            ],
            [
                "Beginner Drones",
                "/browse/electronics/beginner-drones/3944_5525941_4346614_2881959"
            ],
            [
                "All Drones with Cameras",
                "/browse/electronics/all-drones-with-cameras/3944_5525941_1677970_3044927"
            ],
            [
                "RC Drones",
                "/browse/electronics/rc-drones/3944_5525941_6042620"
            ],
            [
                "Intermediate Drones",
                "/browse/electronics/intermediate-drones/3944_5525941_4346614_6345846"
            ],
            [
                "Protocol Drones",
                "/browse/electronics/protocol-drones/3944_5525941_5960206_7986424"
            ],
            [
                "Shop All Drones",
                "/browse/electronics/shop-all-drones/3944_5525941_8120586"
            ],
            [
                "Advanced Drones",
                "/browse/electronics/advanced-drones/3944_5525941_4346614_8463965"
            ]
        ]
    },
    {
        "title": "SG906 PRO RC Drone with Camera 4K 5G Wifi 2- Gimbal 25mins Flight Time Brushless Quadcopter Follow Me MV Gesture Photo With Portable Bag",
        "url": "https://www.walmart.com/ip/SG906-PRO-RC-Drone-with-Camera-4K-5G-Wifi-2-Gimbal-25mins-Flight-Time-Brushless-Quadcopter-Follow-Me-MV-Gesture-Photo-With-Portable-Bag/947377330",
        "price": "$182.99",
        "stars": 0,
        "ratings": 0,
        "img": "i5.walmartimages.com/asr/fed69368-a4b6-4d6e-9dbd-1b7132eaba81.25fe97229fcdfd0d3ba13f0aee8bdebc.jpeg?odnWidth=612&odnHeight=612&odnBg=ffffff",
        "tags": [
            [
                "Foldable Drones",
                "/browse/electronics/foldable-drones/3944_5525941_2616723"
            ],
            [
                "Beginner Drones",
                "/browse/electronics/beginner-drones/3944_5525941_4346614_2881959"
            ],
            [
                "All Drones with Cameras",
                "/browse/electronics/all-drones-with-cameras/3944_5525941_1677970_3044927"
            ],
            [
                "DJI Drones",
                "/browse/electronics/dji-drones/3944_5525941_5960206_3976514"
            ],
            [
                "RC Drones",
                "/browse/electronics/rc-drones/3944_5525941_6042620"
            ],
            [
                "Intermediate Drones",
                "/browse/electronics/intermediate-drones/3944_5525941_4346614_6345846"
            ],
            [
                "Shop All Drones",
                "/browse/electronics/shop-all-drones/3944_5525941_8120586"
            ],
            [
                "Advanced Drones",
                "/browse/electronics/advanced-drones/3944_5525941_4346614_8463965"
            ]
        ]
    },
    {
        "title": "Holy Stone HS220 RC Drone with Camera RC Quadcopter for beginners Foldable Arms Wing and Folding Flight Modes",
        "url": "https://www.walmart.com/ip/Holy-Stone-HS220-RC-Drone-with-Camera-RC-Quadcopter-for-beginners-Foldable-Arms-Wing-and-Folding-Flight-Modes/336651932",
        "price": "$84.99",
        "stars": "4.8",
        "ratings": "5 ",
        "img": "i5.walmartimages.com/asr/d5a48fa3-e6e9-4a85-82a1-d6c7203992c0_1.8ff695129e3da7c181aaec1a3af9af03.jpeg?odnWidth=612&odnHeight=612&odnBg=ffffff",
        "tags": [
            [
                "Olympus Cameras",
                "/browse/electronics/olympus-cameras/3944_133277_1231331_1231338"
            ],
            [
                "HD Drones",
                "/browse/electronics/hd-drones/3944_5525941_1677970_1837338"
            ],
            [
                "Foldable Drones",
                "/browse/electronics/foldable-drones/3944_5525941_2616723"
            ],
            [
                "Beginner Drones",
                "/browse/electronics/beginner-drones/3944_5525941_4346614_2881959"
            ],
            [
                "RC Drones",
                "/browse/electronics/rc-drones/3944_5525941_6042620"
            ],
            [
                "Intermediate Drones",
                "/browse/electronics/intermediate-drones/3944_5525941_4346614_6345846"
            ],
            [
                "Shop All Drones",
                "/browse/electronics/shop-all-drones/3944_5525941_8120586"
            ],
            [
                "Advanced Drones",
                "/browse/electronics/advanced-drones/3944_5525941_4346614_8463965"
            ]
        ]
    }
]