[
    {
        "title": "3x5ft Studio Photo Video Photography Backdrops Retro Black & Gray Printed Vinyl Fabric Party Decorations Background Screen Props",
        "url": "https://www.walmart.com/ip/3x5ft-Studio-Photo-Video-Photography-Backdrops-Retro-Black-Gray-Printed-Vinyl-Fabric-Party-Decorations-Background-Screen-Props/862234504",
        "price": "$11.99",
        "stars": "2.0",
        "ratings": "4 ",
        "img": "i5.walmartimages.com/asr/db5f04e4-20b1-4165-82dd-de5f2fcedc44_1.3cd872447fc0be3d082c700c1617a1ee.jpeg?odnWidth=612&odnHeight=612&odnBg=ffffff",
        "tags": [
            [
                "All Cameras",
                "/browse/electronics/all-cameras/3944_133277_4468"
            ],
            [
                "Other Camera Accessories",
                "/browse/electronics/other-camera-accessories/3944_133277_132913_4539"
            ],
            [
                "All Camcorders",
                "/browse/electronics/all-camcorders/3944_133277_4549"
            ],
            [
                "Studio Lighting",
                "/browse/electronics/studio-lighting/3944_133277_132913_6594913_5413954"
            ],
            [
                "On-Camera Lighting",
                "/browse/electronics/on-camera-lighting/3944_133277_132913_1079108_5953161"
            ],
            [
                "Light Stands & Booms",
                "/browse/electronics/light-stands-booms/3944_133277_132913_6594913_6684130"
            ]
        ]
    },
    {
        "title": "480P Web Camera USB Laptop Webcam with Microphone Clip-On Web Cameras Webcams For Computer PC Desktop",
        "url": "https://www.walmart.com/ip/480P-Web-Camera-USB-Laptop-Webcam-with-Microphone-Clip-On-Web-Cameras-Webcams-For-Computer-PC-Desktop/892271516",
        "price": "$11.99",
        "stars": "2.6",
        "ratings": "5 ",
        "img": "i5.walmartimages.com/asr/02023056-c231-489f-a6ba-1f0c569b3f06.88a605759e45f86f029c06970e4c860b.jpeg?odnWidth=612&odnHeight=612&odnBg=ffffff",
        "tags": [
            [
                "Surveillance Cameras",
                "/browse/electronics/surveillance-cameras/3944_133277_1224850"
            ],
            [
                "Computer Speakers",
                "/browse/electronics/computer-speakers/3944_3951_132959_645320_132902"
            ],
            [
                "All Camcorders",
                "/browse/electronics/all-camcorders/3944_133277_4549"
            ],
            [
                "Laptop Stands",
                "/browse/electronics/laptop-stands/3944_3951_132959_4680327"
            ],
            [
                "Webcam Privacy Covers",
                "/browse/electronics/webcam-privacy-covers/3944_3951_1089430_1230184_7005593"
            ],
            [
                "Webcams",
                "/browse/electronics/webcams/3944_1229875_6357978_5718781_9232158_7208431"
            ]
        ]
    },
    {
        "title": "Fujifilm Instax Mini 11 Instant Camera (Lilac Purple) | 2 Twin Pack Film | Frames | Case | Album | Stickers - Complete Kit",
        "url": "https://www.walmart.com/ip/Fujifilm-Instax-Mini-11-Instant-Camera-Lilac-Purple-2-Twin-Pack-Film-Frames-Case-Album-Stickers-Complete-Kit/857313926",
        "price": "$109.95",
        "stars": "5.0",
        "ratings": "5 ",
        "img": "i5.walmartimages.com/asr/2edf51f2-1fe1-4251-913c-9729d808790c.f8363738b9a5735b6460dd7e19c324f4.jpeg?odnWidth=612&odnHeight=612&odnBg=ffffff",
        "tags": [
            [
                "Instant Film Cameras",
                "/browse/electronics/instant-film-cameras/3944_133277_1070984"
            ],
            [
                "Point & Shoot Cameras",
                "/browse/electronics/point-shoot-cameras/3944_133277_1166834"
            ],
            [
                "Camera Bags & Cases",
                "/browse/electronics/camera-bags-cases/3944_133277_132913_978661_3591695"
            ],
            [
                "All Cameras",
                "/browse/electronics/all-cameras/3944_133277_4468"
            ],
            [
                "Other Camera Accessories",
                "/browse/electronics/other-camera-accessories/3944_133277_132913_4539"
            ],
            [
                "Fujifilm",
                "/browse/electronics/fujifilm/3944_4131277_7767956"
            ],
            [
                "Polaroid Film & Camera Film",
                "/browse/electronics/polaroid-film-camera-film/3944_133277_132913_7818657"
            ]
        ]
    },
    {
        "title": "CAC Smart Card Reader, EEEkit DOD Military USB Common Access Card Adapter for Military/ID Card/IC Bank Chip Card Reader, USB Smart Card Writer Compatible with Windows XP/Vista/8/10, Mac OS 10.6-10.14",
        "url": "https://www.walmart.com/ip/CAC-Smart-Card-Reader-EEEkit-DOD-Military-USB-Common-Access-Adapter-Military-ID-Card-IC-Bank-Chip-Writer-Compatible-Windows-XP-Vista-8-10-Mac-OS-10-6/166189355",
        "price": "$9.97",
        "stars": "3.2",
        "ratings": "10 ",
        "img": "i5.walmartimages.com/asr/f17c0c7f-f9eb-4d27-9910-5a9ff2f9fa7e.530b34e1a2462e5483f238d3041be5fe.jpeg?odnWidth=612&odnHeight=612&odnBg=ffffff",
        "tags": [
            [
                "Graphics Cards",
                "/browse/electronics/graphics-cards/3944_3951_1073804_1043744"
            ],
            [
                "Hubs & USB Gadgets",
                "/browse/electronics/hubs-usb-gadgets/3944_3951_132959_1074266"
            ],
            [
                "USB Wireless Network Adapters",
                "/browse/electronics/usb-wireless-network-adapters/3944_3951_126297_232899"
            ],
            [
                "Micro SD Cards",
                "/browse/electronics/micro-sd-cards/3944_133277_132913_63988_4590075"
            ],
            [
                "onn. Camera Accessories",
                "/browse/electronics/onn-camera-accessories/3944_133277_132913_4323092_5259738"
            ],
            [
                "SD Cards",
                "/browse/electronics/sd-cards/3944_133277_132913_63988_5930264"
            ],
            [
                "Wired Keyboards",
                "/browse/electronics/wired-keyboards/3944_3951_132959_1008621_7450208_9661112"
            ]
        ]
    },
    {
        "title": "LNKOO Digital Camera for Kids,13MP 1080P Rechargeable Children's Toy Camera with 16G TF Card 2 Inch Video Recorder,Great Christmas Present Gift for 3-12 Year Old Boys Girls-Pink",
        "url": "https://www.walmart.com/ip/LNKOO-Digital-Camera-Kids-13MP-1080P-Rechargeable-Children-s-Toy-16G-TF-Card-2-Inch-Video-Recorder-Great-Christmas-Present-Gift-3-12-Year-Old-Boys-Gi/159139823",
        "price": "$19.89",
        "stars": "1.0",
        "ratings": "2 ",
        "img": "i5.walmartimages.com/asr/9a470886-63ef-4d67-8cca-c6b9816dc1de_1.35447fd081b938340348b85f3a5d4930.jpeg?odnWidth=612&odnHeight=612&odnBg=ffffff",
        "tags": [
            [
                "Cameras & Camcorders for Kids",
                "/browse/toys/cameras-camcorders-for-kids/4171_1096069_1096118"
            ],
            [
                "Electronic Toys",
                "/browse/toys/electronic-toys/4171_1096069_1105959_1096123"
            ],
            [
                "Learning Playsets",
                "/browse/toys/learning-playsets/4171_56125_1228921"
            ],
            [
                "Bilingual Toys",
                "/browse/toys/bilingual-toys/4171_56125_1229855"
            ],
            [
                "Leapfrog",
                "/browse/toys/leapfrog/4171_56125_1498437"
            ],
            [
                "VTech Toys",
                "/browse/toys/vtech-toys/4171_3438149_3348821"
            ],
            [
                "Pretend Play Toys for Boys",
                "/browse/toys/pretend-play-toys-for-boys/4171_4173_3613401"
            ],
            [
                "12+ Years",
                "/browse/toys/12-years/4171_2724815_4436782"
            ]
        ]
    },
    {
        "title": "Logitech HD C310 Portable Webcam, 5MP, Black",
        "url": "https://www.walmart.com/ip/Logitech-HD-C310-Portable-Webcam-5MP-Black/16419689",
        "price": "$54.99",
        "stars": "4.4",
        "ratings": "31 ",
        "img": "i5.walmartimages.com/asr/c5982ad5-a846-4d7a-80d8-e8e00ebd1a61_1.7e971d03ca6cce3a64ed3d2b8f15c2be.jpeg?odnWidth=612&odnHeight=612&odnBg=ffffff",
        "tags": [
            [
                "Wireless Cameras",
                "/browse/electronics/wireless-cameras/3944_1229875_6357978_5718781_9232158_2852655"
            ],
            [
                "All Camcorders",
                "/browse/electronics/all-camcorders/3944_133277_4549"
            ],
            [
                "Webcam Privacy Covers",
                "/browse/electronics/webcam-privacy-covers/3944_3951_1089430_1230184_7005593"
            ],
            [
                "Webcams",
                "/browse/electronics/webcams/3944_1229875_6357978_5718781_9232158_7208431"
            ],
            [
                "1TB External Hard Drives",
                "/browse/electronics/1tb-external-hard-drives/3944_3951_132959_1956376_8153914"
            ],
            [
                "Motorola",
                "/browse/electronics/motorola/3944_4131277_8648463"
            ]
        ]
    },
    {
        "title": "Fujifilm INSTAX Mini Instant Film (White) For Fujifilm Mini 8 & Mini 9 Cameras w/ Microfiber Cloth by Quality Photo (80 Film Sheets)",
        "url": "https://www.walmart.com/ip/Fujifilm-INSTAX-Mini-Instant-Film-White-For-Fujifilm-Mini-8-Mini-9-Cameras-w-Microfiber-Cloth-by-Quality-Photo-80-Film-Sheets/985297557",
        "price": "$27.99",
        "stars": "4.3",
        "ratings": "6 ",
        "img": "i5.walmartimages.com/asr/ee5fce42-6644-4a63-9669-28e0cf039766_1.adf1f0fb1e2d34896eb56d8a7abe2fa1.jpeg?odnWidth=612&odnHeight=612&odnBg=ffffff",
        "tags": [
            [
                "Instant Film Cameras",
                "/browse/electronics/instant-film-cameras/3944_133277_1070984"
            ],
            [
                "Fujifilm Cameras",
                "/browse/electronics/fujifilm-cameras/3944_133277_1231331_1231335"
            ],
            [
                "Camera Bags & Cases",
                "/browse/electronics/camera-bags-cases/3944_133277_132913_978661_3591695"
            ],
            [
                "All Cameras",
                "/browse/electronics/all-cameras/3944_133277_4468"
            ],
            [
                "Other Camera Accessories",
                "/browse/electronics/other-camera-accessories/3944_133277_132913_4539"
            ],
            [
                "Fujifilm Instax",
                "/browse/electronics/fujifilm-instax/3944_133277_1231331_5022517"
            ],
            [
                "Fujifilm",
                "/browse/electronics/fujifilm/3944_4131277_7767956"
            ]
        ]
    },
    {
        "title": "Arlo Wire-Free Security System with 1 HD Camera (VMS3130W100NAS)",
        "url": "https://www.walmart.com/ip/Arlo-Wire-Free-Security-System-with-1-HD-Camera-VMS3130W100NAS/791149058",
        "price": "$83.51",
        "stars": "3.8",
        "ratings": "66 ",
        "img": "",
        "tags": [
            [
                "Surveillance Cameras",
                "/browse/electronics/surveillance-cameras/3944_133277_1224850"
            ],
            [
                "IFTTT Compatible",
                "/browse/electronics/ifttt-compatible/3944_1229875_3363825_1528848"
            ],
            [
                "Outdoor Security Cameras",
                "/browse/electronics/outdoor-security-cameras/3944_1229875_6357978_5718781_9232158_1780229"
            ],
            [
                "Arlo",
                "/browse/electronics/arlo/3944_4131277_3210925"
            ],
            [
                "Indoor Security Cameras",
                "/browse/electronics/indoor-security-cameras/3944_1229875_6357978_5718781_9232158_4993152"
            ],
            [
                "Smart Security Cameras",
                "/browse/electronics/smart-security-cameras/3944_1229875_6357978_5718781_9232158_7064887"
            ],
            [
                "Smart Surveillance Cameras & Motion Detectors that work with Google Assistant",
                "/browse/electronics/smart-surveillance-cameras-motion-detectors-that-work-with-google-assistant/3944_1229875_9259047_9295408"
            ],
            [
                "Arlo Security Cameras",
                "/browse/electronics/arlo-security-cameras/3944_1229875_6357978_5718781_9232158_9316834"
            ]
        ]
    },
    {
        "title": "CAC Smart Card Reader - DOD Military USB Common Access Card Adapter - Military/ID Card/IC Bank Chip Card Reader, USB Smart Card Writer - Compatible with Windows XP/Vista/8/10, Mac OS 10.6-10.14",
        "url": "https://www.walmart.com/ip/CAC-Smart-Card-Reader-DOD-Military-USB-Common-Access-Adapter-Military-ID-Card-IC-Bank-Chip-Reader-Writer-Compatible-Windows-XP-Vista-8-10-Mac-OS-10-6/105754925",
        "price": "$9.97",
        "stars": "5.0",
        "ratings": "4 ",
        "img": "i5.walmartimages.com/asr/f077d28b-07a2-4f1e-a06e-e9779c2a0ff8_1.530b34e1a2462e5483f238d3041be5fe.jpeg?odnWidth=612&odnHeight=612&odnBg=ffffff",
        "tags": [
            [
                "Graphics Cards",
                "/browse/electronics/graphics-cards/3944_3951_1073804_1043744"
            ],
            [
                "Hubs & USB Gadgets",
                "/browse/electronics/hubs-usb-gadgets/3944_3951_132959_1074266"
            ],
            [
                "USB Wireless Network Adapters",
                "/browse/electronics/usb-wireless-network-adapters/3944_3951_126297_232899"
            ],
            [
                "Other Camera Accessories",
                "/browse/electronics/other-camera-accessories/3944_133277_132913_4539"
            ],
            [
                "Micro SD Cards",
                "/browse/electronics/micro-sd-cards/3944_133277_132913_63988_4590075"
            ],
            [
                "onn. Camera Accessories",
                "/browse/electronics/onn-camera-accessories/3944_133277_132913_4323092_5259738"
            ],
            [
                "SD Cards",
                "/browse/electronics/sd-cards/3944_133277_132913_63988_5930264"
            ]
        ]
    },
    {
        "title": "2020 H265+ 8 Channel Long Range Wifi NVR 4pcs 1080p HD Wireless Outdoor Security IP Camera Video Home Surveillance System 1TB Hard Drive (CAM-WIFI-4CH-2MP-1)",
        "url": "https://www.walmart.com/ip/2020-H265-8-Channel-Long-Range-Wifi-NVR-4pcs-1080p-HD-Wireless-Outdoor-Security-IP-Camera-Video-Home-Surveillance-System-1TB-Hard-Drive-CAM-WIFI-4CH-/429909530",
        "price": "$248.00",
        "stars": "4.0",
        "ratings": "6 ",
        "img": "i5.walmartimages.com/asr/78c28ba3-0032-47cb-a711-960217a366c4_1.8ce19535ab0c82da3626b04d4a841e37.jpeg?odnWidth=612&odnHeight=612&odnBg=ffffff",
        "tags": [
            [
                "Surveillance Cameras",
                "/browse/electronics/surveillance-cameras/3944_133277_1224850"
            ],
            [
                "Outdoor Security Cameras",
                "/browse/electronics/outdoor-security-cameras/3944_1229875_6357978_5718781_9232158_1780229"
            ],
            [
                "Wireless Cameras",
                "/browse/electronics/wireless-cameras/3944_1229875_6357978_5718781_9232158_2852655"
            ],
            [
                "Surveillance Equipment",
                "/browse/surveillance-equipment/3944_47600"
            ],
            [
                "Smart Security Cameras",
                "/browse/electronics/smart-security-cameras/3944_1229875_6357978_5718781_9232158_7064887"
            ],
            [
                "Smart Home Kits",
                "/browse/electronics/smart-home-kits/3944_1229875_9098006_8290395"
            ],
            [
                "Digital Video Recorders",
                "/browse/electronics/digital-video-recorders/3944_1229875_6357978_5718781_9129131"
            ],
            [
                "Smart Surveillance Cameras & Motion Detectors that work with Google Assistant",
                "/browse/electronics/smart-surveillance-cameras-motion-detectors-that-work-with-google-assistant/3944_1229875_9259047_9295408"
            ]
        ]
    }
]