[
    {
        "title": "RV Designer A115 Clear Glide Tape #9 - 72\"",
        "url": "https://www.walmart.com/ip/RV-Designer-A115-Clear-Glide-Tape-9-72/181103747",
        "price": "$14.48",
        "stars": 0,
        "ratings": 0,
        "img": "i5.walmartimages.com/asr/c5356be6-e30c-4523-be35-af2f36842251_1.8eea9a90a3a962356a352d4ef58ba817.jpeg?odnWidth=612&odnHeight=612&odnBg=ffffff",
        "tags": [
            [
                "Car Audio Accessories",
                "/browse/auto-tires/car-audio-accessories/91083_3947_2991878_3076014"
            ],
            [
                "Temperature Switches/ Control Modules",
                "/browse/auto-tires/temperature-switches-control-modules/91083_1074765_3305779"
            ],
            [
                "Car Power Adapters",
                "/browse/auto-tires/car-power-adapters/91083_3947_1616075_4283330"
            ],
            [
                "RV Replacement Parts",
                "/browse/auto-tires/rv-replacement-parts/91083_2983678_5239180"
            ],
            [
                "Code Readers and Scan Tools",
                "/browse/auto-tires/code-readers-scan-tools/91083_5941050_3927099_7203569"
            ],
            [
                "Exterior Decorative Lighting",
                "/browse/auto-tires/exterior-decorative-lighting/91083_1074765_9183778_2680989_9544498"
            ],
            [
                "RV TVs and Mounting Brackets",
                "/browse/auto-tires/rv-tvs-mounting-brackets/91083_2983678_5988213_9878530"
            ]
        ]
    },
    {
        "title": "Wilson 1000 Magnet Mount CB Radio Antenna 880-900800B With 62.5\" Whip New!!",
        "url": "https://www.walmart.com/ip/Wilson-1000-Magnet-Mount-CB-Radio-Antenna-880-900800B-With-62-5-Whip-New/180831816",
        "price": "$95.99",
        "stars": "5.0",
        "ratings": "9 ",
        "img": "",
        "tags": [
            [
                "Portable Audio",
                "/browse/electronics/portable-audio/3944_96469_1037719"
            ],
            [
                "Antenna Signal Amplifiers",
                "/browse/electronics/antenna-signal-amplifiers/3944_1060825_133270_1224691"
            ],
            [
                "HDMI Splitters",
                "/browse/electronics/hdmi-splitters/3944_1060825_133270_7412812_1746474"
            ],
            [
                "Radios",
                "/browse/electronics/radios/3944_96469_4533"
            ],
            [
                "TV Antennas",
                "/browse/electronics/tv-antennas/3944_1060825_133270_4536"
            ],
            [
                "CD/DVD Drives",
                "/browse/electronics/cd-dvd-drives/3944_3951_132959_645319_522484"
            ],
            [
                "Cobra Electronics",
                "/browse/electronics/cobra-electronics/3944_4131277_6062523"
            ],
            [
                "onn. TV & Video Accessories",
                "/browse/electronics/onn-tv-video-accessories/3944_7838866_3004279_2376133_9766217_6428762"
            ]
        ]
    },
    {
        "title": "SCOSCHE AXT12 - Antenna extension Cable - 12\"",
        "url": "https://www.walmart.com/ip/SCOSCHE-AXT12-Antenna-extension-Cable-12/23842120",
        "price": "$2.97",
        "stars": "4.9",
        "ratings": "8 ",
        "img": "",
        "tags": [
            [
                "All Extension Cords",
                "/browse/home-improvement/all-extension-cords/1072864_1067619_1231219_1072245"
            ],
            [
                "All Outlets",
                "/browse/home-improvement/all-outlets/1072864_1067619_1231213_1072246"
            ],
            [
                "Outdoor Extension Cords",
                "/browse/home-improvement/outdoor-extension-cords/1072864_1067619_1231219_1231221"
            ],
            [
                "Indoor/Outdoor Extension Cords",
                "/browse/home-improvement/indoor-outdoor-extension-cords/1072864_1067619_1231219_1231222"
            ],
            [
                "Wall Outlet Adaptors",
                "/browse/home-improvement/wall-outlet-adaptors/1072864_1067619_1231213_1231245"
            ],
            [
                "Duplex Wall Plates",
                "/browse/home-improvement/duplex-wall-plates/1072864_1067619_1231223_5306726_3537532"
            ],
            [
                "Extension Cord Reels",
                "/browse/home-improvement/extension-cord-reels/1072864_1067619_9595845"
            ],
            [
                "Core Building Supplies Clearance Shelf",
                "/browse/home-improvement/core-building-supplies-clearance-shelf/1072864_1172176_9849217"
            ]
        ]
    },
    {
        "title": "Superior Electric RVA1503 30 Amp Male to 50 Amp Female Dogbone Adapter RV Electrical Converter Cord Cable",
        "url": "https://www.walmart.com/ip/Superior-Electric-RVA1503-30-Amp-Male-to-50-Amp-Female-Dogbone-Adapter-RV-Electrical-Converter-Cord-Cable/467954693",
        "price": "$20.03",
        "stars": "5.0",
        "ratings": "2 ",
        "img": "i5.walmartimages.com/asr/ee5a7b03-e8b0-42ac-bf5f-8939a528d991_1.2b683c14c7c1abf79b397e7d8bb506b6.jpeg?odnWidth=612&odnHeight=612&odnBg=ffffff",
        "tags": [
            [
                "RV Fresh Water",
                "/browse/auto-tires/rv-fresh-water/91083_2983678_3453889"
            ],
            [
                "RV Extension Cords",
                "/browse/auto-tires/rv-extension-cords/91083_2983678_2470422_4086619"
            ],
            [
                "Car Power Adapters",
                "/browse/auto-tires/car-power-adapters/91083_3947_1616075_4283330"
            ],
            [
                "Lighting and Lamps",
                "/browse/auto-tires/lighting-lamps/91083_1074765_5058914"
            ],
            [
                "RV Sewer Hoses",
                "/browse/auto-tires/rv-sewer-hoses/91083_2983678_6622907_5163757"
            ],
            [
                "RV Replacement Parts",
                "/browse/auto-tires/rv-replacement-parts/91083_2983678_5239180"
            ],
            [
                "RV Electrical",
                "/browse/auto-tires/rv-electrical/91083_2983678_2470422_5483116"
            ],
            [
                "RV Adapters and Surge Protectors",
                "/browse/auto-tires/rv-adapters-surge-protectors/91083_2983678_2470422_8699147"
            ]
        ]
    },
    {
        "title": "dodge 2007 - 2013 avenger car cd stereo receiver dash install mounting kit wire harness and radio antenna adapter",
        "url": "https://www.walmart.com/ip/dodge-2007-2013-avenger-car-cd-stereo-receiver-dash-install-mounting-kit-wire-harness-and-radio-antenna-adapter/111465144",
        "price": "$35.47",
        "stars": "4.0",
        "ratings": "2 ",
        "img": "",
        "tags": [
            [
                "Steering Wheel Interfaces",
                "/browse/auto-tires/steering-wheel-interfaces/91083_3947_2717013_2507036_2139330"
            ],
            [
                "Car Audio Accessories",
                "/browse/auto-tires/car-audio-accessories/91083_3947_2991878_3076014"
            ],
            [
                "Single Din Car Stereos",
                "/browse/auto-tires/single-din-car-stereos/91083_3947_2573876_3877515"
            ],
            [
                "Bluetooth Car Stereos",
                "/browse/auto-tires/bluetooth-car-stereos/91083_3947_2573876_3891066"
            ],
            [
                "Dash Kits",
                "/browse/auto-tires/dash-kits/91083_3947_2717013_2507036_4899557"
            ],
            [
                "Double Din Car Stereos",
                "/browse/auto-tires/double-din-car-stereos/91083_3947_2573876_5633735"
            ],
            [
                "Wiring Harnesses",
                "/browse/auto-tires/wiring-harnesses/91083_3947_2717013_2507036_8309525"
            ]
        ]
    },
    {
        "title": "Hopkins 90 Degree 5th Wheel Wiring Kit, Ford/GM",
        "url": "https://www.walmart.com/ip/Hopkins-90-Degree-5th-Wheel-Wiring-Kit-Ford-GM/49850103",
        "price": "$42.61",
        "stars": "4.8",
        "ratings": "5 ",
        "img": "i5.walmartimages.com/asr/d4878cb2-0003-45b5-92f1-b2311cb36f7e_1.43c0b6257cdfc35dd22bf0de7d7a737e.jpeg?odnWidth=612&odnHeight=612&odnBg=ffffff",
        "tags": [
            [
                "RV Air Conditioner Covers",
                "/browse/auto-tires/rv-air-conditioner-covers/91083_2983678_5601400_1554987"
            ],
            [
                "Fifth Wheel Hitches",
                "/browse/auto-tires/fifth-wheel-hitches/91083_1074784_2263859_5128343_2956074"
            ],
            [
                "Car Audio Accessories",
                "/browse/auto-tires/car-audio-accessories/91083_3947_2991878_3076014"
            ],
            [
                "Temperature Switches/ Control Modules",
                "/browse/auto-tires/temperature-switches-control-modules/91083_1074765_3305779"
            ],
            [
                "RV Extension Cords",
                "/browse/auto-tires/rv-extension-cords/91083_2983678_2470422_4086619"
            ],
            [
                "Interior Lights",
                "/browse/auto-tires/interior-lights/91083_1074765_9183778_5395334_5936119"
            ],
            [
                "Brake Controllers",
                "/browse/auto-tires/brake-controllers/91083_1074784_2263859_4715629_5978866"
            ],
            [
                "Trailer & Towing on Advance Auto Parts Shop",
                "/browse/auto-tires/trailer-towing-advance-auto-parts-shop/91083_2962826_4071062_7440022"
            ]
        ]
    },
    {
        "title": "Progressive Dynamics PD9140AV Inteli-Power 9100 Series Converter/Charger - 40 Amp",
        "url": "https://www.walmart.com/ip/Progressive-Dynamics-PD9140AV-Inteli-Power-9100-Series-Converter-Charger-40-Amp/138096637",
        "price": "$173.86",
        "stars": "5.0",
        "ratings": "7 ",
        "img": "i5.walmartimages.com/asr/470e3af3-cdaa-41e2-8a61-4933f6063a78_1.e7c033590c6dac21df0552ed73d67f7c.jpeg?odnWidth=612&odnHeight=612&odnBg=ffffff",
        "tags": [
            [
                "Automotive Electrical",
                "/browse/auto-tires/automotive-electrical/91083_5941050_1072091"
            ],
            [
                "RV Batteries",
                "/browse/auto-tires/rv-batteries/91083_1074765_1104292_3020031"
            ],
            [
                "Car Battery Chargers",
                "/browse/auto-tires/car-battery-chargers/91083_5941050_9828287_3160168"
            ],
            [
                "RV Fresh Water",
                "/browse/auto-tires/rv-fresh-water/91083_2983678_3453889"
            ],
            [
                "Power Sources",
                "/browse/auto-tires/power-sources/91083_5941050_5761517"
            ],
            [
                "RV Exterior Accessories",
                "/browse/auto-tires/rv-exterior-accessories/91083_2983678_6954815"
            ],
            [
                "Power Converters",
                "/browse/auto-tires/power-converters/91083_5941050_4066622_8348253"
            ],
            [
                "Power Inverters",
                "/browse/auto-tires/power-inverters/91083_3947_96391"
            ]
        ]
    },
    {
        "title": "Anker 24W 2-Port Car Charger",
        "url": "https://www.walmart.com/ip/Anker-24W-2-Port-Car-Charger/829461130",
        "price": "$15.94",
        "stars": "5.0",
        "ratings": "10 ",
        "img": "",
        "tags": [
            [
                "Car Audio Accessories",
                "/browse/auto-tires/car-audio-accessories/91083_3947_2991878_3076014"
            ],
            [
                "Temperature Switches/ Control Modules",
                "/browse/auto-tires/temperature-switches-control-modules/91083_1074765_3305779"
            ],
            [
                "Car Power Adapters",
                "/browse/auto-tires/car-power-adapters/91083_3947_1616075_4283330"
            ],
            [
                "Car Mounts",
                "/browse/auto-tires/car-mounts/91083_3947_1616075_5906880"
            ],
            [
                "All Auto Accessories",
                "/browse/auto-tires/all-auto-accessories/91083_3947_1616075_6735898"
            ],
            [
                "Code Readers and Scan Tools",
                "/browse/auto-tires/code-readers-scan-tools/91083_5941050_3927099_7203569"
            ],
            [
                "Exterior Decorative Lighting",
                "/browse/auto-tires/exterior-decorative-lighting/91083_1074765_9183778_2680989_9544498"
            ]
        ]
    },
    {
        "title": "Motorola Sonic Rider Bluetooth Car Kit Speakerphone",
        "url": "https://www.walmart.com/ip/Motorola-Sonic-Rider-Bluetooth-Car-Kit-Speakerphone/104829612",
        "price": "$29.99",
        "stars": "3.1",
        "ratings": "10 ",
        "img": "",
        "tags": [
            [
                "Marine Bulk Buys",
                "/browse/auto-tires/marine-bulk-buys/91083_4520523_2167022"
            ],
            [
                "Car Speaker & Subwoofer Wiring",
                "/browse/auto-tires/car-speaker-subwoofer-wiring/91083_3947_2717013_7846235_2264388"
            ],
            [
                "Car Audio Accessories",
                "/browse/auto-tires/car-audio-accessories/91083_3947_2991878_3076014"
            ],
            [
                "Car Power Adapters",
                "/browse/auto-tires/car-power-adapters/91083_3947_1616075_4283330"
            ],
            [
                "CB Radios & Scanners",
                "/browse/auto-tires/cb-radios-scanners/91083_3947_4510"
            ],
            [
                "Dash Kits",
                "/browse/auto-tires/dash-kits/91083_3947_2717013_2507036_4899557"
            ],
            [
                "iPod and MP3 Accessories",
                "/browse/auto-tires/ipod-mp3-accessories/91083_3947_2991878_8816209"
            ]
        ]
    },
    {
        "title": "Fits Toyota Camry 2007-2011 Single DIN Stereo Harness Radio Install Dash Kit",
        "url": "https://www.walmart.com/ip/Fits-Toyota-Camry-2007-2011-Single-DIN-Stereo-Harness-Radio-Install-Dash-Kit/590333021",
        "price": "$35.99",
        "stars": 0,
        "ratings": 0,
        "img": "i5.walmartimages.com/asr/9ff0ed11-15f6-43d4-a5c8-e21a92113c9d.2c1e5b64e350b35b106da96e2075120b.jpeg?odnWidth=612&odnHeight=612&odnBg=ffffff",
        "tags": [
            [
                "Automotive Electrical",
                "/browse/auto-tires/automotive-electrical/91083_5941050_1072091"
            ],
            [
                "Steering Wheel Interfaces",
                "/browse/auto-tires/steering-wheel-interfaces/91083_3947_2717013_2507036_2139330"
            ],
            [
                "Car Speaker & Subwoofer Wiring",
                "/browse/auto-tires/car-speaker-subwoofer-wiring/91083_3947_2717013_7846235_2264388"
            ],
            [
                "Single Din Car Stereos",
                "/browse/auto-tires/single-din-car-stereos/91083_3947_2573876_3877515"
            ],
            [
                "Dash Kits",
                "/browse/auto-tires/dash-kits/91083_3947_2717013_2507036_4899557"
            ],
            [
                "Double Din Car Stereos",
                "/browse/auto-tires/double-din-car-stereos/91083_3947_2573876_5633735"
            ],
            [
                "Antennas & Antenna Adapters",
                "/browse/auto-tires/antennas-antenna-adapters/91083_3947_2717013_2507036_8719493"
            ]
        ]
    }
]