[
    {
        "title": "Liquipel - iPhone 6, 6s, 7, 8, SE (2020) Safeguard Lite Screen Protector",
        "url": "https://www.walmart.com/ip/Liquipel-iPhone-6-6s-7-8-SE-2020-Safeguard-Lite-Screen-Protector/236119118",
        "price": "$9.38",
        "stars": "3.8",
        "ratings": "39 ",
        "img": "i5.walmartimages.com/asr/d7dc7072-d1e9-4bde-a5ab-2651bec73439.be6220bc11ed955ebfc6a7b70ee94acb.jpeg?odnWidth=612&odnHeight=612&odnBg=ffffff",
        "tags": [
            [
                "All Screen Protectors",
                "/browse/cell-phones/all-screen-protectors/1105910_133161_1103334_1585942"
            ],
            [
                "iPhone 8 Cases",
                "/browse/cell-phones/iphone-8-cases/1105910_133161_1997952_7579365_4213955_2017354"
            ],
            [
                "Onn. Phone Screen Protectors",
                "/browse/cell-phones/onn-phone-screen-protectors/1105910_133161_1103334_9999687_2854136"
            ],
            [
                "iPhone 8 Screen Protectors",
                "/browse/cell-phones/iphone-8-screen-protectors/1105910_133161_1103334_1968296_4416747"
            ],
            [
                "Multipack Phone Screen Protectors",
                "/browse/cell-phones/multipack-phone-screen-protectors/1105910_133161_1103334_8438498_4568647"
            ],
            [
                "iPhone 6 and 6s Screen Protectors",
                "/browse/cell-phones/iphone-6-6s-screen-protectors/1105910_133161_1103334_1968296_4572114"
            ],
            [
                "Tempered Glass Phone Screen Protectors",
                "/browse/cell-phones/tempered-glass-phone-screen-protectors/1105910_133161_1103334_8438498_6318568"
            ]
        ]
    },
    {
        "title": "10,000 mAh Pocketjuice Wireless Portable Charger",
        "url": "https://www.walmart.com/ip/10-000-mAh-Pocketjuice-Wireless-Portable-Charger/221835777",
        "price": "$14.88",
        "stars": "4.5",
        "ratings": "210 ",
        "img": "i5.walmartimages.com/asr/5298d7c2-812d-4ab1-9fb4-b61cdda1c4a1.3f14746bb251519afecc6374799e38e9.jpeg?odnWidth=612&odnHeight=612&odnBg=ffffff",
        "tags": [
            [
                "Anker Phone Accessories",
                "/browse/cell-phones/anker-phone-accessories/1105910_133161_9140496_2667046"
            ],
            [
                "All Power Banks",
                "/browse/cell-phones/all-power-banks/1105910_133161_1087421_5166421"
            ],
            [
                "Powerad Power Banks",
                "/browse/cell-phones/powerad-power-banks/1105910_133161_1087421_6183349"
            ],
            [
                "All Phone Chargers",
                "/browse/cell-phones/all-phone-chargers/1105910_133161_1072306_7133056"
            ],
            [
                "Anker Power Banks",
                "/browse/cell-phones/anker-power-banks/1105910_133161_1087421_7686734"
            ],
            [
                "onn. Mobile Power Packs",
                "/browse/cell-phones/onn-mobile-power-packs/1105910_133161_1087421_8475783"
            ]
        ]
    },
    {
        "title": "onn. Clear Gel Case for iPhone 11, iPhone XR",
        "url": "https://www.walmart.com/ip/onn-Clear-Gel-Case-for-iPhone-11-iPhone-XR/332299932",
        "price": "$4.88",
        "stars": "4.6",
        "ratings": "63 ",
        "img": "i5.walmartimages.com/asr/ec9abcbc-0438-4919-96ec-4eebc4c61520.69c7ab1e5871752f310037f81202cd2c.jpeg?odnWidth=612&odnHeight=612&odnBg=ffffff",
        "tags": [
            [
                "Clear Phone Cases",
                "/browse/cell-phones/clear-phone-cases/1105910_133161_1997952_9694638_1420631"
            ],
            [
                "iPhone 11 Pro Cases",
                "/browse/cell-phones/iphone-11-pro-cases/1105910_133161_1997952_7579365_4213955_2324012"
            ],
            [
                "Shockproof Phone Cases",
                "/browse/cell-phones/shockproof-phone-cases/1105910_133161_1997952_3341734_2422995"
            ],
            [
                "Slim Phone Cases",
                "/browse/cell-phones/slim-phone-cases/1105910_133161_1997952_5447121_3802968"
            ],
            [
                "iPhone 11 Pro Max Cases",
                "/browse/cell-phones/iphone-11-pro-max-cases/1105910_133161_1997952_7579365_4213955_5215837"
            ],
            [
                "iPhone 11 Cases",
                "/browse/cell-phones/iphone-11-cases/1105910_133161_1997952_7579365_4213955_7605586"
            ],
            [
                "onn. Phone Cases",
                "/browse/cell-phones/onn-phone-cases/1105910_133161_1997952_3726920_9378666"
            ]
        ]
    },
    {
        "title": "10-Piece Stylus Pen Colorful Universal Stylus Touch Screen Pen for Smartphone Tablet iphone iPad Samsung Galaxy",
        "url": "https://www.walmart.com/ip/10-Piece-Stylus-Pen-Colorful-Universal-Stylus-Touch-Screen-Pen-for-Smartphone-Tablet-iphone-iPad-Samsung-Galaxy/129486418",
        "price": "$5.99",
        "stars": "4.5",
        "ratings": "230 ",
        "img": "i5.walmartimages.com/asr/aa14e90c-94ab-4028-b4ee-267228accdb9_1.2923c4962ee7041124418cc0ebff4841.jpeg?odnWidth=612&odnHeight=612&odnBg=ffffff",
        "tags": [
            [
                "Hard Drive Accessories",
                "/browse/electronics/hard-drive-accessories/3944_3951_1073804_1075964"
            ],
            [
                "All Tablets",
                "/browse/electronics/all-tablets/3944_1078524_1078084"
            ],
            [
                "All Tablet Accessories",
                "/browse/electronics/all-tablet-accessories/3944_1078524_1225368_1087422"
            ],
            [
                "Stylus Pens",
                "/browse/electronics/stylus-pens/3944_1078524_1225368_2858431"
            ],
            [
                "All Samsung Tablets",
                "/browse/electronics/all-samsung-tablets/3944_1078524_4108882_5771291"
            ],
            [
                "Laptop Bags, Cases & Sleeves",
                "/browse/electronics/laptop-bags-cases-sleeves/3944_3951_1089430_1230184_615980"
            ],
            [
                "Cases",
                "/browse/electronics/cases/3944_1078524_1225368_9395320"
            ],
            [
                "iPad Stylus Pens & Pencils",
                "/browse/electronics/ipad-stylus-pens-pencils/3944_1078524_1084930_9425354"
            ]
        ]
    },
    {
        "title": "Apple Cube and Lightning Cable, 3'",
        "url": "https://www.walmart.com/ip/Apple-Cube-and-Lightning-Cable-3/44886179",
        "price": "$15.89",
        "stars": "3.8",
        "ratings": "106 ",
        "img": "i5.walmartimages.com/asr/52a2df80-98ec-4e1b-9cfc-71a68d7575b3_1.4fbf81e4bfa56bc8feffa82b5b15ca83.jpeg?odnWidth=612&odnHeight=612&odnBg=ffffff",
        "tags": [
            [
                "All Phone Cables",
                "/browse/cell-phones/all-phone-cables/1105910_133161_6842958_1413855"
            ],
            [
                "iPhone Batteries Battery Packs and Power",
                "/browse/cell-phones/iphone-batteries-battery-packs-power/1105910_133161_1024881_3881430"
            ],
            [
                "Apple Phone Chargers",
                "/browse/cell-phones/apple-phone-chargers/1105910_133161_1072306_5297453_5115891"
            ],
            [
                "Apple Phone Cables",
                "/browse/cell-phones/apple-phone-cables/1105910_133161_6842958_4335636_7121255"
            ],
            [
                "All Phone Chargers",
                "/browse/cell-phones/all-phone-chargers/1105910_133161_1072306_7133056"
            ],
            [
                "Phone Wall Power Adapters",
                "/browse/cell-phones/phone-wall-power-adapters/1105910_133161_7453243_7991519"
            ],
            [
                "Lightning Cable",
                "/browse/cell-phones/lightning-cable/1105910_133161_1072306_1791370_8216443"
            ]
        ]
    },
    {
        "title": "PhoneSpa Portable UVC Wand Sanitizer EPA Est. 96641-CHN-001",
        "url": "https://www.walmart.com/ip/PhoneSpa-Portable-UVC-Wand-Sanitizer-EPA-Est-96641-CHN-001/674399629",
        "price": "$9.88",
        "stars": "3.8",
        "ratings": "232 ",
        "img": "i5.walmartimages.com/asr/52632451-765f-41c3-a420-cf4f10483908.fa44a9e1a95f687973f3dd2c344c81be.jpeg?odnWidth=612&odnHeight=612&odnBg=ffffff",
        "tags": []
    },
    {
        "title": "SanDisk 32GB Class 4 SD Card",
        "url": "https://www.walmart.com/ip/SanDisk-32GB-Class-4-SD-Card/23350706",
        "price": "$9.99",
        "stars": "4.6",
        "ratings": "192 ",
        "img": "",
        "tags": [
            [
                "Point & Shoot Cameras",
                "/browse/electronics/point-shoot-cameras/3944_133277_1166834"
            ],
            [
                "Kodak Cameras",
                "/browse/electronics/kodak-cameras/3944_133277_1231331_1231337"
            ],
            [
                "Camera Bags & Cases",
                "/browse/electronics/camera-bags-cases/3944_133277_132913_978661_3591695"
            ],
            [
                "All Cameras",
                "/browse/electronics/all-cameras/3944_133277_4468"
            ],
            [
                "Micro SD Cards",
                "/browse/electronics/micro-sd-cards/3944_133277_132913_63988_4590075"
            ],
            [
                "onn. Camera Accessories",
                "/browse/electronics/onn-camera-accessories/3944_133277_132913_4323092_5259738"
            ],
            [
                "USB Flash Drives",
                "/browse/electronics/usb-flash-drives/3944_3951_132959_529295"
            ]
        ]
    },
    {
        "title": "HP K1500 Wired Keyboard",
        "url": "https://www.walmart.com/ip/HP-K1500-Wired-Keyboard/29861052",
        "price": "$6.99",
        "stars": "4.5",
        "ratings": "417 ",
        "img": "i5.walmartimages.com/asr/3324d8b1-0c7d-4107-997e-41ebb134dd79.d440d18b38dd40309d5b8b1ee5b24e0e.jpeg?odnWidth=612&odnHeight=612&odnBg=ffffff",
        "tags": [
            [
                "Wired Keyboard & Mouse Combos",
                "/browse/electronics/wired-keyboard-mouse-combos/3944_3951_132959_1008621_7197407_1864022"
            ],
            [
                "Ergonomic Keyboards",
                "/browse/electronics/ergonomic-keyboards/3944_3951_132959_1008621_7450208_2615471"
            ],
            [
                "Wireless Keyboards",
                "/browse/electronics/wireless-keyboards/3944_3951_132959_1008621_7450208_4442"
            ],
            [
                "Wireless Keyboard & Mouse Combos",
                "/browse/electronics/wireless-keyboard-mouse-combos/3944_3951_132959_1008621_7197407_5672621"
            ],
            [
                "Wired Mouse",
                "/browse/electronics/wired-mouse/3944_3951_132959_1008621_4842284_7047428"
            ],
            [
                "PC Gaming Keyboards",
                "/browse/electronics/pc-gaming-keyboards/3944_3951_7052607_9433123_9135152"
            ],
            [
                "onn. Computer Accessories",
                "/browse/electronics/onn-computer-accessories/3944_7838866_3004279_2376133_9826274"
            ]
        ]
    },
    {
        "title": "Ergonomic Mouse Pad with Wrist Rest Support | Eliminates All Pains, Carpal Tunnel & Any Other Wrist Discomfort, Non-Slip Base Gaming Mouse Mat for Laptop, Mac, Durable & Comfortable for Easy Typing",
        "url": "https://www.walmart.com/ip/Ergonomic-Mouse-Pad-Wrist-Rest-Support-Eliminates-All-Pains-Carpal-Tunnel-Any-Other-Discomfort-Non-Slip-Base-Gaming-Mat-Laptop-Mac-Durable-Comfortabl/504986310",
        "price": "$5.97",
        "stars": "2.8",
        "ratings": "71 ",
        "img": "i5.walmartimages.com/asr/ec9527d2-6886-4620-ba5b-5d08cb1e9710.470e102f1f1cfd7965fc797d06a62d35.jpeg?odnWidth=612&odnHeight=612&odnBg=ffffff",
        "tags": [
            [
                "Wireless Mouse",
                "/browse/electronics/wireless-mouse/3944_3951_132959_1008621_4842284_164214"
            ],
            [
                "Mouse Pads & Wrist Rests",
                "/browse/electronics/mouse-pads-wrist-rests/3944_3951_132959_1008621_4842284_4718636"
            ],
            [
                "Acer",
                "/browse/electronics/acer/3944_6007298_1469597_5602761"
            ],
            [
                "Only at Walmart Electronics",
                "/browse/electronics/only-at-walmart-electronics/3944_7838866_7148103"
            ],
            [
                "Ergonomic & Trackball Mouse",
                "/browse/electronics/ergonomic-trackball-mouse/3944_3951_132959_1008621_4842284_9354061"
            ],
            [
                "All Acer",
                "/browse/electronics/all-acer/3944_4131277_3769940_9709474"
            ],
            [
                "onn. Computer Accessories",
                "/browse/electronics/onn-computer-accessories/3944_7838866_3004279_2376133_9826274"
            ]
        ]
    },
    {
        "title": "Anker PowerLine Select+ USB-C to USB-C Cable [6ft USB-IF Certified], 60W Power Delivery PD Charging for Apple MacBook, iPad Pro 2020, Google Pixel 3a/4 XL and More Type-C Devices",
        "url": "https://www.walmart.com/ip/Anker-PowerLine-Select-USB-C-Cable-6ft-USB-IF-Certified-60W-Power-Delivery-PD-Charging-Apple-MacBook-iPad-Pro-2020-Google-Pixel-3a-4-XL-More-Type-C-D/546497072",
        "price": "$9.97",
        "stars": "5.0",
        "ratings": "1 ",
        "img": "i5.walmartimages.com/asr/eb431f58-1e62-408f-ab89-6ac9087fc639_1.048e2ddcd8bba35a0dc70d93a79330ef.png?odnWidth=612&odnHeight=612&odnBg=ffffff",
        "tags": [
            [
                "All Phone Cables",
                "/browse/cell-phones/all-phone-cables/1105910_133161_6842958_1413855"
            ],
            [
                "Anker Phone Accessories",
                "/browse/cell-phones/anker-phone-accessories/1105910_133161_9140496_2667046"
            ],
            [
                "Apple Phone Cables",
                "/browse/cell-phones/apple-phone-cables/1105910_133161_6842958_4335636_7121255"
            ],
            [
                "Belkin Phone Cables",
                "/browse/cell-phones/belkin-phone-cables/1105910_133161_6842958_4335636_7787918"
            ],
            [
                "Belkin Phone Adapter and Cables",
                "/browse/cell-phones/belkin-phone-adapter-cables/1105910_133161_9140496_1930230_8194306"
            ],
            [
                "Lightning Cable",
                "/browse/cell-phones/lightning-cable/1105910_133161_1072306_1791370_8216443"
            ],
            [
                "Anker Phone Chargers",
                "/browse/cell-phones/anker-phone-chargers/1105910_133161_1072306_5297453_8509221"
            ]
        ]
    }
]