[
    {
        "title": "Nikon AF Nikkor 50mm f/1.8D Standard Lens",
        "url": "https://www.walmart.com/ip/Nikon-AF-Nikkor-50mm-f-1-8D-Standard-Lens/14122854",
        "price": "$114.07",
        "stars": "4.7",
        "ratings": "238 ",
        "img": "",
        "tags": [
            [
                "Digital SLR Cameras",
                "/browse/electronics/digital-slr-cameras/3944_133277_1096663"
            ],
            [
                "Waterproof Cameras",
                "/browse/electronics/waterproof-cameras/3944_133277_1166835"
            ],
            [
                "Nikon Cameras",
                "/browse/electronics/nikon-cameras/3944_133277_1231331_1231332"
            ],
            [
                "Camera Flashes",
                "/browse/electronics/camera-flashes/3944_133277_132913_1079108_2624563"
            ],
            [
                "Nikon Lenses",
                "/browse/electronics/nikon-lenses/3944_133277_132913_1231342_3333619"
            ],
            [
                "All Cameras",
                "/browse/electronics/all-cameras/3944_133277_4468"
            ],
            [
                "Nikon",
                "/browse/electronics/nikon/3944_4131277_9909765"
            ]
        ]
    },
    {
        "title": "NK 5-in-1 Reflector Photography 24-Inch 60cm Photo Studio Portable Collapsible Round Light Reflectors/Diffuser Accessories Kit with Carrying Case for Outdoor Camera Vedio Lighting",
        "url": "https://www.walmart.com/ip/NK-5-in-1-Reflector-Photography-24-Inch-60cm-Photo-Studio-Portable-Collapsible-Round-Light-Reflectors-Diffuser-Accessories-Kit-Carrying-Case-Outdoor-/378440520",
        "price": "$11.97",
        "stars": "5.0",
        "ratings": "1 ",
        "img": "i5.walmartimages.com/asr/85f2e298-ddb4-479e-8627-3821580efc14_1.59f15d08306ddbeb5f098b19bdc0cfc2.jpeg?odnWidth=612&odnHeight=612&odnBg=ffffff",
        "tags": [
            [
                "Cooling Pads & Lights",
                "/browse/electronics/cooling-pads-lights/3944_3951_132959_1074265"
            ],
            [
                "Other Camera Accessories",
                "/browse/electronics/other-camera-accessories/3944_133277_132913_4539"
            ],
            [
                "Complete Tripods",
                "/browse/electronics/complete-tripods/3944_133277_132913_77512_5102183"
            ],
            [
                "On-Camera Lighting",
                "/browse/electronics/on-camera-lighting/3944_133277_132913_1079108_5953161"
            ],
            [
                "Light Stands & Booms",
                "/browse/electronics/light-stands-booms/3944_133277_132913_6594913_6684130"
            ],
            [
                "Photo Studio Backgrounds",
                "/browse/electronics/photo-studio-backgrounds/3944_133277_132913_6594913_9632790"
            ]
        ]
    },
    {
        "title": "Moultrie 16G SD Memory Card",
        "url": "https://www.walmart.com/ip/Moultrie-16G-SD-Memory-Card/34456751",
        "price": "$20.54",
        "stars": "2.0",
        "ratings": "3 ",
        "img": "i5.walmartimages.com/asr/d80620f4-91ec-42ae-a636-5126be63c575_1.8833431715c4de84acceda22c9bb430d.jpeg?odnWidth=612&odnHeight=612&odnBg=ffffff",
        "tags": [
            [
                "Spypoint Cameras",
                "/browse/sports-outdoors/spypoint-cameras/4125_546956_4155_3292531_1833289"
            ],
            [
                "Mossy Oak Game Cameras",
                "/browse/sports-outdoors/mossy-oak-game-cameras/4125_546956_6562596_7551239_2050103"
            ],
            [
                "Infrared Trail Cameras",
                "/browse/sports-outdoors/infrared-trail-cameras/4125_546956_4155_3292531_2711684"
            ],
            [
                "Browning Trail Cameras",
                "/browse/sports-outdoors/browning-trail-cameras/4125_546956_4155_3292531_5095542"
            ],
            [
                "Mossy Oak Game Management",
                "/browse/sports-outdoors/mossy-oak-game-management/4125_546956_6562596_7551239_5850697"
            ],
            [
                "Game Camera Accessories",
                "/browse/sports-outdoors/game-camera-accessories/4125_546956_4155_3292531_6860802"
            ],
            [
                "Feed for Deer",
                "/browse/sports-outdoors/feed-for-deer/4125_546956_4155_1079944_7986747"
            ],
            [
                "Cellular Trail Cameras",
                "/browse/sports-outdoors/cellular-trail-cameras/4125_546956_4155_3292531_8207981"
            ]
        ]
    },
    {
        "title": "Refurbished Protocol 6182-7RCHA WAL Director Foldable Drone with Live Streaming Camera",
        "url": "https://www.walmart.com/ip/Refurbished-Protocol-6182-7RCHA-WAL-Director-Foldable-Drone-with-Live-Streaming-Camera/183571112",
        "price": "$35.00",
        "stars": "3.5",
        "ratings": "4 ",
        "img": "",
        "tags": [
            [
                "HD Drones",
                "/browse/electronics/hd-drones/3944_5525941_1677970_1837338"
            ],
            [
                "Foldable Drones",
                "/browse/electronics/foldable-drones/3944_5525941_2616723"
            ],
            [
                "Beginner Drones",
                "/browse/electronics/beginner-drones/3944_5525941_4346614_2881959"
            ],
            [
                "RC Drones",
                "/browse/electronics/rc-drones/3944_5525941_6042620"
            ],
            [
                "Intermediate Drones",
                "/browse/electronics/intermediate-drones/3944_5525941_4346614_6345846"
            ],
            [
                "Protocol Drones",
                "/browse/electronics/protocol-drones/3944_5525941_5960206_7986424"
            ],
            [
                "Shop All Drones",
                "/browse/electronics/shop-all-drones/3944_5525941_8120586"
            ],
            [
                "Advanced Drones",
                "/browse/electronics/advanced-drones/3944_5525941_4346614_8463965"
            ]
        ]
    },
    {
        "title": "S66 RC Drone with Camera 4K Drone Dual Camera Optical Flow Positioning  WiFi FPV Drone Headless Mode Altitude Hold Gesture Photo Video Track Flight 3D Filp RC Qudcopter Portable Bag",
        "url": "https://www.walmart.com/ip/S66-RC-Drone-Camera-4K-Dual-Optical-Flow-Positioning-WiFi-FPV-Headless-Mode-Altitude-Hold-Gesture-Photo-Video-Track-Flight-3D-Filp-Qudcopter-Portable/901751090",
        "price": "$30.99",
        "stars": 0,
        "ratings": 0,
        "img": "i5.walmartimages.com/asr/0f919556-3ccc-4b68-a6c5-69d86afb9366.176cd984f6a532a0a8c9fa3a534e1220.jpeg?odnWidth=612&odnHeight=612&odnBg=ffffff",
        "tags": [
            [
                "Foldable Drones",
                "/browse/electronics/foldable-drones/3944_5525941_2616723"
            ],
            [
                "Beginner Drones",
                "/browse/electronics/beginner-drones/3944_5525941_4346614_2881959"
            ],
            [
                "All Drones with Cameras",
                "/browse/electronics/all-drones-with-cameras/3944_5525941_1677970_3044927"
            ],
            [
                "DJI Drones",
                "/browse/electronics/dji-drones/3944_5525941_5960206_3976514"
            ],
            [
                "RC Drones",
                "/browse/electronics/rc-drones/3944_5525941_6042620"
            ],
            [
                "Intermediate Drones",
                "/browse/electronics/intermediate-drones/3944_5525941_4346614_6345846"
            ],
            [
                "Shop All Drones",
                "/browse/electronics/shop-all-drones/3944_5525941_8120586"
            ],
            [
                "Advanced Drones",
                "/browse/electronics/advanced-drones/3944_5525941_4346614_8463965"
            ]
        ]
    },
    {
        "title": "SanDisk SDSDB-016G-B35",
        "url": "https://www.walmart.com/ip/SanDisk-SDSDB-016G-B35/15908198",
        "price": "$10.88",
        "stars": "4.1",
        "ratings": "10 ",
        "img": "",
        "tags": [
            [
                "Hard Drive Accessories",
                "/browse/electronics/hard-drive-accessories/3944_3951_1073804_1075964"
            ],
            [
                "Premium Solid State Drives",
                "/browse/electronics/premium-solid-state-drives/3944_3951_4991337_4954263_2052879"
            ],
            [
                "Micro SD Cards",
                "/browse/electronics/micro-sd-cards/3944_133277_132913_63988_4590075"
            ],
            [
                "onn. Camera Accessories",
                "/browse/electronics/onn-camera-accessories/3944_133277_132913_4323092_5259738"
            ],
            [
                "USB Flash Drives",
                "/browse/electronics/usb-flash-drives/3944_3951_132959_529295"
            ],
            [
                "Sony",
                "/browse/electronics/sony/3944_4131277_7675262"
            ],
            [
                "Solid State Drives",
                "/browse/electronics/solid-state-drives/3944_3951_1073804_9168964"
            ]
        ]
    },
    {
        "title": "Kadell 1080P HD Mini IP WIFI Magnetic Camera Camcorder Wireless Home Security Car DVR Support Night Vision Video Recording",
        "url": "https://www.walmart.com/ip/Kadell-1080P-HD-Mini-IP-WIFI-Magnetic-Camera-Camcorder-Wireless-Home-Security-Car-DVR-Support-Night-Vision-Video-Recording/704772844",
        "price": "$45.97",
        "stars": "2.8",
        "ratings": "5 ",
        "img": "i5.walmartimages.com/asr/18429b8e-dbe3-4246-884d-84a611bb0145_1.34b9e7dc73f249f531cac7c87d2345da.jpeg?odnWidth=612&odnHeight=612&odnBg=ffffff",
        "tags": [
            [
                "Garage Door Openers",
                "/browse/home-improvement/garage-door-openers/1072864_1067618_1230774_1044059"
            ],
            [
                "Motion Detectors",
                "/browse/home-improvement/motion-detectors/1072864_1068865_1231087_1231006"
            ],
            [
                "Security Lighting",
                "/browse/home-improvement/security-lighting/1072864_1068865_1231087_1231012"
            ],
            [
                "All Garage Door Hardware",
                "/browse/home-improvement/all-garage-door-hardware/1072864_1067618_1230774_1230775_1987259"
            ],
            [
                "Chamberlain Garage Door Openers",
                "/browse/home-improvement/chamberlain-garage-door-openers/1072864_1067618_1230774_6299231_3902106"
            ],
            [
                "Garage Door Opener Parts",
                "/browse/home-improvement/garage-door-opener-parts/1072864_1067618_5820918"
            ],
            [
                "All Home Security",
                "/browse/home-improvement/all-home-security/1072864_1068865_971281"
            ]
        ]
    },
    {
        "title": "WinSpin 10 Ft Adjustable Background Banner Stand Backdrop Exhibitor Expanding Display",
        "url": "https://www.walmart.com/ip/WinSpin-10-Ft-Adjustable-Background-Banner-Stand-Backdrop-Exhibitor-Expanding-Display/551505183",
        "price": "$65.90",
        "stars": "5.0",
        "ratings": "2 ",
        "img": "i5.walmartimages.com/asr/066e3910-9c86-430e-a925-f0b687992024.68acfcac2cc00e192d0bcc96260f2776.jpeg?odnWidth=612&odnHeight=612&odnBg=ffffff",
        "tags": [
            [
                "Projector Screens",
                "/browse/electronics/projector-screens/3944_77622_7549938_1230491_1230492"
            ],
            [
                "RCA",
                "/browse/electronics/rca/3944_4131277_1776549"
            ],
            [
                "Other Camera Accessories",
                "/browse/electronics/other-camera-accessories/3944_133277_132913_4539"
            ],
            [
                "Complete Tripods",
                "/browse/electronics/complete-tripods/3944_133277_132913_77512_5102183"
            ],
            [
                "Studio Lighting",
                "/browse/electronics/studio-lighting/3944_133277_132913_6594913_5413954"
            ],
            [
                "Light Stands & Booms",
                "/browse/electronics/light-stands-booms/3944_133277_132913_6594913_6684130"
            ]
        ]
    },
    {
        "title": "onn. Camera Case for DSLR",
        "url": "https://www.walmart.com/ip/onn-Camera-Case-for-DSLR/724818786",
        "price": "$12.88",
        "stars": "4.4",
        "ratings": "12 ",
        "img": "i5.walmartimages.com/asr/c167b228-03f0-445e-aff0-92e50e17e1d6.0f495fe69ddf496ac9a46358fbaebb0f.jpeg?odnWidth=612&odnHeight=612&odnBg=ffffff",
        "tags": [
            [
                "GoPro Accessories",
                "/browse/electronics/gopro-accessories/3944_133277_1230678_1231341"
            ],
            [
                "Camcorder Bags & Cases",
                "/browse/electronics/camcorder-bags-cases/3944_133277_1231377_1231386"
            ],
            [
                "Camera Bags & Cases",
                "/browse/electronics/camera-bags-cases/3944_133277_132913_978661_3591695"
            ],
            [
                "GoPro",
                "/browse/electronics/gopro/3944_4131277_4316150"
            ],
            [
                "onn. Camera Accessories",
                "/browse/electronics/onn-camera-accessories/3944_133277_132913_4323092_5259738"
            ],
            [
                "Other Camcorder Accessories",
                "/browse/electronics/other-camcorder-accessories/3944_133277_1231377_978699"
            ]
        ]
    },
    {
        "title": "HeimVision CA01 Security Camera, Only Compatible with HeimVision HM241/HM243 8CH Security Camera System, Bullet Surveillance Cameras",
        "url": "https://www.walmart.com/ip/HeimVision-CA01-Security-Camera-Only-Compatible-with-HeimVision-HM241-HM243-8CH-Security-Camera-System-Bullet-Surveillance-Cameras/450423485",
        "price": "$39.99",
        "stars": 0,
        "ratings": 0,
        "img": "i5.walmartimages.com/asr/a4beed85-aaf8-49d7-8d71-2421729d7e2f_1.30bb401569e5bf2a460ea2e777bbc6eb.jpeg?odnWidth=612&odnHeight=612&odnBg=ffffff",
        "tags": [
            [
                "Surveillance Cameras",
                "/browse/electronics/surveillance-cameras/3944_133277_1224850"
            ],
            [
                "Wireless Cameras",
                "/browse/electronics/wireless-cameras/3944_1229875_6357978_5718781_9232158_2852655"
            ],
            [
                "Smart Pet Monitors",
                "/browse/electronics/smart-pet-monitors/3944_1229875_6357978_5718781_3074078_3218445"
            ],
            [
                "Indoor Security Cameras",
                "/browse/electronics/indoor-security-cameras/3944_1229875_6357978_5718781_9232158_4993152"
            ],
            [
                "RC Drones",
                "/browse/electronics/rc-drones/3944_5525941_6042620"
            ],
            [
                "Intermediate Drones",
                "/browse/electronics/intermediate-drones/3944_5525941_4346614_6345846"
            ],
            [
                "Smart Security Cameras",
                "/browse/electronics/smart-security-cameras/3944_1229875_6357978_5718781_9232158_7064887"
            ]
        ]
    }
]