[
    {
        "title": "Whistler WS1025 Analog Desktop Radio Scanner & WS1010 Analog Handheld Radio Scanner 1010",
        "url": "https://www.walmart.com/ip/Whistler-WS1025-Analog-Desktop-Radio-Scanner-WS1010-Analog-Handheld-Radio-Scanner-1010/748855225",
        "price": "$189.99",
        "stars": "4.5",
        "ratings": "4 ",
        "img": "i5.walmartimages.com/asr/e55524ed-e8fc-449d-beaa-0582ffab0bcc_1.b941db0b4526e71c3a0e8b91568c2382.jpeg?odnWidth=612&odnHeight=612&odnBg=ffffff",
        "tags": [
            [
                "Automotive Electrical",
                "/browse/auto-tires/automotive-electrical/91083_5941050_1072091"
            ],
            [
                "Marine Bulk Buys",
                "/browse/auto-tires/marine-bulk-buys/91083_4520523_2167022"
            ],
            [
                "All Car Decoration",
                "/browse/auto-tires/all-car-decoration/91083_1074784_4491859_2970442"
            ],
            [
                "Radar Detectors",
                "/browse/auto-tires/radar-detectors/91083_3947_52816"
            ],
            [
                "All Auto Accessories",
                "/browse/auto-tires/all-auto-accessories/91083_3947_1616075_6735898"
            ],
            [
                "Antennas & Antenna Adapters",
                "/browse/auto-tires/antennas-antenna-adapters/91083_3947_2717013_2507036_8719493"
            ],
            [
                "Car Radio Antennas",
                "/browse/auto-tires/car-radio-antennas/91083_3947_1616075_8892333"
            ]
        ]
    },
    {
        "title": "FM Antenna for Stereo Receiver Indoor, EEEkit FM Radio Antenna 75 Ohm/300Ohm Type Coaxial Cable Wire Antenna for Yamaha Onkyo Denon etc Table Top Home Stereo Receiver Radio Receiver Antenna",
        "url": "https://www.walmart.com/ip/FM-Antenna-Stereo-Receiver-Indoor-EEEkit-Radio-75-Ohm-300Ohm-Type-Coaxial-Cable-Wire-Yamaha-Onkyo-Denon-etc-Table-Top-Home/528466211",
        "price": "$8.97",
        "stars": "5.0",
        "ratings": "1 ",
        "img": "i5.walmartimages.com/asr/ef9a76d6-a119-4353-b964-50a110d7fc41_1.038a9c933a28b4fd1c912c3cd8101738.jpeg?odnWidth=612&odnHeight=612&odnBg=ffffff",
        "tags": [
            [
                "Antenna Signal Amplifiers",
                "/browse/electronics/antenna-signal-amplifiers/3944_1060825_133270_1224691"
            ],
            [
                "HDMI Splitters",
                "/browse/electronics/hdmi-splitters/3944_1060825_133270_7412812_1746474"
            ],
            [
                "RCA",
                "/browse/electronics/rca/3944_4131277_1776549"
            ],
            [
                "TV Antennas",
                "/browse/electronics/tv-antennas/3944_1060825_133270_4536"
            ],
            [
                "CD/DVD Drives",
                "/browse/electronics/cd-dvd-drives/3944_3951_132959_645319_522484"
            ],
            [
                "Coaxial Cables",
                "/browse/electronics/coaxial-cables/3944_1060825_133270_5465689"
            ],
            [
                "Cobra Electronics",
                "/browse/electronics/cobra-electronics/3944_4131277_6062523"
            ],
            [
                "onn. TV & Video Accessories",
                "/browse/electronics/onn-tv-video-accessories/3944_7838866_3004279_2376133_9766217_6428762"
            ]
        ]
    },
    {
        "title": "OEM Fast USB C Car Charger, Compatible for Samsung Galaxy S20/S20 Plus/S20 Ultra/S10+/S10e/S9/S8 Active/Note 10/Note 9/8/A20/A50/A70, Dual USB Adaptive Fast Car Charger with Type C Cable",
        "url": "https://www.walmart.com/ip/OEM-Fast-USB-C-Car-Charger-Compatible-Samsung-Galaxy-S20-S20-Plus-S20-Ultra-S10-S10e-S9-S8-Active-Note-10-Note-9-8-A20-A50-A70-Dual-Adaptive-Charger-/733917179",
        "price": "$14.95",
        "stars": "3.0",
        "ratings": "1 ",
        "img": "",
        "tags": [
            [
                "Samsung Phone Chargers",
                "/browse/cell-phones/samsung-phone-chargers/1105910_133161_9140496_4701125_1280477"
            ],
            [
                "Micro USB Cable",
                "/browse/cell-phones/micro-usb-cable/1105910_133161_1072306_5756081_2033340"
            ],
            [
                "Samsung Phone Cables and Adapters",
                "/browse/cell-phones/samsung-phone-cables-adapters/1105910_133161_9140496_4701125_4331819"
            ],
            [
                "All Phone Chargers",
                "/browse/cell-phones/all-phone-chargers/1105910_133161_1072306_7133056"
            ],
            [
                "Phone Wall Power Adapters",
                "/browse/cell-phones/phone-wall-power-adapters/1105910_133161_7453243_7991519"
            ],
            [
                "Car Chargers",
                "/browse/cell-phones/car-chargers/1105910_133161_1072306_9376562"
            ]
        ]
    },
    {
        "title": "Weather- Universal Cup Cup Holder Car Mount for Cell Phone Adjustable -Tech",
        "url": "https://www.walmart.com/ip/Weather-Universal-Cup-Cup-Holder-Car-Mount-for-Cell-Phone-Adjustable-Tech/442106759",
        "price": "$15.77",
        "stars": "4.3",
        "ratings": "3 ",
        "img": "",
        "tags": [
            [
                "Vent Phone Car Holders",
                "/browse/cell-phones/vent-phone-car-holders/1105910_133161_1072308_4199608_2779850"
            ],
            [
                "Scosche Phone Car Holders",
                "/browse/cell-phones/scosche-phone-car-holders/1105910_133161_1072308_1847750_4320346"
            ],
            [
                "Dashboard Phone Car Holders",
                "/browse/cell-phones/dashboard-phone-car-holders/1105910_133161_1072308_4199608_4598354"
            ],
            [
                "All Phone Car Holders",
                "/browse/cell-phones/all-phone-car-holders/1105910_133161_1072308_5978976"
            ],
            [
                "Magnetic Phone Car Holders",
                "/browse/cell-phones/magnetic-phone-car-holders/1105910_133161_1072308_4199608_8887794"
            ],
            [
                "Windshield Phone Car Holders",
                "/browse/cell-phones/windshield-phone-car-holders/1105910_133161_1072308_4199608_9023686"
            ],
            [
                "Mpow Phone Car Holders",
                "/browse/cell-phones/mpow-phone-car-holders/1105910_133161_1072308_1847750_9756648"
            ]
        ]
    },
    {
        "title": "Verizon Coiled Car Charger with Micro-USB Connector and Extra USB Port - Black",
        "url": "https://www.walmart.com/ip/Verizon-Coiled-Car-Charger-with-Micro-USB-Connector-and-Extra-USB-Port-Black/874728978",
        "price": "$6.11",
        "stars": "5.0",
        "ratings": "3 ",
        "img": "i5.walmartimages.com/asr/b42c0f1c-cf26-45fe-b60d-97fdb986aafd_1.7a62c7811d48b45a8de952c3c4e4be81.jpeg?odnWidth=612&odnHeight=612&odnBg=ffffff",
        "tags": [
            [
                "Shop all Wireless Chargers",
                "/browse/cell-phones/shop-all-wireless-chargers/1105910_133161_1072306_3318301_1392181"
            ],
            [
                "Wireless Charging Pad",
                "/browse/cell-phones/wireless-charging-pad/1105910_133161_1072306_3318301_9906404_2475139"
            ],
            [
                "Anker Phone Accessories",
                "/browse/cell-phones/anker-phone-accessories/1105910_133161_9140496_2667046"
            ],
            [
                "Phone Wall Power Adapters",
                "/browse/cell-phones/phone-wall-power-adapters/1105910_133161_7453243_7991519"
            ]
        ]
    },
    {
        "title": "Cup Holder Phone Mount Universal Adjustable Gooseneck Cup Holder Cradle Car Mount for Cell Phone iPhone Xs/XS Max/X/8/7 Plus/Galaxy",
        "url": "https://www.walmart.com/ip/Cup-Holder-Phone-Mount-Universal-Adjustable-Gooseneck-Cup-Holder-Cradle-Car-Mount-for-Cell-Phone-iPhone-Xs-XS-Max-X-8-7-Plus-Galaxy/481640974",
        "price": "$13.99",
        "stars": "4.5",
        "ratings": "4 ",
        "img": "",
        "tags": [
            [
                "Vent Phone Car Holders",
                "/browse/cell-phones/vent-phone-car-holders/1105910_133161_1072308_4199608_2779850"
            ],
            [
                "Scosche Phone Car Holders",
                "/browse/cell-phones/scosche-phone-car-holders/1105910_133161_1072308_1847750_4320346"
            ],
            [
                "Dashboard Phone Car Holders",
                "/browse/cell-phones/dashboard-phone-car-holders/1105910_133161_1072308_4199608_4598354"
            ],
            [
                "All Phone Car Holders",
                "/browse/cell-phones/all-phone-car-holders/1105910_133161_1072308_5978976"
            ],
            [
                "Magnetic Phone Car Holders",
                "/browse/cell-phones/magnetic-phone-car-holders/1105910_133161_1072308_4199608_8887794"
            ],
            [
                "Windshield Phone Car Holders",
                "/browse/cell-phones/windshield-phone-car-holders/1105910_133161_1072308_4199608_9023686"
            ],
            [
                "Mpow Phone Car Holders",
                "/browse/cell-phones/mpow-phone-car-holders/1105910_133161_1072308_1847750_9756648"
            ]
        ]
    },
    {
        "title": "Pyle PLMRLEWB47BB 4 Inch 300 Watt Bluetooth Marine Tower Speaker System, Pair",
        "url": "https://www.walmart.com/ip/Pyle-PLMRLEWB47BB-4-Inch-300-Watt-Bluetooth-Marine-Tower-Speaker-System-Pair/273897038",
        "price": "$89.99",
        "stars": "5.0",
        "ratings": "1 ",
        "img": "",
        "tags": [
            [
                "6.5\" Car Speakers",
                "/browse/auto-tires/65-car-speakers/91083_3947_7971853_3484608"
            ],
            [
                "Motorcycle Speakers",
                "/browse/auto-tires/motorcycle-speakers/91083_3947_9390194_4382778"
            ],
            [
                "Car Speakers",
                "/browse/auto-tires/car-speakers/91083_3947_7971853_5372919"
            ],
            [
                "Pyle Car Speakers",
                "/browse/auto-tires/pyle-car-speakers/91083_3947_7971853_6220434"
            ],
            [
                "ATV Speakers",
                "/browse/auto-tires/atv-speakers/91083_3947_4172484_7353946"
            ],
            [
                "ATV Sound Systems",
                "/browse/auto-tires/atv-sound-systems/91083_3947_4172484_8248417"
            ],
            [
                "ATV Amplifiers",
                "/browse/auto-tires/atv-amplifiers/91083_3947_4172484_8287913"
            ],
            [
                "Marine Speakers",
                "/browse/auto-tires/marine-speakers/91083_3947_9346320_9120939"
            ]
        ]
    },
    {
        "title": "$10 SIM Card for GSM GPS Tracker Pet Senior Kid Child Car Vehicle Smart Watches Tracking Device - USA Canada & Mexico Roaming",
        "url": "https://www.walmart.com/ip/10-SIM-Card-for-GSM-GPS-Tracker-Pet-Senior-Kid-Child-Car-Vehicle-Smart-Watches-Tracking-Device-USA-Canada-Mexico-Roaming/514415044",
        "price": "$13.99",
        "stars": "4.2",
        "ratings": "5 ",
        "img": "i5.walmartimages.com/asr/3b670dec-812f-4104-ad2a-7a5f429bfe1b_1.36d72f99e3355869337eba98ed18ade5.jpeg?odnWidth=612&odnHeight=612&odnBg=ffffff",
        "tags": [
            [
                "Auto GPS Units",
                "/browse/electronics/auto-gps-units/3944_538883_1005539"
            ],
            [
                "IFTTT Compatible",
                "/browse/electronics/ifttt-compatible/3944_1229875_3363825_1528848"
            ],
            [
                "All Garmin Products",
                "/browse/all-garmin-products/3944_2441148"
            ],
            [
                "Garmin GPS",
                "/browse/electronics/garmin-gps/3944_538883_3175447"
            ],
            [
                "GPS Trackers",
                "/browse/electronics/gps-trackers/3944_538883_3658397"
            ],
            [
                "Voice Recorders",
                "/browse/electronics/voice-recorders/3944_96469_4407"
            ],
            [
                "Handheld GPS Units",
                "/browse/electronics/handheld-gps-units/3944_538883_538886"
            ],
            [
                "Only at Walmart Electronics",
                "/browse/electronics/only-at-walmart-electronics/3944_7838866_7148103"
            ]
        ]
    },
    {
        "title": "Double DIN In-Dash Car Stereo Receiver w/ 6.5\" LCD Screen",
        "url": "https://www.walmart.com/ip/Double-DIN-In-Dash-Car-Stereo-Receiver-w-6-5-LCD-Screen/766218383",
        "price": "$189.95",
        "stars": 0,
        "ratings": 0,
        "img": "i5.walmartimages.com/asr/7b9d0d9a-a169-47bf-9842-61ac5a5d46d0_1.7b82696b343cdb7225ae42014aa9ff07.jpeg?odnWidth=612&odnHeight=612&odnBg=ffffff",
        "tags": [
            [
                "Android Auto Compatible Stereos",
                "/browse/auto-tires/android-auto-compatible-stereos/91083_3947_2573876_2877921"
            ],
            [
                "Apple CarPlay Compatible Stereos",
                "/browse/auto-tires/apple-carplay-compatible-stereos/91083_3947_2573876_3323474"
            ],
            [
                "Bluetooth Car Stereos",
                "/browse/auto-tires/bluetooth-car-stereos/91083_3947_2573876_3891066"
            ],
            [
                "Power Acoustik Car Stereos",
                "/browse/auto-tires/power-acoustik-car-stereos/91083_3947_2573876_4964712"
            ],
            [
                "Double Din Car Stereos",
                "/browse/auto-tires/double-din-car-stereos/91083_3947_2573876_5633735"
            ],
            [
                "All Car Stereos",
                "/browse/auto-tires/all-car-stereos/91083_3947_2573876_5664196"
            ],
            [
                "Pioneer Car Stereos",
                "/browse/auto-tires/pioneer-car-stereos/91083_3947_2573876_6372265"
            ],
            [
                "Blaupunkt Car Stereos",
                "/browse/auto-tires/blaupunkt-car-stereos/91083_3947_2573876_7725428"
            ]
        ]
    },
    {
        "title": "Power Acoustik BAMF 152 3,800W BAMF Series 15\" Dual 2-1/2 Subwoofer",
        "url": "https://www.walmart.com/ip/Power-Acoustik-BAMF-152-3-800W-BAMF-Series-15-Dual-2-1-2-Subwoofer/44803722",
        "price": "$147.99",
        "stars": "5.0",
        "ratings": "9 ",
        "img": "",
        "tags": [
            [
                "Monoblock Amplifiers",
                "/browse/auto-tires/monoblock-amplifiers/91083_3947_6434247_1759250"
            ],
            [
                "15\" Car Subwoofer",
                "/browse/auto-tires/15-car-subwoofer/91083_3947_8939357_3429048"
            ],
            [
                "Car Subwoofers",
                "/browse/auto-tires/car-subwoofers/91083_3947_8939357_3457477"
            ],
            [
                "InstallerNet",
                "/browse/auto-tires/installernet/91083_4521893_4514228"
            ],
            [
                "10\" Car Subwoofer",
                "/browse/auto-tires/10-car-subwoofer/91083_3947_8939357_6151795"
            ],
            [
                "8\" Car Subwoofer",
                "/browse/auto-tires/8-car-subwoofer/91083_3947_8939357_7017273"
            ],
            [
                "Pyle Car Subwoofers",
                "/browse/auto-tires/pyle-car-subwoofers/91083_3947_8939357_7469589"
            ],
            [
                "12\" Car Subwoofer",
                "/browse/auto-tires/12-car-subwoofer/91083_3947_8939357_9046409"
            ]
        ]
    }
]