[
    {
        "title": "SAMSUNG Galaxy Tab A 10.1\" 128GB Tablet, Black - SM-T510NZKGXAR",
        "url": "https://www.walmart.com/ip/SAMSUNG-Galaxy-Tab-A-10-1-128GB-Tablet-Black-SM-T510NZKGXAR/613567683",
        "price": "$329.99",
        "stars": "4.5",
        "ratings": "527 ",
        "img": "i5.walmartimages.com/asr/cf1db32a-81cd-4520-9331-5e4ca9e221db_1.93958a60746c2b087fd5a0b008cf02de.png?odnWidth=612&odnHeight=612&odnBg=ffffff",
        "tags": [
            [
                "All Tablets",
                "/browse/electronics/all-tablets/3944_1078524_1078084"
            ],
            [
                "Premium Tablets",
                "/browse/electronics/premium-tablets/3944_3951_4991337_4954263_2964099"
            ],
            [
                "Galaxy Tab A",
                "/browse/electronics/galaxy-tab-a/3944_1078524_4108882_6070789_4766972"
            ],
            [
                "All Android Tablets",
                "/browse/electronics/all-android-tablets/3944_1078524_1231200_6908210"
            ],
            [
                "Premium Home Computers",
                "/browse/electronics/premium-home-computers/3944_3951_4991337_9025941"
            ],
            [
                "Premium Samsung Computers",
                "/browse/electronics/premium-samsung-computers/3944_3951_4991337_5933389_9210604"
            ],
            [
                "Galaxy Tab S",
                "/browse/electronics/galaxy-tab-s/3944_1078524_4108882_6070789_9639941"
            ]
        ]
    },
    {
        "title": "Lenovo 15.6\" Casual Backpack B210 - Grey",
        "url": "https://www.walmart.com/ip/Lenovo-15-6-Casual-Backpack-B210-Grey/878857934",
        "price": "$17.00",
        "stars": "4.7",
        "ratings": "786 ",
        "img": "i5.walmartimages.com/asr/be065e04-6eee-4e12-85e3-70c259af8246_1.2af8be276f71dd08373e976a46de5114.jpeg?odnWidth=612&odnHeight=612&odnBg=ffffff",
        "tags": [
            [
                "Hard Drive Accessories",
                "/browse/electronics/hard-drive-accessories/3944_3951_1073804_1075964"
            ],
            [
                "Motile Sport Collection Bags",
                "/browse/electronics/motile-sport-collection-bags/3944_4131277_8847234_3594173_4892008_1252296"
            ],
            [
                "Wireless Mouse",
                "/browse/electronics/wireless-mouse/3944_3951_132959_1008621_4842284_164214"
            ],
            [
                "Motile Commuter Collection Bags",
                "/browse/electronics/motile-commuter-collection-bags/3944_4131277_8847234_3594173_4892008_4729896"
            ],
            [
                "Premium Computer Accessories",
                "/browse/electronics/premium-computer-accessories/3944_3951_4991337_4954263_5240299"
            ],
            [
                "HP Accessories",
                "/browse/electronics/hp-accessories/3944_4131277_7559616_5365608"
            ],
            [
                "Motile Organizers",
                "/browse/electronics/motile-organizers/3944_4131277_8847234_3594173_1393626_6650145"
            ]
        ]
    },
    {
        "title": "onn. Gaming LED Mouse Pad",
        "url": "https://www.walmart.com/ip/onn-Gaming-LED-Mouse-Pad/250031662",
        "price": "$14.94",
        "stars": "4.8",
        "ratings": "45 ",
        "img": "i5.walmartimages.com/asr/6a631c3d-207c-4bf1-b0fa-585fbc218a14.30a341b4b9885a8b60b301890c4cc99a.jpeg?odnWidth=612&odnHeight=612&odnBg=ffffff",
        "tags": [
            [
                "Wireless Mouse",
                "/browse/electronics/wireless-mouse/3944_3951_132959_1008621_4842284_164214"
            ],
            [
                "Mouse Pads & Wrist Rests",
                "/browse/electronics/mouse-pads-wrist-rests/3944_3951_132959_1008621_4842284_4718636"
            ],
            [
                "Steelseries",
                "/browse/electronics/steelseries/3944_4131277_5381658"
            ],
            [
                "Wired Mouse",
                "/browse/electronics/wired-mouse/3944_3951_132959_1008621_4842284_7047428"
            ],
            [
                "Razer",
                "/browse/electronics/razer/3944_4131277_8032453"
            ],
            [
                "PC Gaming Keyboards",
                "/browse/electronics/pc-gaming-keyboards/3944_3951_7052607_9433123_9135152"
            ],
            [
                "onn. Computer Accessories",
                "/browse/electronics/onn-computer-accessories/3944_7838866_3004279_2376133_9826274"
            ]
        ]
    },
    {
        "title": "Whistler WS1040 Digital Handheld Scanner",
        "url": "https://www.walmart.com/ip/Whistler-WS1040-Digital-Handheld-Scanner/42045604",
        "price": "$249.99",
        "stars": "4.0",
        "ratings": "31 ",
        "img": "i5.walmartimages.com/asr/8af9153e-0ec5-419d-8e68-0f2bc0fa992e_1.1cc62a896d7bd1d9617253ebc58d5246.jpeg?odnWidth=612&odnHeight=612&odnBg=ffffff",
        "tags": [
            [
                "Computer Cleaners",
                "/browse/office-supplies/computer-cleaners/1229749_1070964_1072399"
            ],
            [
                "Projectors & Presentation Equipment",
                "/browse/office-supplies/projectors-presentation-equipment/1229749_5041772_130472"
            ],
            [
                "Walkie Talkies & 2-Way Radios",
                "/browse/office-supplies/walkie-talkies-2-way-radios/1229749_1070964_3977_164120"
            ],
            [
                "Portable Typewriters",
                "/browse/office-supplies/portable-typewriters/1229749_1072413_2635301"
            ],
            [
                "Video Presenters",
                "/browse/office-supplies/video-presenters/1229749_5041772_4239530"
            ],
            [
                "All Typewriters",
                "/browse/office-supplies/all-typewriters/1229749_1072413_6366642"
            ],
            [
                "All Phones",
                "/browse/office-supplies/all-phones/1229749_1070964_3977_77478"
            ]
        ]
    },
    {
        "title": "Google Wifi - Whole Home Wi-Fi System - 3-Pack",
        "url": "https://www.walmart.com/ip/Google-Wifi-Whole-Home-Wi-Fi-System-3-Pack/886554733",
        "price": "$199.98",
        "stars": 0,
        "ratings": 0,
        "img": "i5.walmartimages.com/asr/66b917e6-d459-44f9-8c88-815863c0f3c7.3342e929be2c639d656e07a9676423da.jpeg?odnWidth=612&odnHeight=612&odnBg=ffffff",
        "tags": []
    },
    {
        "title": "ASTRO Gaming A10 Headset for Xbox One/Nintendo Switch / PS4 / PC and Mac - Wired 3.5mm and Boom Mic by Logitech - Bulk Packaging - Green/Black",
        "url": "https://www.walmart.com/ip/ASTRO-Gaming-A10-Headset-for-Xbox-One-Nintendo-Switch-PS4-PC-and-Mac-Wired-3-5mm-and-Boom-Mic-by-Logitech-Bulk-Packaging-Green-Black/144338495",
        "price": "$25.99",
        "stars": "2.8",
        "ratings": "24 ",
        "img": "",
        "tags": [
            [
                "Accessories for Nintendo, PC, Xbox and PlayStation Systems",
                "/browse/video-games/accessories-for-nintendo-pc-xbox-playstation-systems/2636_1229019_1040581"
            ],
            [
                "PlayStation 4 (PS4) Accessories",
                "/browse/video-games/playstation-4-ps4-accessories/2636_1102672_1106097"
            ],
            [
                "PlayStation 4 (PS4) Headsets",
                "/browse/video-games/playstation-4-ps4-headsets/2636_1102672_2075594"
            ],
            [
                "Xbox One Headsets",
                "/browse/video-games/xbox-one-headsets/2636_1224908_5566473"
            ],
            [
                "Refurbished Video Games Accessories",
                "/browse/video-games/refurbished-video-games-accessories/2636_1056224_6678351"
            ],
            [
                "PC Gaming USB Controllers + Joysticks",
                "/browse/video-games/pc-gaming-usb-controllers-joysticks/2636_1077504_9551409"
            ],
            [
                "Gaming Headsets",
                "/browse/video-games/gaming-headsets/2636_1229019_9585702"
            ]
        ]
    },
    {
        "title": "ASUS RT-AC66U Dual-Band 3 x 3 AC1750 Wi-Fi 4-Port Gigabit Router",
        "url": "https://www.walmart.com/ip/ASUS-RT-AC66U-Dual-Band-3-x-3-AC1750-Wi-Fi-4-Port-Gigabit-Router/154404292",
        "price": "$111.04",
        "stars": "4.8",
        "ratings": "24 ",
        "img": "",
        "tags": [
            [
                "TP-Link Routers",
                "/browse/electronics/tp-link-routers/3944_3951_126297_1487015"
            ],
            [
                "All ASUS",
                "/browse/electronics/all-asus/3944_4131277_3016080"
            ],
            [
                "Netgear",
                "/browse/electronics/netgear/3944_4131277_3248764"
            ],
            [
                "Netgear Routers",
                "/browse/electronics/netgear-routers/3944_3951_126297_4436654"
            ],
            [
                "ASUS",
                "/browse/electronics/asus/3944_4131277_5519395"
            ],
            [
                "Traditional Routers for Light Internet Use",
                "/browse/electronics/traditional-routers-for-light-internet-use/3944_3951_126297_1073784_5450801_6360281"
            ],
            [
                "Only at Walmart Electronics",
                "/browse/electronics/only-at-walmart-electronics/3944_7838866_7148103"
            ],
            [
                "Traditional Routers for Moderate Internet Use",
                "/browse/electronics/traditional-routers-for-moderate-internet-use/3944_3951_126297_1073784_5450801_9769523"
            ]
        ]
    },
    {
        "title": "HP 952 Ink Cartridge, Black (F6U15AN)",
        "url": "https://www.walmart.com/ip/HP-952-Ink-Cartridge-Black-F6U15AN/49942194",
        "price": "$33.89",
        "stars": "4.4",
        "ratings": "105 ",
        "img": "",
        "tags": [
            [
                "Sennheiser Headphones",
                "/browse/electronics/sennheiser-headphones/3944_133251_1095191_1231498_1231502"
            ],
            [
                "Printer Ink",
                "/browse/electronics/printer-ink/3944_3951_37807_133104"
            ],
            [
                "HP Printer Ink and Toner",
                "/browse/electronics/hp-printer-ink-toner/3944_4131277_7559616_3252233"
            ],
            [
                "All-in-One Printers",
                "/browse/electronics/all-in-one-printers/3944_3951_37807_163957_4175270"
            ],
            [
                "All PC Microphones",
                "/browse/electronics/all-pc-microphones/3944_3951_132959_645320_424722"
            ],
            [
                "Canon",
                "/browse/electronics/canon/3944_4131277_7135121"
            ],
            [
                "Canon Printer",
                "/browse/electronics/canon-printer/3944_3951_37807_163957_7855987"
            ]
        ]
    },
    {
        "title": "Brother LC75BK Innobella High-Yield Ink, Black",
        "url": "https://www.walmart.com/ip/Brother-LC75BK-Innobella-High-Yield-Ink-Black/15993993",
        "price": "$23.49",
        "stars": "4.9",
        "ratings": "39 ",
        "img": "i5.walmartimages.com/asr/fcd569f1-dced-4745-b61f-dae8dcb467f3_1.f34e2b77e8c11a3bb5d098dffe173ae0.jpeg?odnWidth=612&odnHeight=612&odnBg=ffffff",
        "tags": [
            [
                "Printer Ink",
                "/browse/electronics/printer-ink/3944_3951_37807_133104"
            ],
            [
                "Laser Printers",
                "/browse/electronics/laser-printers/3944_3951_37807_163957_2058579"
            ],
            [
                "Inkjet Printers",
                "/browse/electronics/inkjet-printers/3944_3951_37807_163957_2713574"
            ],
            [
                "Brother Printers",
                "/browse/electronics/brother-printers/3944_4131277_8298959_3298126"
            ],
            [
                "All-in-One Printers",
                "/browse/electronics/all-in-one-printers/3944_3951_37807_163957_4175270"
            ],
            [
                "Brother Printer January 2020",
                "/browse/electronics/brother-printer-january-2020/3944_3951_37807_163957_7958696"
            ],
            [
                "Printer Toner",
                "/browse/electronics/printer-toner/3944_3951_37807_8910633"
            ]
        ]
    },
    {
        "title": "Poweradd 3-Outlet Surge Protector 3 USB Ports Power Strip with 5ft Heavy-Duty Extension Power Cord, 1250W - UL Listed",
        "url": "https://www.walmart.com/ip/Poweradd-3-Outlet-Surge-Protector-3-USB-Ports-Power-Strip-with-5ft-Heavy-Duty-Extension-Power-Cord-1250W-UL-Listed/176410489",
        "price": "$14.99",
        "stars": "4.7",
        "ratings": "46 ",
        "img": "i5.walmartimages.com/asr/a9d7617c-6c61-4b6d-9867-aee0eb94c58f.10d57d49a2906c3b4fba49e0eceac4cc.jpeg?odnWidth=612&odnHeight=612&odnBg=ffffff",
        "tags": [
            [
                "Access Points, Hubs & Switches",
                "/browse/electronics/access-points-hubs-switches/3944_3951_126297_1074147"
            ],
            [
                "TV Cables & Connectors",
                "/browse/electronics/tv-cables-connectors/3944_1060825_133270_4537"
            ],
            [
                "Smart Outlets",
                "/browse/electronics/smart-outlets/3944_1229875_4592199_1522536_8121412"
            ],
            [
                "Smart Home Kits",
                "/browse/electronics/smart-home-kits/3944_1229875_9098006_8290395"
            ],
            [
                "Shop All onn.",
                "/browse/electronics/shop-all-onn/3944_7838866_3004279_2376133_9354764"
            ],
            [
                "onn. Computer Accessories",
                "/browse/electronics/onn-computer-accessories/3944_7838866_3004279_2376133_9826274"
            ]
        ]
    }
]