[
    {
        "title": "Bluetooth FM Transmitter for Car, Wireless FM Radio Transmitter Car Radio Adapter Car Charger with Dual USB Charging Ports,Hands Free Calling for All Smartphones",
        "url": "https://www.walmart.com/ip/Bluetooth-FM-Transmitter-Car-Wireless-Radio-Car-Adapter-Charger-Dual-USB-Charging-Ports-Hands-Free-Calling-All-Smartphones/676618756",
        "price": "$16.88",
        "stars": "4.1",
        "ratings": "14 ",
        "img": "i5.walmartimages.com/asr/8a89dc38-ac6a-43f8-940b-17d7657fd562_1.f1a5e2e8be2fb030d87beaf5a018add7.jpeg?odnWidth=612&odnHeight=612&odnBg=ffffff",
        "tags": [
            [
                "Portable Audio",
                "/browse/electronics/portable-audio/3944_96469_1037719"
            ],
            [
                "Networking Cables & Accessories",
                "/browse/electronics/networking-cables-accessories/3944_3951_126297_1074144"
            ],
            [
                "Access Points, Hubs & Switches",
                "/browse/electronics/access-points-hubs-switches/3944_3951_126297_1074147"
            ],
            [
                "Wireless Range Extenders & Repeaters",
                "/browse/electronics/wireless-range-extenders-repeaters/3944_3951_126297_1224967"
            ],
            [
                "SIRIUS XM Satellite Radio",
                "/browse/electronics/sirius-xm-satellite-radio/3944_133251_133254_232876"
            ],
            [
                "SIRIUS XM Satellite Radio Accessories",
                "/browse/electronics/sirius-xm-satellite-radio-accessories/3944_133251_133254_234511"
            ],
            [
                "Receivers & Amplifiers",
                "/browse/electronics/receivers-amplifiers/3944_77622_8375901_96890_4478"
            ],
            [
                "onn. Audio",
                "/browse/electronics/onn-audio/3944_7838866_3004279_2376133_4993563"
            ]
        ]
    },
    {
        "title": "Garmin Drive 51 LM GPS Navigator (010-01678-0B) \u0432\u0402\u201c USA with Driver Alerts w/ Accessories Bundle Includes, Dual 12V Car Charger for GPS, Screen Protectors, Protect & Stow Case Mini + More",
        "url": "https://www.walmart.com/ip/Garmin-Drive-51-LM-GPS-Navigator-010-01678-0B-USA-Driver-Alerts-w-Accessories-Bundle-Includes-Dual-12V-Car-Charger-GPS-Screen-Protectors-Protect-Stow/916761426",
        "price": "$143.00",
        "stars": "4.3",
        "ratings": "58 ",
        "img": "i5.walmartimages.com/asr/a8d91faf-54cb-4e63-88ea-a1f119d46b75_1.b4c8778db2a63e38193808c47a3dbca1.jpeg?odnWidth=612&odnHeight=612&odnBg=ffffff",
        "tags": [
            [
                "Auto GPS Units",
                "/browse/electronics/auto-gps-units/3944_538883_1005539"
            ],
            [
                "IFTTT Compatible",
                "/browse/electronics/ifttt-compatible/3944_1229875_3363825_1528848"
            ],
            [
                "All Garmin Products",
                "/browse/all-garmin-products/3944_2441148"
            ],
            [
                "Garmin GPS",
                "/browse/electronics/garmin-gps/3944_538883_3175447"
            ],
            [
                "GPS Trackers",
                "/browse/electronics/gps-trackers/3944_538883_3658397"
            ],
            [
                "Handheld GPS Units",
                "/browse/electronics/handheld-gps-units/3944_538883_538886"
            ],
            [
                "Google Home Compatible",
                "/browse/electronics/google-home-compatible/3944_1229875_3363825_7103376"
            ],
            [
                "Only at Walmart Electronics",
                "/browse/electronics/only-at-walmart-electronics/3944_7838866_7148103"
            ]
        ]
    },
    {
        "title": "Fitness Tracker Activity Tracker Sports Watch Smart Bracelet Pedometer Fitness Watch with Heart Rate Monitor/GPS/Step Counter/Sleep Monitor Smart Wristband for Women Men and Kids",
        "url": "https://www.walmart.com/ip/Fitness-Tracker-Activity-Sports-Watch-Smart-Bracelet-Pedometer-Heart-Rate-Monitor-GPS-Step-Counter-Sleep-Monitor-Wristband-Women-Men-Kids/739663344",
        "price": "$9.39",
        "stars": "3.1",
        "ratings": "23 ",
        "img": "",
        "tags": [
            [
                "Heart Rate Monitors",
                "/browse/sports-outdoors/heart-rate-monitors/4125_4134_1078104_1078145"
            ],
            [
                "Garmin Fitness Trackers",
                "/browse/sports-outdoors/garmin-fitness-trackers/4125_4134_1229723_1641039"
            ],
            [
                "Fitness Trackers Accessories",
                "/browse/sports-outdoors/fitness-trackers-accessories/4125_4134_1229723_3325958"
            ],
            [
                "Smart Watch Accessories",
                "/browse/sports-outdoors/smart-watch-accessories/4125_4134_1229723_5081915"
            ],
            [
                "Fitbit Ace",
                "/browse/sports-outdoors/fitbit-ace/4125_4134_1229723_5635313_7509946"
            ],
            [
                "Smart Watches",
                "/browse/sports-outdoors/smart-watches/4125_4134_1229723_8780847"
            ],
            [
                "All Fitbits",
                "/browse/sports-outdoors/all-fitbits/4125_4134_1229723_5635313_9170763"
            ]
        ]
    },
    {
        "title": "Bussmann Series 16 Gauge Add-a-Circuit for ATM/Mini Auto Blade Fuses",
        "url": "https://www.walmart.com/ip/Bussmann-Series-16-Gauge-Add-a-Circuit-for-ATM-Mini-Auto-Blade-Fuses/52034992",
        "price": "$6.97",
        "stars": "1.0",
        "ratings": "1 ",
        "img": "i5.walmartimages.com/asr/737aaa85-051e-41e2-a1d2-03511a812f92_1.fd20a5c2d6b4b6d52eb9f48ff1830d7d.jpeg?odnWidth=612&odnHeight=612&odnBg=ffffff",
        "tags": [
            [
                "Lighting Accessories",
                "/browse/auto-tires/lighting-accessories/91083_1074765_9183778_1891447"
            ],
            [
                "Car Audio Accessories",
                "/browse/auto-tires/car-audio-accessories/91083_3947_2991878_3076014"
            ],
            [
                "Light Bar Wiring Harnesses",
                "/browse/auto-tires/light-bar-wiring-harnesses/91083_1074765_9183778_3134067"
            ],
            [
                "Temperature Switches/ Control Modules",
                "/browse/auto-tires/temperature-switches-control-modules/91083_1074765_3305779"
            ],
            [
                "InstallerNet",
                "/browse/auto-tires/installernet/91083_4521893_4514228"
            ],
            [
                "Fog/Driving Lights",
                "/browse/auto-tires/fog-driving-lights/91083_1074765_9183778_2680989_4807747"
            ],
            [
                "Fuses, Switches and Relays",
                "/browse/auto-tires/fuses-switches-relays/91083_1074765_8327306"
            ],
            [
                "Fog & Driving Lights",
                "/browse/auto-tires/fog-driving-lights/91083_1074765_9183778_8496621"
            ]
        ]
    },
    {
        "title": "LANZAR HTG137 - 2000 Watt Mono Block Amplifier 2 Ohm Stable, Heritage Series Amp",
        "url": "https://www.walmart.com/ip/LANZAR-HTG137-2000-Watt-Mono-Block-Amplifier-2-Ohm-Stable-Heritage-Series-Amp/49960033",
        "price": "$67.99",
        "stars": "4.4",
        "ratings": "8 ",
        "img": "i5.walmartimages.com/asr/e59e1a1c-d374-4aa4-b082-3d2138ff2f91_1.b4d07f7f8921e49515f3159add37385c.jpeg?odnWidth=612&odnHeight=612&odnBg=ffffff",
        "tags": [
            [
                "Monoblock Amplifiers",
                "/browse/auto-tires/monoblock-amplifiers/91083_3947_6434247_1759250"
            ],
            [
                "2 Channel Amplifiers",
                "/browse/auto-tires/2-channel-amplifiers/91083_3947_6434247_1929207"
            ],
            [
                "Car Subwoofers",
                "/browse/auto-tires/car-subwoofers/91083_3947_8939357_3457477"
            ],
            [
                "4 Channel Amplifiers",
                "/browse/auto-tires/4-channel-amplifiers/91083_3947_6434247_3636472"
            ],
            [
                "Car Amplifier Wiring",
                "/browse/auto-tires/car-amplifier-wiring/91083_3947_2717013_6973436_6390735"
            ],
            [
                "Pyle Car Subwoofers",
                "/browse/auto-tires/pyle-car-subwoofers/91083_3947_8939357_7469589"
            ],
            [
                "12\" Car Subwoofer",
                "/browse/auto-tires/12-car-subwoofer/91083_3947_8939357_9046409"
            ]
        ]
    },
    {
        "title": "Dual Electronics WCP365BT Marine Stereo LCD Single DIN with Built-In Bluetooth, USB Port, Two 6.5 inch Dual Cone Marine Speakers & Long Range Marine Antenna",
        "url": "https://www.walmart.com/ip/Dual-Electronics-WCP365BT-Marine-Stereo-LCD-Single-DIN-Built-In-Bluetooth-USB-Port-Two-6-5-inch-Cone-Speakers-Long-Range-Antenna/658806335",
        "price": "$48.00",
        "stars": "4.3",
        "ratings": "36 ",
        "img": "i5.walmartimages.com/asr/499d704c-bd82-4f74-99d5-c436780b6466_2.d5aae9c6eaec8f16360118fbe2c6b73f.png?odnWidth=612&odnHeight=612&odnBg=ffffff",
        "tags": [
            [
                "Pyle Car Stereos",
                "/browse/auto-tires/pyle-car-stereos/91083_3947_2573876_2684413"
            ],
            [
                "Single Din Car Stereos",
                "/browse/auto-tires/single-din-car-stereos/91083_3947_2573876_3877515"
            ],
            [
                "Bluetooth Car Stereos",
                "/browse/auto-tires/bluetooth-car-stereos/91083_3947_2573876_3891066"
            ],
            [
                "All Car Stereos",
                "/browse/auto-tires/all-car-stereos/91083_3947_2573876_5664196"
            ],
            [
                "Pyle Car Speakers",
                "/browse/auto-tires/pyle-car-speakers/91083_3947_7971853_6220434"
            ],
            [
                "Marine Stereos",
                "/browse/auto-tires/marine-stereos/91083_3947_9346320_7138351"
            ],
            [
                "Marine Speakers",
                "/browse/auto-tires/marine-speakers/91083_3947_9346320_9120939"
            ],
            [
                "Car Stereo Bundles",
                "/browse/auto-tires/car-stereo-bundles/91083_3947_2573876_9355060"
            ]
        ]
    },
    {
        "title": "Pioneer TS-A3000LS4 - 12\" Shallow-Mount Subwoofer with 1,500 Watts Max. Power",
        "url": "https://www.walmart.com/ip/Pioneer-TS-A3000LS4-12-Shallow-Mount-Subwoofer-with-1-500-Watts-Max-Power/736072804",
        "price": "$165.00",
        "stars": "5.0",
        "ratings": "1 ",
        "img": "i5.walmartimages.com/asr/4798389a-e6a3-4227-97ee-fd52227d6fa4.dd10bef91c8fe4fd7da88204eaea7887.jpeg?odnWidth=612&odnHeight=612&odnBg=ffffff",
        "tags": [
            [
                "5.25\" Car Speakers",
                "/browse/auto-tires/525-car-speakers/91083_3947_7971853_2279708"
            ],
            [
                "Car Subwoofers",
                "/browse/auto-tires/car-subwoofers/91083_3947_8939357_3457477"
            ],
            [
                "InstallerNet",
                "/browse/auto-tires/installernet/91083_4521893_4514228"
            ],
            [
                "Pioneer Car Subwoofers",
                "/browse/auto-tires/pioneer-car-subwoofers/91083_3947_8939357_4598882"
            ],
            [
                "10\" Car Subwoofer",
                "/browse/auto-tires/10-car-subwoofer/91083_3947_8939357_6151795"
            ],
            [
                "Pioneer Car Stereos",
                "/browse/auto-tires/pioneer-car-stereos/91083_3947_2573876_6372265"
            ],
            [
                "8\" Car Subwoofer",
                "/browse/auto-tires/8-car-subwoofer/91083_3947_8939357_7017273"
            ],
            [
                "12\" Car Subwoofer",
                "/browse/auto-tires/12-car-subwoofer/91083_3947_8939357_9046409"
            ]
        ]
    },
    {
        "title": "Studio by Belkin Dual Car Charger + Lightning to USB Cable for iPhone, Black 5ft",
        "url": "https://www.walmart.com/ip/Studio-by-Belkin-Dual-Car-Charger-Lightning-to-USB-Cable-for-iPhone-Black-5ft/677323097",
        "price": "$19.97",
        "stars": "3.6",
        "ratings": "18 ",
        "img": "i5.walmartimages.com/asr/eeb3bcf7-f37c-4ff0-b784-5152724a7a49_1.d2eb5e4da46506067da12239dab8d1ce.jpeg?odnWidth=612&odnHeight=612&odnBg=ffffff",
        "tags": [
            [
                "Belkin Phone Chargers",
                "/browse/cell-phones/belkin-phone-chargers/1105910_133161_1072306_5297453_7127998"
            ],
            [
                "All Phone Chargers",
                "/browse/cell-phones/all-phone-chargers/1105910_133161_1072306_7133056"
            ],
            [
                "Belkin Phone Batteries Battery Packs and Power",
                "/browse/cell-phones/belkin-phone-batteries-battery-packs-power/1105910_133161_9140496_1930230_7217835"
            ],
            [
                "Belkin Phone Cables",
                "/browse/cell-phones/belkin-phone-cables/1105910_133161_6842958_4335636_7787918"
            ],
            [
                "Belkin Phone Adapter and Cables",
                "/browse/cell-phones/belkin-phone-adapter-cables/1105910_133161_9140496_1930230_8194306"
            ],
            [
                "Lightning Cable",
                "/browse/cell-phones/lightning-cable/1105910_133161_1072306_1791370_8216443"
            ],
            [
                "Car Chargers",
                "/browse/cell-phones/car-chargers/1105910_133161_1072306_9376562"
            ]
        ]
    },
    {
        "title": "SXDPIP1 SiriusXM Radio 5 Volt Car Power Adapter PowerConnect - PLEASE CHECK DESCRIPTION BELOW FOR COMPATIBILITY",
        "url": "https://www.walmart.com/ip/SXDPIP1-SiriusXM-Radio-5-Volt-Car-Power-Adapter-PowerConnect-PLEASE-CHECK-DESCRIPTION-BELOW-FOR-COMPATIBILITY/177974856",
        "price": "$14.59",
        "stars": "5.0",
        "ratings": "8 ",
        "img": "i5.walmartimages.com/asr/926587c6-bcd3-477b-b60e-3a011df15d45_1.abfcd7f5a5b540641ced8488bcb70dbe.jpeg?odnWidth=612&odnHeight=612&odnBg=ffffff",
        "tags": [
            [
                "Portable Audio",
                "/browse/electronics/portable-audio/3944_96469_1037719"
            ],
            [
                "Audio Visual Accessories",
                "/browse/electronics/audio-visual-accessories/3944_133251_1043559"
            ],
            [
                "Docking Stations & Locks",
                "/browse/electronics/docking-stations-locks/3944_3951_132959_1074164"
            ],
            [
                "Sports & Action Camcorders",
                "/browse/electronics/sports-action-camcorders/3944_133277_1100765"
            ],
            [
                "SIRIUS XM Satellite Radio Accessories",
                "/browse/electronics/sirius-xm-satellite-radio-accessories/3944_133251_133254_234511"
            ],
            [
                "Receivers & Amplifiers",
                "/browse/electronics/receivers-amplifiers/3944_77622_8375901_96890_4478"
            ],
            [
                "FM Transmitters",
                "/browse/electronics/fm-transmitters/3944_96469_133271_495742"
            ],
            [
                "Portable Wireless & Bluetooth Speakers",
                "/browse/electronics/portable-wireless-bluetooth-speakers/3944_96469_615879"
            ]
        ]
    },
    {
        "title": "Insten 2PCS Universal 2-Port USB Car Charger 2A Adapter for Apple iPhone XS X 8 7 6s Plus 5S SE 11 / 11 Pro / 11 Pro Max Samsung Galaxy S9 S8 S7 S6 Moto E4 Plus G5 G4 Play ZTE Majesty Pro",
        "url": "https://www.walmart.com/ip/Insten-2PCS-Universal-2-Port-USB-Car-Charger-2A-Adapter-Apple-iPhone-XS-X-8-7-6s-Plus-5S-SE-11-Pro-Max-Samsung-Galaxy-S9-S8-S7-S6-Moto-E4-G5-G4-Play-/36616568",
        "price": "$7.79",
        "stars": "4.3",
        "ratings": "9 ",
        "img": "i5.walmartimages.com/asr/1320c596-c9c3-439b-8b0a-dca51e058fd8_1.c9f964b553485a6ce7e74c885e218138.jpeg?odnWidth=612&odnHeight=612&odnBg=ffffff",
        "tags": [
            [
                "Anker Phone Accessories",
                "/browse/cell-phones/anker-phone-accessories/1105910_133161_9140496_2667046"
            ],
            [
                "Cup Phone Car Holders",
                "/browse/cell-phones/cup-phone-car-holders/1105910_133161_1072308_4199608_4958877"
            ],
            [
                "Belkin Phone Chargers",
                "/browse/cell-phones/belkin-phone-chargers/1105910_133161_1072306_5297453_7127998"
            ],
            [
                "Belkin Phone Batteries Battery Packs and Power",
                "/browse/cell-phones/belkin-phone-batteries-battery-packs-power/1105910_133161_9140496_1930230_7217835"
            ],
            [
                "Phone Wall Power Adapters",
                "/browse/cell-phones/phone-wall-power-adapters/1105910_133161_7453243_7991519"
            ],
            [
                "Samsung Phone Car Accessories",
                "/browse/cell-phones/samsung-phone-car-accessories/1105910_133161_9140496_4701125_8359202"
            ],
            [
                "Car Chargers",
                "/browse/cell-phones/car-chargers/1105910_133161_1072306_9376562"
            ]
        ]
    }
]