[
    {
        "title": "HQRP Replacement AC Adapter / Charger compatible with Sony HandyCam DCR-SR46, DCR-SR46E, DCR-SR5, DCR-SR55, DCR-SX63 Camcorder with USA Cord & Euro Plug Adapter",
        "url": "https://www.walmart.com/ip/HQRP-Replacement-AC-Adapter-Charger-compatible-Sony-HandyCam-DCR-SR46-DCR-SR46E-DCR-SR5-DCR-SR55-DCR-SX63-Camcorder-USA-Cord-Euro-Plug/126128548",
        "price": "$6.95",
        "stars": 0,
        "ratings": 0,
        "img": "i5.walmartimages.com/asr/a828c92e-9b11-4279-8f88-7d38c17e5745_1.0af23708f7fd9ef4097380b1355d0e58.jpeg?odnWidth=612&odnHeight=612&odnBg=ffffff",
        "tags": [
            [
                "Camera Charging and Accessories",
                "/browse/electronics/camera-charging-accessories/3944_133277_132913_1079104"
            ],
            [
                "GoPro Cameras & Accessories",
                "/browse/electronics/gopro-cameras-accessories/3944_133277_1095238"
            ],
            [
                "Sports & Action Camcorders",
                "/browse/electronics/sports-action-camcorders/3944_133277_1100765"
            ],
            [
                "GoPro Accessories",
                "/browse/electronics/gopro-accessories/3944_133277_1230678_1231341"
            ],
            [
                "Camcorder Batteries",
                "/browse/electronics/camcorder-batteries/3944_133277_1231377_1231391"
            ],
            [
                "Camera Bags & Cases",
                "/browse/electronics/camera-bags-cases/3944_133277_132913_978661_3591695"
            ],
            [
                "GoPro",
                "/browse/electronics/gopro/3944_4131277_4316150"
            ],
            [
                "Other Camera Accessories",
                "/browse/electronics/other-camera-accessories/3944_133277_132913_4539"
            ]
        ]
    },
    {
        "title": "Loocam 1080P 8CH HD-TVI H.265+ Video Security Camera System 2TB DVR Surveillance Camera Kit and 4PCS 2.0 MP(1920x1080P) Indoor/Outdoor IR Weatherproof Camera 150FT Night Vision with IR Cut",
        "url": "https://www.walmart.com/ip/Loocam-1080P-8CH-HD-TVI-H-265-Video-Security-Camera-System-2TB-DVR-Surveillance-Kit-4PCS-2-0-MP-1920x1080P-Indoor-Outdoor-IR-Weatherproof-150FT-Night/683981125",
        "price": "$203.99",
        "stars": "4.0",
        "ratings": "6 ",
        "img": "i5.walmartimages.com/asr/0f00bca5-f02b-4557-9d57-cf6d283547bb.757e23f4bf2bf8195a11445a528ba031.jpeg?odnWidth=612&odnHeight=612&odnBg=ffffff",
        "tags": [
            [
                "Surveillance Cameras",
                "/browse/electronics/surveillance-cameras/3944_133277_1224850"
            ],
            [
                "DVR & DVD Recorders",
                "/browse/electronics/dvr-dvd-recorders/3944_77622_7549938_1229631_1225174"
            ],
            [
                "IFTTT Compatible",
                "/browse/electronics/ifttt-compatible/3944_1229875_3363825_1528848"
            ],
            [
                "Outdoor Security Cameras",
                "/browse/electronics/outdoor-security-cameras/3944_1229875_6357978_5718781_9232158_1780229"
            ],
            [
                "Wireless Cameras",
                "/browse/electronics/wireless-cameras/3944_1229875_6357978_5718781_9232158_2852655"
            ],
            [
                "Surveillance Equipment",
                "/browse/surveillance-equipment/3944_47600"
            ],
            [
                "Smart Security Cameras",
                "/browse/electronics/smart-security-cameras/3944_1229875_6357978_5718781_9232158_7064887"
            ],
            [
                "Smart Home Kits",
                "/browse/electronics/smart-home-kits/3944_1229875_9098006_8290395"
            ]
        ]
    },
    {
        "title": "GreenDecor Polyester Fabric 7x5ft Cartoon Style Halloween Photo Background Pumpkin Face Backdrops for Photographer Photography Backdrops",
        "url": "https://www.walmart.com/ip/GreenDecor-Polyester-Fabric-7x5ft-Cartoon-Style-Halloween-Photo-Background-Pumpkin-Face-Backdrops-for-Photographer-Photography-Backdrops/288190698",
        "price": "$22.99",
        "stars": 0,
        "ratings": 0,
        "img": "i5.walmartimages.com/asr/be599f1f-c22d-433e-9850-261b09881e1e_1.9d83f2ffe29dfa69efd60f16352e80f1.jpeg?odnWidth=612&odnHeight=612&odnBg=ffffff",
        "tags": [
            [
                "Point & Shoot Cameras",
                "/browse/electronics/point-shoot-cameras/3944_133277_1166834"
            ],
            [
                "All Cameras",
                "/browse/electronics/all-cameras/3944_133277_4468"
            ],
            [
                "Other Camera Accessories",
                "/browse/electronics/other-camera-accessories/3944_133277_132913_4539"
            ],
            [
                "All Camcorders",
                "/browse/electronics/all-camcorders/3944_133277_4549"
            ],
            [
                "Studio Lighting",
                "/browse/electronics/studio-lighting/3944_133277_132913_6594913_5413954"
            ],
            [
                "Light Stands & Booms",
                "/browse/electronics/light-stands-booms/3944_133277_132913_6594913_6684130"
            ]
        ]
    },
    {
        "title": "Agfa 5\" Flexible Tabletop Tripod BLUE",
        "url": "https://www.walmart.com/ip/Agfa-5-Flexible-Tabletop-Tripod-BLUE/52233726",
        "price": "$4.99",
        "stars": 0,
        "ratings": 0,
        "img": "",
        "tags": [
            [
                "GoPro Accessories",
                "/browse/electronics/gopro-accessories/3944_133277_1230678_1231341"
            ],
            [
                "Tripod Heads",
                "/browse/electronics/tripod-heads/3944_133277_132913_77512_1963615"
            ],
            [
                "Stands",
                "/browse/electronics/stands/3944_1078524_1225368_3560871"
            ],
            [
                "GoPro",
                "/browse/electronics/gopro/3944_4131277_4316150"
            ],
            [
                "onn. Camera Accessories",
                "/browse/electronics/onn-camera-accessories/3944_133277_132913_4323092_5259738"
            ],
            [
                "Studio Lighting",
                "/browse/electronics/studio-lighting/3944_133277_132913_6594913_5413954"
            ]
        ]
    },
    {
        "title": "Acuvar 62' Inch Monopod with Integrated Safety Strap and 4 Section Extending Pole for All Digital Cameras, DSLR, Mirrorless, Compact Cameras and Camcorders",
        "url": "https://www.walmart.com/ip/Acuvar-62-Inch-Monopod-Integrated-Safety-Strap-4-Section-Extending-Pole-All-Digital-Cameras-DSLR-Mirrorless-Compact-Cameras-Camcorders/815417586",
        "price": "$11.99",
        "stars": "5.0",
        "ratings": "4 ",
        "img": "i5.walmartimages.com/asr/cd101f71-63ef-45cf-bd1b-ce37ccb934c1_1.d737d27d72135a3fa7e72e4860f6a950.jpeg?odnWidth=612&odnHeight=612&odnBg=ffffff",
        "tags": [
            [
                "Digital TV Converters",
                "/browse/electronics/digital-tv-converters/3944_1060825_133270_1070524"
            ],
            [
                "Earbuds and In-ear Headphones",
                "/browse/electronics/earbuds-in-ear-headphones/3944_133251_1095191_1230614_1230476"
            ],
            [
                "GoPro Accessories",
                "/browse/electronics/gopro-accessories/3944_133277_1230678_1231341"
            ],
            [
                "GoPro",
                "/browse/electronics/gopro/3944_4131277_4316150"
            ],
            [
                "Other Camera Accessories",
                "/browse/electronics/other-camera-accessories/3944_133277_132913_4539"
            ],
            [
                "Complete Tripods",
                "/browse/electronics/complete-tripods/3944_133277_132913_77512_5102183"
            ],
            [
                "onn. Camera Accessories",
                "/browse/electronics/onn-camera-accessories/3944_133277_132913_4323092_5259738"
            ]
        ]
    },
    {
        "title": "Deluxe Camera/Video Padded Backpack for SLR / DSLR Cameras with eCostConnection Microfiber Cloth",
        "url": "https://www.walmart.com/ip/Deluxe-Camera-Video-Padded-Backpack-for-SLR-DSLR-Cameras-with-eCostConnection-Microfiber-Cloth/140280500",
        "price": "$18.99",
        "stars": "4.7",
        "ratings": "69 ",
        "img": "i5.walmartimages.com/asr/c98217cd-ff29-4127-a754-ad1ee5947962_1.f1d1482aef314941296337340512fb75.jpeg?odnWidth=612&odnHeight=612&odnBg=ffffff",
        "tags": [
            [
                "Point & Shoot Cameras",
                "/browse/electronics/point-shoot-cameras/3944_133277_1166834"
            ],
            [
                "GoPro Accessories",
                "/browse/electronics/gopro-accessories/3944_133277_1230678_1231341"
            ],
            [
                "Camcorder Bags & Cases",
                "/browse/electronics/camcorder-bags-cases/3944_133277_1231377_1231386"
            ],
            [
                "Complete Tripods",
                "/browse/electronics/complete-tripods/3944_133277_132913_77512_5102183"
            ],
            [
                "onn. Camera Accessories",
                "/browse/electronics/onn-camera-accessories/3944_133277_132913_4323092_5259738"
            ],
            [
                "Camera Straps & Harness",
                "/browse/electronics/camera-straps-harness/3944_133277_132913_978661_7323627"
            ],
            [
                "Nikon",
                "/browse/electronics/nikon/3944_4131277_9909765"
            ]
        ]
    },
    {
        "title": "Brand New 3' Antenna Tripod",
        "url": "https://www.walmart.com/ip/Brand-New-3-Antenna-Tripod/635635049",
        "price": "$38.52",
        "stars": 0,
        "ratings": 0,
        "img": "",
        "tags": [
            [
                "GoPro Accessories",
                "/browse/electronics/gopro-accessories/3944_133277_1230678_1231341"
            ],
            [
                "Camcorder Stabilizers",
                "/browse/electronics/camcorder-stabilizers/3944_133277_1231377_1231389"
            ],
            [
                "Tripod Heads",
                "/browse/electronics/tripod-heads/3944_133277_132913_77512_1963615"
            ],
            [
                "Stands",
                "/browse/electronics/stands/3944_1078524_1225368_3560871"
            ],
            [
                "Monopods",
                "/browse/electronics/monopods/3944_133277_132913_77512_3582755"
            ],
            [
                "Complete Tripods",
                "/browse/electronics/complete-tripods/3944_133277_132913_77512_5102183"
            ],
            [
                "onn. Camera Accessories",
                "/browse/electronics/onn-camera-accessories/3944_133277_132913_4323092_5259738"
            ],
            [
                "Gimbals and Stabilizers",
                "/browse/electronics/gimbals-stabilizers/3944_133277_132913_77512_8934251"
            ]
        ]
    },
    {
        "title": "Nikon 35mm f/1.8G AF-S DX",
        "url": "https://www.walmart.com/ip/Nikon-35mm-f-1-8G-AF-S-DX/650935387",
        "price": "$181.97",
        "stars": "5.0",
        "ratings": "2 ",
        "img": "",
        "tags": [
            [
                "Digital SLR Cameras",
                "/browse/electronics/digital-slr-cameras/3944_133277_1096663"
            ],
            [
                "Nikon Cameras",
                "/browse/electronics/nikon-cameras/3944_133277_1231331_1231332"
            ],
            [
                "Canon Lenses",
                "/browse/electronics/canon-lenses/3944_133277_132913_1231342_3232019"
            ],
            [
                "Nikon Lenses",
                "/browse/electronics/nikon-lenses/3944_133277_132913_1231342_3333619"
            ],
            [
                "All Cameras",
                "/browse/electronics/all-cameras/3944_133277_4468"
            ],
            [
                "Other Camera Accessories",
                "/browse/electronics/other-camera-accessories/3944_133277_132913_4539"
            ],
            [
                "Camera Filters",
                "/browse/electronics/camera-filters/3944_133277_132913_1231342_9047542"
            ],
            [
                "Nikon",
                "/browse/electronics/nikon/3944_4131277_9909765"
            ]
        ]
    },
    {
        "title": "Vivitar 50 in. TriOS",
        "url": "https://www.walmart.com/ip/Vivitar-50-in-TriOS/15268426",
        "price": "$14.99",
        "stars": "3.4",
        "ratings": "30 ",
        "img": "i5.walmartimages.com/asr/ede8ef3b-a965-49f3-82e7-8124c238b810_1.cdc202d902dfc9446987dcce2a3e360b.jpeg?odnWidth=612&odnHeight=612&odnBg=ffffff",
        "tags": [
            [
                "GoPro Cameras & Accessories",
                "/browse/electronics/gopro-cameras-accessories/3944_133277_1095238"
            ],
            [
                "Sports & Action Camcorders",
                "/browse/electronics/sports-action-camcorders/3944_133277_1100765"
            ],
            [
                "GoPro Accessories",
                "/browse/electronics/gopro-accessories/3944_133277_1230678_1231341"
            ],
            [
                "Tripod Cases",
                "/browse/electronics/tripod-cases/3944_133277_132913_77512_1505886"
            ],
            [
                "360 Cameras",
                "/browse/electronics/360-cameras/3944_133277_1231212_1916843"
            ],
            [
                "Tripod Heads",
                "/browse/electronics/tripod-heads/3944_133277_132913_77512_1963615"
            ],
            [
                "GoPro",
                "/browse/electronics/gopro/3944_4131277_4316150"
            ],
            [
                "onn. Camera Accessories",
                "/browse/electronics/onn-camera-accessories/3944_133277_132913_4323092_5259738"
            ]
        ]
    },
    {
        "title": "GoPro MAX 360 Degree 5.6K Action Camera",
        "url": "https://www.walmart.com/ip/GoPro-MAX-360-Degree-5-6K-Action-Camera/135531581",
        "price": "$488.07",
        "stars": "5.0",
        "ratings": "1 ",
        "img": "i5.walmartimages.com/asr/6607685b-e6d8-4057-b85f-38a734614a9f.c84bc4fef162b4bc1323a66bf11d0d1d.jpeg?odnWidth=612&odnHeight=612&odnBg=ffffff",
        "tags": [
            [
                "GoPro Cameras & Accessories",
                "/browse/electronics/gopro-cameras-accessories/3944_133277_1095238"
            ],
            [
                "Waterproof Cameras",
                "/browse/electronics/waterproof-cameras/3944_133277_1166835"
            ],
            [
                "Mirrorless Cameras",
                "/browse/electronics/mirrorless-cameras/3944_133277_1230677"
            ],
            [
                "GoPro Cameras",
                "/browse/electronics/gopro-cameras/3944_133277_1230678_1230679"
            ],
            [
                "Sony Cameras",
                "/browse/electronics/sony-cameras/3944_133277_1231331_1231334"
            ],
            [
                "GoPro",
                "/browse/electronics/gopro/3944_4131277_4316150"
            ],
            [
                "All Camcorders",
                "/browse/electronics/all-camcorders/3944_133277_4549"
            ],
            [
                "GoPro HERO7",
                "/browse/electronics/gopro-hero7/3944_133277_1230678_4801960"
            ]
        ]
    }
]