[
    {
        "title": "Scosche Hd5254sd 5.25 Inch 4-Way Car Stereo Speakers (Pair)",
        "url": "https://www.walmart.com/ip/Scosche-Hd5254sd-5-25-Inch-4-Way-Car-Stereo-Speakers-Pair/326392036",
        "price": "$24.47",
        "stars": "3.9",
        "ratings": "14 ",
        "img": "",
        "tags": [
            [
                "5.25\" Car Speakers",
                "/browse/auto-tires/525-car-speakers/91083_3947_7971853_2279708"
            ],
            [
                "6.5\" Car Speakers",
                "/browse/auto-tires/65-car-speakers/91083_3947_7971853_3484608"
            ],
            [
                "Kicker Car Speakers",
                "/browse/auto-tires/kicker-car-speakers/91083_3947_7971853_4040694"
            ],
            [
                "InstallerNet",
                "/browse/auto-tires/installernet/91083_4521893_4514228"
            ],
            [
                "Coaxial Speakers",
                "/browse/auto-tires/coaxial-speakers/91083_3947_7971853_5636155"
            ],
            [
                "Pioneer Car Speakers",
                "/browse/auto-tires/pioneer-car-speakers/91083_3947_7971853_6029694"
            ],
            [
                "Pyle Car Speakers",
                "/browse/auto-tires/pyle-car-speakers/91083_3947_7971853_6220434"
            ],
            [
                "Marine Speakers",
                "/browse/auto-tires/marine-speakers/91083_3947_9346320_9120939"
            ]
        ]
    },
    {
        "title": "Uniden\u00ae Dfr1 Long-range Laser/radar Detector",
        "url": "https://www.walmart.com/ip/Uniden-Dfr1-Long-range-Laser-radar-Detector/174199628",
        "price": "$44.87",
        "stars": "4.3",
        "ratings": "4 ",
        "img": "",
        "tags": [
            [
                "Gauges & Monitoring",
                "/browse/auto-tires/gauges-monitoring/91083_7897706_1349556"
            ],
            [
                "Marine Bulk Buys",
                "/browse/auto-tires/marine-bulk-buys/91083_4520523_2167022"
            ],
            [
                "Speedometers",
                "/browse/auto-tires/speedometers/91083_1074765_4922863_3910675"
            ],
            [
                "CB Radios & Scanners",
                "/browse/auto-tires/cb-radios-scanners/91083_3947_4510"
            ],
            [
                "All Auto Accessories",
                "/browse/auto-tires/all-auto-accessories/91083_3947_1616075_6735898"
            ],
            [
                "Dash Cams",
                "/browse/auto-tires/dash-cams/91083_3947_7302144"
            ],
            [
                "Performance ECU Tuning & Gauges",
                "/browse/auto-tires/performance-ecu-tuning-gauges/91083_7897706_8180248"
            ],
            [
                "Car Radio Antennas",
                "/browse/auto-tires/car-radio-antennas/91083_3947_1616075_8892333"
            ]
        ]
    },
    {
        "title": "Cobra 29 LTD CB Radio, 40 channel, 4 Watt, Ant. Cal.",
        "url": "https://www.walmart.com/ip/Cobra-29-LTD-CB-Radio-40-channel-4-Watt-Ant-Cal/10793752",
        "price": "$119.95",
        "stars": "4.7",
        "ratings": "62 ",
        "img": "",
        "tags": [
            [
                "Marine Bulk Buys",
                "/browse/auto-tires/marine-bulk-buys/91083_4520523_2167022"
            ],
            [
                "Radar Detectors",
                "/browse/auto-tires/radar-detectors/91083_3947_52816"
            ],
            [
                "All Auto Accessories",
                "/browse/auto-tires/all-auto-accessories/91083_3947_1616075_6735898"
            ],
            [
                "Dash Cams",
                "/browse/auto-tires/dash-cams/91083_3947_7302144"
            ],
            [
                "Power Converters",
                "/browse/auto-tires/power-converters/91083_5941050_4066622_8348253"
            ],
            [
                "Antennas & Antenna Adapters",
                "/browse/auto-tires/antennas-antenna-adapters/91083_3947_2717013_2507036_8719493"
            ],
            [
                "Car Radio Antennas",
                "/browse/auto-tires/car-radio-antennas/91083_3947_1616075_8892333"
            ]
        ]
    },
    {
        "title": "Insten Aux Car Cassette Adapter Universal Audio 3.5mm For Apple iPhone 6S 6 SE 5S 5 5C 4S Samsung Galaxy S9 S8 S7 S6 S10e Plus S5 HTC M9 M8 M7 Desire 530 626 LG G4 G3 G5 G6 K7 G Stylo 2 3 Aristo K20",
        "url": "https://www.walmart.com/ip/Insten-Aux-Car-Cassette-Adapter-Universal-Audio-3-5mm-For-Apple-iPhone-6S-6-SE-5S-5-5C-4S-Samsung-Galaxy-S9-S8-S7-S6-S10e-Plus-S5-HTC-M9-M8-M7-Desire/28881258",
        "price": "$6.19",
        "stars": "3.5",
        "ratings": "73 ",
        "img": "i5.walmartimages.com/asr/6f60deb1-f807-4227-9e54-7ccc01962502_1.0005f9b9e53b362531406d23f5d3adef.jpeg?odnWidth=612&odnHeight=612&odnBg=ffffff",
        "tags": [
            [
                "Jeep Light Bars",
                "/browse/auto-tires/jeep-light-bars/91083_7396760_2163485"
            ],
            [
                "Car Audio Accessories",
                "/browse/auto-tires/car-audio-accessories/91083_3947_2991878_3076014"
            ],
            [
                "Single Din Car Stereos",
                "/browse/auto-tires/single-din-car-stereos/91083_3947_2573876_3877515"
            ],
            [
                "LED Light Bars",
                "/browse/auto-tires/led-light-bars/91083_1074765_9183778_3998449"
            ],
            [
                "All Car Stereos",
                "/browse/auto-tires/all-car-stereos/91083_3947_2573876_5664196"
            ],
            [
                "Car Mounts",
                "/browse/auto-tires/car-mounts/91083_3947_1616075_5906880"
            ],
            [
                "iPod and MP3 Accessories",
                "/browse/auto-tires/ipod-mp3-accessories/91083_3947_2991878_8816209"
            ],
            [
                "Car Radio Antennas",
                "/browse/auto-tires/car-radio-antennas/91083_3947_1616075_8892333"
            ]
        ]
    },
    {
        "title": "Car Mount, 360 Degree Universal Windshield Dashboard Long Arm Car Phone Holder for iPhone XS/XR/X/8/7/6S/6 Plus, Samsung Galaxy S10/S10E/S10 Plus/S9 Plus, LG G7/G6/V40, and All 4-6 inch Smartphones",
        "url": "https://www.walmart.com/ip/Car-Mount-360-Degree-Universal-Windshield-Dashboard-Long-Arm-Phone-Holder-iPhone-XS-XR-X-8-7-6S-6-Plus-Samsung-Galaxy-S10-S10E-S10-Plus-S9-LG-G7-G6-V/412633232",
        "price": "$10.97",
        "stars": "3.2",
        "ratings": "40 ",
        "img": "i5.walmartimages.com/asr/9f6d18ca-e4df-40e0-a78b-d098fb0d66c1_1.2395f6ee8b6e39d30505496347ef4c62.jpeg?odnWidth=612&odnHeight=612&odnBg=ffffff",
        "tags": [
            [
                "Vent Phone Car Holders",
                "/browse/cell-phones/vent-phone-car-holders/1105910_133161_1072308_4199608_2779850"
            ],
            [
                "Scosche Phone Car Holders",
                "/browse/cell-phones/scosche-phone-car-holders/1105910_133161_1072308_1847750_4320346"
            ],
            [
                "Cup Phone Car Holders",
                "/browse/cell-phones/cup-phone-car-holders/1105910_133161_1072308_4199608_4958877"
            ],
            [
                "All Phone Car Holders",
                "/browse/cell-phones/all-phone-car-holders/1105910_133161_1072308_5978976"
            ],
            [
                "iOttie Phone Car Holders",
                "/browse/cell-phones/iottie-phone-car-holders/1105910_133161_1072308_1847750_6974002"
            ],
            [
                "Magnetic Phone Car Holders",
                "/browse/cell-phones/magnetic-phone-car-holders/1105910_133161_1072308_4199608_8887794"
            ],
            [
                "Windshield Phone Car Holders",
                "/browse/cell-phones/windshield-phone-car-holders/1105910_133161_1072308_4199608_9023686"
            ],
            [
                "Mpow Phone Car Holders",
                "/browse/cell-phones/mpow-phone-car-holders/1105910_133161_1072308_1847750_9756648"
            ]
        ]
    },
    {
        "title": "Ford Mustang 1994-2000 DDIN Radio Installation Kit",
        "url": "https://www.walmart.com/ip/Ford-Mustang-1994-2000-DDIN-Radio-Installation-Kit/645331332",
        "price": "$43.94",
        "stars": "1.0",
        "ratings": "1 ",
        "img": "i5.walmartimages.com/asr/62142ea8-f70a-43d9-8def-5357b86ac56d.a72f442eaa3d8b4949ebaf9a6bc26139.jpeg?odnWidth=612&odnHeight=612&odnBg=ffffff",
        "tags": [
            [
                "Car Sun Shades",
                "/browse/auto-tires/car-sun-shades/91083_1074769_3654683"
            ],
            [
                "Bluetooth Car Stereos",
                "/browse/auto-tires/bluetooth-car-stereos/91083_3947_2573876_3891066"
            ],
            [
                "Dash Kits",
                "/browse/auto-tires/dash-kits/91083_3947_2717013_2507036_4899557"
            ],
            [
                "All Car Stereos",
                "/browse/auto-tires/all-car-stereos/91083_3947_2573876_5664196"
            ],
            [
                "Auto Window Tint",
                "/browse/auto-tires/auto-window-tint/91083_1074769_9385853"
            ],
            [
                "Car Sun Visors",
                "/browse/auto-tires/car-sun-visors/91083_1074769_9466234"
            ],
            [
                "Licensed Sun Shades",
                "/browse/auto-tires/licensed-sun-shades/91083_1074769_9877531"
            ]
        ]
    },
    {
        "title": "4.3\" HD 1080P Car DVR Dual Lens Camera Vehicle Rearview Mirror Dash Cam Recorder",
        "url": "https://www.walmart.com/ip/4-3-HD-1080P-Car-DVR-Dual-Lens-Camera-Vehicle-Rearview-Mirror-Dash-Cam-Recorder/602777043",
        "price": "$29.97",
        "stars": "3.1",
        "ratings": "18 ",
        "img": "i5.walmartimages.com/asr/16c96b03-0579-4d00-abd5-495d7962ef80_1.ace2f663557349fea7bd644e124a0856.jpeg?odnWidth=612&odnHeight=612&odnBg=ffffff",
        "tags": [
            [
                "Auto Safety Accessories",
                "/browse/auto-tires/auto-safety-accessories/91083_1074766_1044302"
            ],
            [
                "Backup Cameras with Mirror Monitors",
                "/browse/auto-tires/backup-cameras-with-mirror-monitors/91083_3947_2078221_2351670"
            ],
            [
                "Wireless Backup Cameras",
                "/browse/auto-tires/wireless-backup-cameras/91083_3947_2078221_2753503"
            ],
            [
                "Car DVD Players and Screens",
                "/browse/auto-tires/car-dvd-players-screens/91083_3947_3881982_4035807"
            ],
            [
                "Backup Cameras",
                "/browse/auto-tires/backup-cameras/91083_3947_4072334"
            ],
            [
                "Radar Detectors",
                "/browse/auto-tires/radar-detectors/91083_3947_52816"
            ],
            [
                "Backup Cameras with Monitors",
                "/browse/auto-tires/backup-cameras-with-monitors/91083_3947_2078221_5823576"
            ],
            [
                "Rear View Mirrors",
                "/browse/auto-tires/rear-view-mirrors/91083_1074784_4491859_2867839_9754076"
            ]
        ]
    },
    {
        "title": "Dual Dash Cam Front and Rear VanTop H610 2.5K Full HD 10 inch Screen DVR Mirror Dash Camera for Cars Vehicle, Waterproof Camera,Enhanced Night Vision with Sony Starvis Sensor, Parking Assistance",
        "url": "https://www.walmart.com/ip/Dual-Dash-Cam-Front-Rear-VanTop-H610-2-5K-Full-HD-10-inch-Screen-DVR-Mirror-Camera-Cars-Vehicle-Waterproof-Camera-Enhanced-Night-Vision-Sony-Starvis-/575386115",
        "price": "$99.99",
        "stars": "4.7",
        "ratings": "10 ",
        "img": "",
        "tags": [
            [
                "Wireless Backup Cameras",
                "/browse/auto-tires/wireless-backup-cameras/91083_3947_2078221_2753503"
            ],
            [
                "Car DVD Players and Screens",
                "/browse/auto-tires/car-dvd-players-screens/91083_3947_3881982_4035807"
            ],
            [
                "Backup Cameras",
                "/browse/auto-tires/backup-cameras/91083_3947_4072334"
            ],
            [
                "InstallerNet",
                "/browse/auto-tires/installernet/91083_4521893_4514228"
            ],
            [
                "Backup Cameras with Monitors",
                "/browse/auto-tires/backup-cameras-with-monitors/91083_3947_2078221_5823576"
            ],
            [
                "Dash Cams",
                "/browse/auto-tires/dash-cams/91083_3947_7302144"
            ],
            [
                "RV Backup Camera Systems",
                "/browse/auto-tires/rv-backup-camera-systems/91083_2983678_5988213_8877269"
            ],
            [
                "Rear View Mirrors",
                "/browse/auto-tires/rear-view-mirrors/91083_1074784_4491859_2867839_9754076"
            ]
        ]
    },
    {
        "title": "2018 New 12V Car Stereo FM Radio MP3 Audio Player Support Bluetooth Phone with USB/SD MMC Port Car Electronics In-Dash 1 DIN",
        "url": "https://www.walmart.com/ip/2018-New-12V-Car-Stereo-FM-Radio-MP3-Audio-Player-Support-Bluetooth-Phone-with-USB-SD-MMC-Port-Car-Electronics-In-Dash-1-DIN/641343047",
        "price": "$24.50",
        "stars": "3.4",
        "ratings": "22 ",
        "img": "",
        "tags": [
            [
                "Pyle Car Stereos",
                "/browse/auto-tires/pyle-car-stereos/91083_3947_2573876_2684413"
            ],
            [
                "Single Din Car Stereos",
                "/browse/auto-tires/single-din-car-stereos/91083_3947_2573876_3877515"
            ],
            [
                "InstallerNet",
                "/browse/auto-tires/installernet/91083_4521893_4514228"
            ],
            [
                "XO Vision Car Stereos",
                "/browse/auto-tires/xo-vision-car-stereos/91083_3947_2573876_4784439"
            ],
            [
                "Double Din Car Stereos",
                "/browse/auto-tires/double-din-car-stereos/91083_3947_2573876_5633735"
            ],
            [
                "All Car Stereos",
                "/browse/auto-tires/all-car-stereos/91083_3947_2573876_5664196"
            ],
            [
                "Dual Car Stereos",
                "/browse/auto-tires/dual-car-stereos/91083_3947_2573876_7245161"
            ],
            [
                "Blaupunkt Car Stereos",
                "/browse/auto-tires/blaupunkt-car-stereos/91083_3947_2573876_7725428"
            ]
        ]
    },
    {
        "title": "Car Wireless Dash Camera VanTop H609 1080P Mirror Dual Dash Cam, 10\" IPS Full Touch Screen, Infrared Night Vision, Motion Detection, G-Sensor",
        "url": "https://www.walmart.com/ip/Car-Wireless-Dash-Camera-VanTop-H609-1080P-Mirror-Dual-Dash-Cam-10-IPS-Full-Touch-Screen-Infrared-Night-Vision-Motion-Detection-G-Sensor/715488728",
        "price": "$79.99",
        "stars": "4.8",
        "ratings": "5 ",
        "img": "i5.walmartimages.com/asr/6d3535fc-58cf-4f16-8a09-370aceafd4db.71d6531d86bca5fe12c2b0dce6e4f2f8.jpeg?odnWidth=612&odnHeight=612&odnBg=ffffff",
        "tags": [
            [
                "Wireless Backup Cameras",
                "/browse/auto-tires/wireless-backup-cameras/91083_3947_2078221_2753503"
            ],
            [
                "Car DVD Players and Screens",
                "/browse/auto-tires/car-dvd-players-screens/91083_3947_3881982_4035807"
            ],
            [
                "Backup Cameras",
                "/browse/auto-tires/backup-cameras/91083_3947_4072334"
            ],
            [
                "InstallerNet",
                "/browse/auto-tires/installernet/91083_4521893_4514228"
            ],
            [
                "Backup Cameras with Monitors",
                "/browse/auto-tires/backup-cameras-with-monitors/91083_3947_2078221_5823576"
            ],
            [
                "Dash Cams",
                "/browse/auto-tires/dash-cams/91083_3947_7302144"
            ],
            [
                "RV Backup Camera Systems",
                "/browse/auto-tires/rv-backup-camera-systems/91083_2983678_5988213_8877269"
            ],
            [
                "Rear View Mirrors",
                "/browse/auto-tires/rear-view-mirrors/91083_1074784_4491859_2867839_9754076"
            ]
        ]
    }
]