[
    {
        "title": "Cmple USB 2.0 Male to Male Cable High-Speed USB 2.0 A to A Extension Cable for Data Transfer - 3 Feet, Black",
        "url": "https://www.walmart.com/ip/Cmple-USB-2-0-Male-to-Male-Cable-High-Speed-USB-2-0-A-to-A-Extension-Cable-for-Data-Transfer-3-Feet-Black/131807217",
        "price": "$5.99",
        "stars": "4.5",
        "ratings": "10 ",
        "img": "",
        "tags": [
            [
                "All Phone Cables",
                "/browse/cell-phones/all-phone-cables/1105910_133161_6842958_1413855"
            ],
            [
                "Micro USB Cable",
                "/browse/cell-phones/micro-usb-cable/1105910_133161_1072306_5756081_2033340"
            ],
            [
                "Apple Phone Chargers",
                "/browse/cell-phones/apple-phone-chargers/1105910_133161_1072306_5297453_5115891"
            ],
            [
                "All Phone Chargers",
                "/browse/cell-phones/all-phone-chargers/1105910_133161_1072306_7133056"
            ],
            [
                "Belkin Phone Cables",
                "/browse/cell-phones/belkin-phone-cables/1105910_133161_6842958_4335636_7787918"
            ],
            [
                "USB-C Charging Cable",
                "/browse/cell-phones/usb-c-charging-cable/1105910_133161_1072306_5756081_8180603"
            ],
            [
                "Belkin Phone Adapter and Cables",
                "/browse/cell-phones/belkin-phone-adapter-cables/1105910_133161_9140496_1930230_8194306"
            ]
        ]
    },
    {
        "title": "Lightning to USB3 Camera Adapter",
        "url": "https://www.walmart.com/ip/Lightning-to-USB3-Camera-Adapter/118922582",
        "price": "$39.00",
        "stars": "4.3",
        "ratings": "12 ",
        "img": "i5.walmartimages.com/asr/8c332d12-f0fe-48d4-a541-b65defd7f753_1.fcd771af16bfc75a8f2224d12f2570a6.jpeg?odnWidth=612&odnHeight=612&odnBg=ffffff",
        "tags": [
            [
                "iPhone HDMI cable",
                "/browse/cell-phones/iphone-hdmi-cable/1105910_133161_6842958_2854665_4788462"
            ],
            [
                "Apple Phone Chargers",
                "/browse/cell-phones/apple-phone-chargers/1105910_133161_1072306_5297453_5115891"
            ],
            [
                "Apple Phone Cables",
                "/browse/cell-phones/apple-phone-cables/1105910_133161_6842958_4335636_7121255"
            ],
            [
                "Belkin Phone Cables",
                "/browse/cell-phones/belkin-phone-cables/1105910_133161_6842958_4335636_7787918"
            ],
            [
                "Belkin Phone Adapter and Cables",
                "/browse/cell-phones/belkin-phone-adapter-cables/1105910_133161_9140496_1930230_8194306"
            ],
            [
                "Lightning Cable",
                "/browse/cell-phones/lightning-cable/1105910_133161_1072306_1791370_8216443"
            ],
            [
                "All Phone Adapters",
                "/browse/cell-phones/all-phone-adapters/1105910_133161_7453243_9946018"
            ]
        ]
    },
    {
        "title": "Insten Car Windshield Cell Phone Holder Dashboard Car Mount Bracket for iPhone XS Max XR XS X 11 / 11 Pro / 11 Pro Max 7 8 Plus SE 6s 6 iPod Samsung Galaxy S9 S9+ S10 S10e S8 S7 S6 Plus Edge Note 8 J7",
        "url": "https://www.walmart.com/ip/Insten-Car-Windshield-Cell-Phone-Holder-Dashboard-Mount-Bracket-iPhone-XS-Max-XR-X-11-Pro-7-8-Plus-SE-6s-6-iPod-Samsung-Galaxy-S9-S9-S10-S10e-S8-S7-S/43968966",
        "price": "$6.99",
        "stars": "3.5",
        "ratings": "69 ",
        "img": "i5.walmartimages.com/asr/d1f0747d-3a99-4e04-a10e-fc7611434969_1.23f3f6f9f1e1262a948df914532cfe81.jpeg?odnWidth=612&odnHeight=612&odnBg=ffffff",
        "tags": [
            [
                "Vent Phone Car Holders",
                "/browse/cell-phones/vent-phone-car-holders/1105910_133161_1072308_4199608_2779850"
            ],
            [
                "Scosche Phone Car Holders",
                "/browse/cell-phones/scosche-phone-car-holders/1105910_133161_1072308_1847750_4320346"
            ],
            [
                "Cup Phone Car Holders",
                "/browse/cell-phones/cup-phone-car-holders/1105910_133161_1072308_4199608_4958877"
            ],
            [
                "All Phone Car Holders",
                "/browse/cell-phones/all-phone-car-holders/1105910_133161_1072308_5978976"
            ],
            [
                "iOttie Phone Car Holders",
                "/browse/cell-phones/iottie-phone-car-holders/1105910_133161_1072308_1847750_6974002"
            ],
            [
                "Magnetic Phone Car Holders",
                "/browse/cell-phones/magnetic-phone-car-holders/1105910_133161_1072308_4199608_8887794"
            ],
            [
                "Windshield Phone Car Holders",
                "/browse/cell-phones/windshield-phone-car-holders/1105910_133161_1072308_4199608_9023686"
            ],
            [
                "Mpow Phone Car Holders",
                "/browse/cell-phones/mpow-phone-car-holders/1105910_133161_1072308_1847750_9756648"
            ]
        ]
    },
    {
        "title": "Apple iPhone 6 7 5s SE 3 ft Lightning USB Data Cable Charger OEM Genuine",
        "url": "https://www.walmart.com/ip/Apple-iPhone-6-7-5s-SE-3-ft-Lightning-USB-Data-Cable-Charger-OEM-Genuine/467702404",
        "price": "$6.15",
        "stars": "4.0",
        "ratings": "34 ",
        "img": "",
        "tags": [
            [
                "All Phone Cables",
                "/browse/cell-phones/all-phone-cables/1105910_133161_6842958_1413855"
            ],
            [
                "Micro USB Cable",
                "/browse/cell-phones/micro-usb-cable/1105910_133161_1072306_5756081_2033340"
            ],
            [
                "Apple Phone Chargers",
                "/browse/cell-phones/apple-phone-chargers/1105910_133161_1072306_5297453_5115891"
            ],
            [
                "iPhone Adapter and Cables",
                "/browse/cell-phones/iphone-adapter-cables/1105910_133161_1024881_6193872"
            ],
            [
                "All Phone Chargers",
                "/browse/cell-phones/all-phone-chargers/1105910_133161_1072306_7133056"
            ],
            [
                "Lightning Cable",
                "/browse/cell-phones/lightning-cable/1105910_133161_1072306_1791370_8216443"
            ]
        ]
    },
    {
        "title": "onn. Tripod for Cameras, Smartphones & GoPro, 66 in",
        "url": "https://www.walmart.com/ip/onn-Tripod-for-Cameras-Smartphones-GoPro-66-in/624805572",
        "price": "$34.84",
        "stars": "3.4",
        "ratings": "25 ",
        "img": "i5.walmartimages.com/asr/9265a300-89a5-4178-81cc-7e8ad10e536c.a103e8f35a0ec2f58a8ec2add513ec1a.jpeg?odnWidth=612&odnHeight=612&odnBg=ffffff",
        "tags": [
            [
                "GoPro Cameras & Accessories",
                "/browse/electronics/gopro-cameras-accessories/3944_133277_1095238"
            ],
            [
                "Sports & Action Camcorders",
                "/browse/electronics/sports-action-camcorders/3944_133277_1100765"
            ],
            [
                "GoPro Accessories",
                "/browse/electronics/gopro-accessories/3944_133277_1230678_1231341"
            ],
            [
                "Camera Bags & Cases",
                "/browse/electronics/camera-bags-cases/3944_133277_132913_978661_3591695"
            ],
            [
                "GoPro",
                "/browse/electronics/gopro/3944_4131277_4316150"
            ],
            [
                "onn. Phone & Cellphone Accessories",
                "/browse/electronics/onn-phone-cellphone-accessories/3944_7838866_3004279_2376133_4966163"
            ],
            [
                "Complete Tripods",
                "/browse/electronics/complete-tripods/3944_133277_132913_77512_5102183"
            ]
        ]
    },
    {
        "title": "[2-Pack] Supershieldz for Apple iPhone 6 / 6S Tempered Glass Screen Protector, Anti-Scratch, Anti-Fingerprint, Bubble Free",
        "url": "https://www.walmart.com/ip/2-Pack-Supershieldz-for-Apple-iPhone-6-6S-Tempered-Glass-Screen-Protector-Anti-Scratch-Anti-Fingerprint-Bubble-Free/153123883",
        "price": "$7.49",
        "stars": "4.5",
        "ratings": "133 ",
        "img": "i5.walmartimages.com/asr/8f1e806e-7cfb-4a04-b93c-3be2f87e66b5_1.d8f2ade667f66ef10d1833951fa77581.jpeg?odnWidth=612&odnHeight=612&odnBg=ffffff",
        "tags": [
            [
                "All Screen Protectors",
                "/browse/cell-phones/all-screen-protectors/1105910_133161_1103334_1585942"
            ],
            [
                "iPhone 6 Cases",
                "/browse/cell-phones/iphone-6-cases/1105910_133161_1997952_7579365_4213955_1757493"
            ],
            [
                "iPhone 7 Screen Protectors",
                "/browse/cell-phones/iphone-7-screen-protectors/1105910_133161_1103334_1968296_2753642"
            ],
            [
                "iPhone 8 Screen Protectors",
                "/browse/cell-phones/iphone-8-screen-protectors/1105910_133161_1103334_1968296_4416747"
            ],
            [
                "Multipack Phone Screen Protectors",
                "/browse/cell-phones/multipack-phone-screen-protectors/1105910_133161_1103334_8438498_4568647"
            ],
            [
                "iPhone 6 and 6s Screen Protectors",
                "/browse/cell-phones/iphone-6-6s-screen-protectors/1105910_133161_1103334_1968296_4572114"
            ],
            [
                "Tempered Glass Phone Screen Protectors",
                "/browse/cell-phones/tempered-glass-phone-screen-protectors/1105910_133161_1103334_8438498_6318568"
            ]
        ]
    },
    {
        "title": "100 Pack Heavy Duty 8 Inches (50lbs) Zip Cable Tie Down Strap Wire Uv White Clear Natural Nylon Wrap",
        "url": "https://www.walmart.com/ip/100-Pack-Heavy-Duty-8-Inches-50lbs-Zip-Cable-Tie-Down-Strap-Wire-Uv-White-Clear-Natural-Nylon-Wrap/558800954",
        "price": "$6.94",
        "stars": "4.6",
        "ratings": "14 ",
        "img": "i5.walmartimages.com/asr/0c3309cc-2255-4202-a3b9-34ea0332eb2b_1.df7157f4be0f691a1fd36f977ab2a8c3.jpeg?odnWidth=612&odnHeight=612&odnBg=ffffff",
        "tags": [
            [
                "Digital TV Converters",
                "/browse/electronics/digital-tv-converters/3944_1060825_133270_1070524"
            ],
            [
                "Speaker Cables & Connectors",
                "/browse/electronics/speaker-cables-connectors/3944_77622_8375901_1230415_1230431_1076626"
            ],
            [
                "HDMI Splitters",
                "/browse/electronics/hdmi-splitters/3944_1060825_133270_7412812_1746474"
            ],
            [
                "HDMI Cables",
                "/browse/electronics/hdmi-cables/3944_1060825_133270_7412812_3534100"
            ],
            [
                "Coaxial Cables",
                "/browse/electronics/coaxial-cables/3944_1060825_133270_5465689"
            ],
            [
                "onn. TV & Video Accessories",
                "/browse/electronics/onn-tv-video-accessories/3944_7838866_3004279_2376133_9766217_6428762"
            ],
            [
                "Optical Audio Cables",
                "/browse/electronics/optical-audio-cables/3944_1060825_133270_6630045"
            ],
            [
                "HDMI to RCA",
                "/browse/electronics/hdmi-to-rca/3944_1060825_133270_8423982"
            ]
        ]
    },
    {
        "title": "Logitech S150 USB Speakers with Digital Sound",
        "url": "https://www.walmart.com/ip/Logitech-S150-USB-Speakers-with-Digital-Sound/927640613",
        "price": "$12.88",
        "stars": "4.1",
        "ratings": "299 ",
        "img": "i5.walmartimages.com/asr/d6c3bfc4-79c3-4d8b-b13a-0d39506387d1_1.c3f8ac15152612215139aa216c3c3b1d.jpeg?odnWidth=612&odnHeight=612&odnBg=ffffff",
        "tags": [
            [
                "All Portable Speakers",
                "/browse/electronics/all-portable-speakers/3944_96469_133271_1072784"
            ],
            [
                "Wireless Home Speakers",
                "/browse/electronics/wireless-home-speakers/3944_77622_8375901_1230415_1230429"
            ],
            [
                "Blackweb Computer Accessories & Peripherals",
                "/browse/electronics/blackweb-computer-accessories-peripherals/3944_4157978_5887057_3052689"
            ],
            [
                "Blackweb",
                "/browse/electronics/blackweb/3944_4131277_4400017"
            ],
            [
                "Smart Speakers",
                "/browse/electronics/smart-speakers/3944_96469_5325946"
            ],
            [
                "Speaker Systems",
                "/browse/electronics/speaker-systems/3944_77622_8375901_1230415_78837"
            ],
            [
                "onn. Computer Accessories",
                "/browse/electronics/onn-computer-accessories/3944_7838866_3004279_2376133_9826274"
            ]
        ]
    },
    {
        "title": "LG K51 / LG Q51 Case, Phone Case for LG Reflect, Njjex Shock Absorbing Dual Layer Silicone & Plastic Bumper Rugged Grip Hard Protective Cases Cover for LG K51 Reflect L555D LM-K500UM LM-Q510N 2020",
        "url": "https://www.walmart.com/ip/LG-K51-Q51-Case-Phone-Case-Reflect-Njjex-Shock-Absorbing-Dual-Layer-Silicone-Plastic-Bumper-Rugged-Grip-Hard-Protective-Cases-Cover-Reflect-L555D-LM-/321204983",
        "price": "$6.98",
        "stars": "4.7",
        "ratings": "6 ",
        "img": "i5.walmartimages.com/asr/583cccbc-23d0-4a9c-865f-2b396aa6cf5e.d4afb7dfd5f42762571b55efe7740a60.jpeg?odnWidth=612&odnHeight=612&odnBg=ffffff",
        "tags": [
            [
                "Clear Phone Cases",
                "/browse/cell-phones/clear-phone-cases/1105910_133161_1997952_9694638_1420631"
            ],
            [
                "Folio Wallet Phone Cases",
                "/browse/cell-phones/folio-wallet-phone-cases/1105910_133161_1997952_5447121_3430044_1560938"
            ],
            [
                "Shockproof Phone Cases",
                "/browse/cell-phones/shockproof-phone-cases/1105910_133161_1997952_3341734_2422995"
            ],
            [
                "Folio Phone Case",
                "/browse/cell-phones/folio-phone-case/1105910_133161_1997952_5447121_3295331"
            ],
            [
                "Fashion Phone Cases",
                "/browse/cell-phones/fashion-phone-cases/1105910_133161_1997952_5447121_6032570"
            ],
            [
                "All Phone Cases",
                "/browse/cell-phones/all-phone-cases/1105910_133161_1997952_7954087"
            ],
            [
                "Rugged Phone Cases",
                "/browse/cell-phones/rugged-phone-cases/1105910_133161_1997952_5447121_9150120"
            ]
        ]
    },
    {
        "title": "HP 60XL Ink Cartridge, Black (CC641WN)",
        "url": "https://www.walmart.com/ip/HP-60XL-Ink-Cartridge-Black-CC641WN/13056373",
        "price": "$51.89",
        "stars": "4.3",
        "ratings": "506 ",
        "img": "i5.walmartimages.com/asr/3829ed06-1568-48a0-8997-b5a50ef6c90c.d44f42b7b1431ab10bf142e1d13c5bbe.jpeg?odnWidth=612&odnHeight=612&odnBg=ffffff",
        "tags": [
            [
                "HP Printer Ink and Toner",
                "/browse/electronics/hp-printer-ink-toner/3944_4131277_7559616_3252233"
            ],
            [
                "Brother Printers",
                "/browse/electronics/brother-printers/3944_4131277_8298959_3298126"
            ],
            [
                "All-in-One Printers",
                "/browse/electronics/all-in-one-printers/3944_3951_37807_163957_4175270"
            ],
            [
                "Brother Printer Ink and Toner",
                "/browse/electronics/brother-printer-ink-toner/3944_4131277_8298959_6104760"
            ],
            [
                "Canon",
                "/browse/electronics/canon/3944_4131277_7135121"
            ],
            [
                "HP Standard Yield Printer Ink Cartridge",
                "/browse/electronics/hp-standard-yield-printer-ink-cartridge/3944_3951_37807_8789020"
            ],
            [
                "Printer Toner",
                "/browse/electronics/printer-toner/3944_3951_37807_8910633"
            ]
        ]
    }
]