[
    {
        "title": "1080P Full HD USB Webcam for PC Desktop & Laptop Web Camera with Microphone Full HD",
        "url": "https://www.walmart.com/ip/1080P-Full-HD-USB-Webcam-for-PC-Desktop-Laptop-Web-Camera-with-Microphone-Full-HD/845100629",
        "price": "$17.98",
        "stars": "3.0",
        "ratings": "21 ",
        "img": "i5.walmartimages.com/asr/23f3deb1-0dcd-4a2c-9894-41ca483417ae.1f29d5054af0bf05405ad253c9cb09b8.jpeg?odnWidth=612&odnHeight=612&odnBg=ffffff",
        "tags": [
            [
                "Surveillance Cameras",
                "/browse/electronics/surveillance-cameras/3944_133277_1224850"
            ],
            [
                "Wireless Cameras",
                "/browse/electronics/wireless-cameras/3944_1229875_6357978_5718781_9232158_2852655"
            ],
            [
                "All Camcorders",
                "/browse/electronics/all-camcorders/3944_133277_4549"
            ],
            [
                "Surveillance Equipment",
                "/browse/surveillance-equipment/3944_47600"
            ],
            [
                "Webcam Privacy Covers",
                "/browse/electronics/webcam-privacy-covers/3944_3951_1089430_1230184_7005593"
            ],
            [
                "Webcams",
                "/browse/electronics/webcams/3944_1229875_6357978_5718781_9232158_7208431"
            ]
        ]
    },
    {
        "title": "Kodak Mini 2 Photo Printer Cartridge MC All-in-One Paper & Color Ink Cartridge Refill - 20 Pack - COMPATIBLE with Mini Shot Camera, Mini 2 Printer (Not Original Mini)",
        "url": "https://www.walmart.com/ip/Kodak-Mini-2-Photo-Printer-Cartridge-MC-All-in-One-Paper-Color-Ink-Refill-20-Pack-COMPATIBLE-Shot-Camera-Not-Original-Mini/965006583",
        "price": "$6.99",
        "stars": "4.5",
        "ratings": "95 ",
        "img": "i5.walmartimages.com/asr/65b9bfb9-4c1f-4224-8b05-0c5c5f5c9b5c_1.469bb487da2d235968d886f942a67eae.jpeg?odnWidth=612&odnHeight=612&odnBg=ffffff",
        "tags": [
            [
                "Instant Film Cameras",
                "/browse/electronics/instant-film-cameras/3944_133277_1070984"
            ],
            [
                "Point & Shoot Cameras",
                "/browse/electronics/point-shoot-cameras/3944_133277_1166834"
            ],
            [
                "Kodak Cameras",
                "/browse/electronics/kodak-cameras/3944_133277_1231331_1231337"
            ],
            [
                "Photo Printers",
                "/browse/electronics/photo-printers/3944_3951_37807_163957_3647903"
            ],
            [
                "Film Accessories",
                "/browse/electronics/film-accessories/3944_133277_132913_5408200_4050560"
            ],
            [
                "Other Camera Accessories",
                "/browse/electronics/other-camera-accessories/3944_133277_132913_4539"
            ],
            [
                "Canon",
                "/browse/electronics/canon/3944_4131277_7135121"
            ]
        ]
    },
    {
        "title": "Fitbit Charge 3 bands, by Zodaca Replacement Band Silicon Wristband Watch Straps For Fitbit Charge 3 Fitness Activity Tracker",
        "url": "https://www.walmart.com/ip/Fitbit-Charge-3-bands-by-Zodaca-Replacement-Band-Silicon-Wristband-Watch-Straps-For-Fitbit-Charge-3-Fitness-Activity-Tracker/174522030",
        "price": "$5.99",
        "stars": "3.7",
        "ratings": "40 ",
        "img": "i5.walmartimages.com/asr/02f60a71-b2ad-4abd-8ff0-163829615e24_1.81d6d77bc99c8123c602b034b53ca272.jpeg?odnWidth=612&odnHeight=612&odnBg=ffffff",
        "tags": [
            [
                "Heart Rate Monitors",
                "/browse/sports-outdoors/heart-rate-monitors/4125_4134_1078104_1078145"
            ],
            [
                "Fitness Trackers",
                "/browse/sports-outdoors/fitness-trackers/4125_4134_1229723_1225106"
            ],
            [
                "Fitness Trackers Accessories",
                "/browse/sports-outdoors/fitness-trackers-accessories/4125_4134_1229723_3325958"
            ],
            [
                "Smart Watch Accessories",
                "/browse/sports-outdoors/smart-watch-accessories/4125_4134_1229723_5081915"
            ],
            [
                "Fitbit Alta",
                "/browse/sports-outdoors/fitbit-alta/4125_4134_1229723_5635313_6834227"
            ],
            [
                "Smart Watches",
                "/browse/sports-outdoors/smart-watches/4125_4134_1229723_8780847"
            ],
            [
                "All Fitbits",
                "/browse/sports-outdoors/all-fitbits/4125_4134_1229723_5635313_9170763"
            ]
        ]
    },
    {
        "title": "Disposable Nitrile Gloves,Food Grade Gloves Latex Free Powder Free Textured Chemical Domestic Industry Cleaning Gloves,100-Count/Box, M/L",
        "url": "https://www.walmart.com/ip/Disposable-Nitrile-Gloves-Food-Grade-Gloves-Latex-Free-Powder-Free-Textured-Chemical-Domestic-Industry-Cleaning-Gloves-100-Count-Box-M-L/621899987",
        "price": "$28.46",
        "stars": "2.0",
        "ratings": "6 ",
        "img": "",
        "tags": [
            [
                "Cell Phone Camera Attachments",
                "/browse/cell-phones/cell-phone-camera-attachments/1105910_133161_9274827_1231346"
            ],
            [
                "All Phone Camera Lenses",
                "/browse/cell-phones/all-phone-camera-lenses/1105910_133161_9274827_3801052"
            ],
            [
                "Phone Tripods",
                "/browse/cell-phones/phone-tripods/1105910_133161_9274827_3953830"
            ],
            [
                "Basic Phone Cases",
                "/browse/cell-phones/basic-phone-cases/1105910_133161_1997952_3341734_5271560"
            ],
            [
                "All Phone Car Holders",
                "/browse/cell-phones/all-phone-car-holders/1105910_133161_1072308_5978976"
            ],
            [
                "Telephoto Phone Lenses",
                "/browse/cell-phones/telephoto-phone-lenses/1105910_133161_9274827_9124656"
            ],
            [
                "Selfie Lights",
                "/browse/cell-phones/selfie-lights/1105910_133161_9274827_9809657"
            ]
        ]
    },
    {
        "title": "Philips Surge Protector with USB Charging, 2 Pack, 6 Outlet, 2 USB Charging Ports, Wall Adapter, White",
        "url": "https://www.walmart.com/ip/Philips-Surge-Protector-with-USB-Charging-2-Pack-6-Outlet-2-USB-Charging-Ports-Wall-Adapter-White/775126239",
        "price": "$16.88",
        "stars": "4.9",
        "ratings": "40 ",
        "img": "i5.walmartimages.com/asr/574f2e01-d608-4d0b-b082-9715362bb577_1.f3ab91da105e04051a075e2bcd7c1218.jpeg?odnWidth=612&odnHeight=612&odnBg=ffffff",
        "tags": [
            [
                "Cases & Towers",
                "/browse/electronics/cases-towers/3944_3951_1073804_1023540"
            ],
            [
                "Smart Switches",
                "/browse/electronics/smart-switches/3944_1229875_4592199_1522536_2286595"
            ],
            [
                "Smart Outlets",
                "/browse/electronics/smart-outlets/3944_1229875_4592199_1522536_8121412"
            ],
            [
                "Smart Home Kits",
                "/browse/electronics/smart-home-kits/3944_1229875_9098006_8290395"
            ],
            [
                "Shop All onn.",
                "/browse/electronics/shop-all-onn/3944_7838866_3004279_2376133_9354764"
            ],
            [
                "onn. Computer Accessories",
                "/browse/electronics/onn-computer-accessories/3944_7838866_3004279_2376133_9826274"
            ]
        ]
    },
    {
        "title": "OEM Genuine Samsung Fast Adaptive Wall Adapter Charger for Galaxy A51 A71 S20 S20 Plus S10 Lite S9 Plus Note 10 Note 9 S8 Note 8 EP-TA20JBE - 4 Foot Type C/USB-C Cable",
        "url": "https://www.walmart.com/ip/OEM-Genuine-Samsung-Fast-Adaptive-Wall-Adapter-Charger-Galaxy-A51-A71-S20-Plus-S10-Lite-S9-Note-10-9-S8-8-EP-TA20JBE-4-Foot-Type-C-USB-C-Cable/245328145",
        "price": "$8.95",
        "stars": "4.0",
        "ratings": "4 ",
        "img": "i5.walmartimages.com/asr/97f6598e-e35e-4642-8ce9-8ff8999f6168.5035dad2b56f7f274f036c48569a19da.jpeg?odnWidth=612&odnHeight=612&odnBg=ffffff",
        "tags": []
    },
    {
        "title": "Insten 10' Micro USB Data Sync Charger Cable Charging Cord 10ft for Android Smartphone Cell phone - White",
        "url": "https://www.walmart.com/ip/Insten-10-Micro-USB-Data-Sync-Charger-Cable-Charging-Cord-10ft-for-Android-Smartphone-Cell-phone-White/352347702",
        "price": "$5.19",
        "stars": "3.8",
        "ratings": "28 ",
        "img": "i5.walmartimages.com/asr/d2a9b92d-bf2b-46e6-b211-52c8dcfbc133_1.61b7ee24b19b29de881df401a23fce29.jpeg?odnWidth=612&odnHeight=612&odnBg=ffffff",
        "tags": [
            [
                "Micro USB Cable",
                "/browse/cell-phones/micro-usb-cable/1105910_133161_1072306_5756081_2033340"
            ],
            [
                "CuWire Phone Cables",
                "/browse/cell-phones/cuwire-phone-cables/1105910_133161_6842958_4335636_5661012"
            ],
            [
                "All Phone Chargers",
                "/browse/cell-phones/all-phone-chargers/1105910_133161_1072306_7133056"
            ],
            [
                "Phone Wall Power Adapters",
                "/browse/cell-phones/phone-wall-power-adapters/1105910_133161_7453243_7991519"
            ],
            [
                "Lightning Cable",
                "/browse/cell-phones/lightning-cable/1105910_133161_1072306_1791370_8216443"
            ],
            [
                "Car Chargers",
                "/browse/cell-phones/car-chargers/1105910_133161_1072306_9376562"
            ]
        ]
    },
    {
        "title": "Display Port to VGA, Gold-Plated DisplayPort to VGA Converter Adapter (Male to Female) for Computer, Desktop, Laptop, PC, Monitor, Projector, HDTV, HP, Lenovo, Dell, ASUS and More",
        "url": "https://www.walmart.com/ip/Display-Port-VGA-Gold-Plated-DisplayPort-VGA-Converter-Adapter-Male-Female-Computer-Desktop-Laptop-PC-Monitor-Projector-HDTV-HP-Lenovo-Dell-ASUS-More/412048324",
        "price": "$7.47",
        "stars": "3.8",
        "ratings": "35 ",
        "img": "i5.walmartimages.com/asr/b92a9516-3dde-4705-83ac-e55c144693c4_1.c224b75456e73f074d489bb94dd2bf4c.jpeg?odnWidth=612&odnHeight=612&odnBg=ffffff",
        "tags": [
            [
                "Father's Day Electronics",
                "/browse/seasonal/fathers-day-electronics/1085632_1094344_2365074"
            ],
            [
                "Connected Dorm Room",
                "/browse/seasonal/connected-dorm-room/1085632_8174172_6292484_2548864"
            ],
            [
                "Tax Free Apparel & School Supplies",
                "/browse/tax-free-apparel-school-supplies/1085632_4861825"
            ],
            [
                "Shop All Glass",
                "/browse/seasonal/shop-all-glass/1085632_1071204_4976191"
            ],
            [
                "Mother's Day Electronics Gifts",
                "/browse/seasonal/mothers-day-electronics-gifts/1085632_1093554_5742102"
            ],
            [
                "Tax Free Shop All",
                "/browse/tax-free-shop-all/1085632_6767877"
            ],
            [
                "Electronics Gifts for Grads",
                "/browse/seasonal/electronics-gifts-for-grads/1085632_1105121_7594959"
            ],
            [
                "Last Minute Gifts",
                "/browse/last-minute-gifts/1085632_7803702"
            ]
        ]
    },
    {
        "title": "Genuine ASUS 19.00V 1.75A 33W AC Adapter Charger",
        "url": "https://www.walmart.com/ip/Genuine-ASUS-19-00V-1-75A-33W-AC-Adapter-Charger/972575942",
        "price": "$21.99",
        "stars": "4.2",
        "ratings": "34 ",
        "img": "i5.walmartimages.com/asr/b7c2651e-508d-4e78-89d3-276d90885602_2.aab55af4b55971308299d19927970541.jpeg?odnWidth=612&odnHeight=612&odnBg=ffffff",
        "tags": [
            [
                "Apple Accessories",
                "/browse/electronics/apple-accessories/3944_1229722_1230413"
            ],
            [
                "Dell",
                "/browse/electronics/dell/3944_4131277_1297820"
            ],
            [
                "All ASUS",
                "/browse/electronics/all-asus/3944_4131277_3016080"
            ],
            [
                "ASUS",
                "/browse/electronics/asus/3944_4131277_5519395"
            ],
            [
                "Computer Power Supplies",
                "/browse/electronics/computer-power-supplies/3944_3951_1073804_5964844"
            ],
            [
                "All Dell",
                "/browse/electronics/all-dell/3944_4131277_8535837"
            ],
            [
                "Shop All onn.",
                "/browse/electronics/shop-all-onn/3944_7838866_3004279_2376133_9354764"
            ],
            [
                "onn. Computer Accessories",
                "/browse/electronics/onn-computer-accessories/3944_7838866_3004279_2376133_9826274"
            ]
        ]
    },
    {
        "title": "iPhone Charger Lightning Cable,5 Pack (3FT, 6FT, 10FT) USB Cable, Compatible with Apple iPhone Xs,Xs Max,XR,X,8,8Plus,7,7Plus,6S,6SPlus,iPad Air,Mini,iPod, Case Fast Charging Cord",
        "url": "https://www.walmart.com/ip/iPhone-Charger-Lightning-Cable-5-Pack-3FT-6FT-10FT-USB-Cable-Compatible-Apple-Xs-Xs-Max-XR-X-8-8Plus-7-7Plus-6S-6SPlus-iPad-Air-Mini-iPod-Case-Fast-C/799596814",
        "price": "$14.99",
        "stars": "3.9",
        "ratings": "11 ",
        "img": "i5.walmartimages.com/asr/6079919d-871d-4727-8e6a-feda1e5d8589_1.03a2690144b9b0159d6c5daf4e81eca9.jpeg?odnWidth=612&odnHeight=612&odnBg=ffffff",
        "tags": [
            [
                "iPad Cables, Adapters, & Chargers",
                "/browse/electronics/ipad-cables-adapters-chargers/3944_1078524_1084930_1084890"
            ],
            [
                "Apple Accessories",
                "/browse/electronics/apple-accessories/3944_1229722_1230413"
            ],
            [
                "Premium Computer Accessories",
                "/browse/electronics/premium-computer-accessories/3944_3951_4991337_4954263_5240299"
            ],
            [
                "Cables, Adapters, & Chargers",
                "/browse/electronics/cables-adapters-chargers/3944_1078524_1225368_5562682"
            ],
            [
                "All Computer Cables & Connectors",
                "/browse/electronics/all-computer-cables-connectors/3944_3951_132959_4463_6477783"
            ],
            [
                "Cases",
                "/browse/electronics/cases/3944_1078524_1225368_9395320"
            ]
        ]
    }
]