[
    {
        "title": "USB Wall Charger, Power Adapter, FREEDOMTECH (3-Pack) 1Amp USB Port Quick Charger Plug Cube for iPhone 7/6S/6S Plus/6 Plus/6/5S/5, Samsung Galaxy S7/S6/S5 Edge, LG, HTC, Huawei, Moto, Kindle, Android",
        "url": "https://www.walmart.com/ip/USB-Wall-Charger-Power-Adapter-FREEDOMTECH-3-Pack-1Amp-Port-Quick-Charger-Plug-Cube-iPhone-7-6S-6S-Plus-6-Plus-6-5S-5-Samsung-Galaxy-S7-S6-S5-Edge-LG/470613236",
        "price": "$6.99",
        "stars": "3.9",
        "ratings": "10 ",
        "img": "i5.walmartimages.com/asr/fe77c052-e3e2-411e-bb32-3f1bfb964b45_1.dcdddae4eec4e8e37a4dd25a471b03b0.jpeg?odnWidth=612&odnHeight=612&odnBg=ffffff",
        "tags": [
            [
                "Samsung Phone Chargers",
                "/browse/cell-phones/samsung-phone-chargers/1105910_133161_9140496_4701125_1280477"
            ],
            [
                "All Phone Cables",
                "/browse/cell-phones/all-phone-cables/1105910_133161_6842958_1413855"
            ],
            [
                "Micro USB Cable",
                "/browse/cell-phones/micro-usb-cable/1105910_133161_1072306_5756081_2033340"
            ],
            [
                "Anker Phone Accessories",
                "/browse/cell-phones/anker-phone-accessories/1105910_133161_9140496_2667046"
            ],
            [
                "Travel Adapter",
                "/browse/cell-phones/travel-adapter/1105910_133161_7453243_6834323"
            ],
            [
                "All Phone Chargers",
                "/browse/cell-phones/all-phone-chargers/1105910_133161_1072306_7133056"
            ]
        ]
    },
    {
        "title": "iPhone 6 Case, iPhone 6S Case (4.7 inch), ULAK Slim Dual Layer Protection Scratch Resistant Hard Back Cover Shockproof TPU Bumper Case for Apple iPhone 6 / 6s 4.7 inch",
        "url": "https://www.walmart.com/ip/iPhone-6-Case-6S-Case-4-7-inch-ULAK-Slim-Dual-Layer-Protection-Scratch-Resistant-Hard-Back-Cover-Shockproof-TPU-Bumper-Apple-6s-4-7-inch/169952777",
        "price": "$6.49",
        "stars": "4.4",
        "ratings": "88 ",
        "img": "i5.walmartimages.com/asr/303253db-9bd4-4663-921c-5e41955a9649_1.c4b7d2e3923dfc236eba1f04360b6127.jpeg?odnWidth=612&odnHeight=612&odnBg=ffffff",
        "tags": [
            [
                "iPhone 6s Plus",
                "/browse/cell-phones/iphone-6s-plus/1105910_133161_1997952_7579365_4213955_1625364"
            ],
            [
                "iPhone 6 Plus Cases",
                "/browse/cell-phones/iphone-6-plus-cases/1105910_133161_1997952_7579365_4213955_2420471"
            ],
            [
                "iPhone 6s Cases",
                "/browse/cell-phones/iphone-6s-cases/1105910_133161_1997952_7579365_4213955_3735153"
            ],
            [
                "Slim Phone Cases",
                "/browse/cell-phones/slim-phone-cases/1105910_133161_1997952_5447121_3802968"
            ],
            [
                "Dust Proof Phone Cases",
                "/browse/cell-phones/dust-proof-phone-cases/1105910_133161_1997952_3341734_5141479"
            ],
            [
                "Fashion Phone Cases",
                "/browse/cell-phones/fashion-phone-cases/1105910_133161_1997952_5447121_6032570"
            ]
        ]
    },
    {
        "title": "iPhone 8 Plus Case, NexCase Waterproof Full-body Rugged Case with Built-in Screen Protector for Apple iPhone 7 Plus 2016 / iPhone 8 Plus 2017 Release (Black)",
        "url": "https://www.walmart.com/ip/iPhone-8-Plus-Case-NexCase-Waterproof-Full-body-Rugged-Case-Built-in-Screen-Protector-Apple-7-2016-2017-Release-Black/559996424",
        "price": "$19.99",
        "stars": "3.5",
        "ratings": "19 ",
        "img": "i5.walmartimages.com/asr/e85eff47-eeeb-4dca-a2e8-cc9893be9c8e_1.5f671c2ef5afb0831cc41a35b938a63d.jpeg?odnWidth=612&odnHeight=612&odnBg=ffffff",
        "tags": [
            [
                "iPhone 6s Plus",
                "/browse/cell-phones/iphone-6s-plus/1105910_133161_1997952_7579365_4213955_1625364"
            ],
            [
                "iPhone 8 Cases",
                "/browse/cell-phones/iphone-8-cases/1105910_133161_1997952_7579365_4213955_2017354"
            ],
            [
                "iPhone 8 Plus Cases",
                "/browse/cell-phones/iphone-8-plus-cases/1105910_133161_1997952_7579365_4213955_2125272"
            ],
            [
                "iPhone 6 Plus Cases",
                "/browse/cell-phones/iphone-6-plus-cases/1105910_133161_1997952_7579365_4213955_2420471"
            ],
            [
                "iPhone 7 Plus Cases",
                "/browse/cell-phones/iphone-7-plus-cases/1105910_133161_1997952_7579365_4213955_4718538"
            ],
            [
                "Waterproof Phone Cases",
                "/browse/cell-phones/waterproof-phone-cases/1105910_133161_1997952_3341734_6655996"
            ],
            [
                "Phone Cases with Screen Protector",
                "/browse/cell-phones/phone-cases-with-screen-protector/1105910_133161_1997952_3341734_7227042"
            ]
        ]
    },
    {
        "title": "Verizon LG Stylo 2 V Premium High Quality Black Rapid Charge Micro USB Travel Wall Charger",
        "url": "https://www.walmart.com/ip/Verizon-LG-Stylo-2-V-Premium-High-Quality-Black-Rapid-Charge-Micro-USB-Travel-Wall-Charger/682240915",
        "price": "$9.99",
        "stars": 0,
        "ratings": 0,
        "img": "i5.walmartimages.com/asr/b8d553d0-e5e0-4f9d-80ae-3775d104a915_1.b52fbefc95ea6ccf5c3caf2dddf2f373.jpeg?odnWidth=612&odnHeight=612&odnBg=ffffff",
        "tags": [
            [
                "Shop all Wireless Chargers",
                "/browse/cell-phones/shop-all-wireless-chargers/1105910_133161_1072306_3318301_1392181"
            ],
            [
                "Wireless Charging Pad",
                "/browse/cell-phones/wireless-charging-pad/1105910_133161_1072306_3318301_9906404_2475139"
            ],
            [
                "Anker Phone Accessories",
                "/browse/cell-phones/anker-phone-accessories/1105910_133161_9140496_2667046"
            ],
            [
                "Phone Wall Power Adapters",
                "/browse/cell-phones/phone-wall-power-adapters/1105910_133161_7453243_7991519"
            ]
        ]
    },
    {
        "title": "Motorola Moto E 2020 Phone Case, Dual Layers [Combo Holster] And Built-In Kickstand Bundled with [Temerped Glass Screen Protector] Hybird Shockproof (Camo)",
        "url": "https://www.walmart.com/ip/Motorola-Moto-E-2020-Phone-Case-Dual-Layers-Combo-Holster-And-Built-In-Kickstand-Bundled-Temerped-Glass-Screen-Protector-Hybird-Shockproof-Camo/482313261",
        "price": "$10.99",
        "stars": "4.8",
        "ratings": "11 ",
        "img": "i5.walmartimages.com/asr/99f3cfd4-5736-475c-940e-395d1cd6ceda.3b6436c70b8d5e2b4a1444dea5596afc.jpeg?odnWidth=612&odnHeight=612&odnBg=ffffff",
        "tags": [
            [
                "Shockproof Phone Cases",
                "/browse/cell-phones/shockproof-phone-cases/1105910_133161_1997952_3341734_2422995"
            ],
            [
                "Galaxy S7 Cases",
                "/browse/cell-phones/galaxy-s7-cases/1105910_133161_1997952_7579365_4725617_3560107"
            ],
            [
                "Dust Proof Phone Cases",
                "/browse/cell-phones/dust-proof-phone-cases/1105910_133161_1997952_3341734_5141479"
            ],
            [
                "Phone Cases with Screen Protector",
                "/browse/cell-phones/phone-cases-with-screen-protector/1105910_133161_1997952_3341734_7227042"
            ],
            [
                "All Phone Cases",
                "/browse/cell-phones/all-phone-cases/1105910_133161_1997952_7954087"
            ],
            [
                "Scratch Resistant Phone Cases",
                "/browse/cell-phones/scratch-resistant-phone-cases/1105910_133161_1997952_3341734_9085952"
            ],
            [
                "Rugged Phone Cases",
                "/browse/cell-phones/rugged-phone-cases/1105910_133161_1997952_5447121_9150120"
            ],
            [
                "Holster Phone Cases",
                "/browse/cell-phones/holster-phone-cases/1105910_133161_1997952_5447121_9898236"
            ]
        ]
    },
    {
        "title": "HP PSC All-in-One Printer USB 2.0 Cable Cord A-B 15 feet",
        "url": "https://www.walmart.com/ip/HP-PSC-All-in-One-Printer-USB-2-0-Cable-Cord-A-B-15-feet/180761315",
        "price": "$9.99",
        "stars": "4.8",
        "ratings": "10 ",
        "img": "",
        "tags": []
    },
    {
        "title": "USB Headset With Noise Cancelling Mic",
        "url": "https://www.walmart.com/ip/USB-Headset-With-Noise-Cancelling-Mic/116282392",
        "price": "$11.95",
        "stars": "4.0",
        "ratings": "2 ",
        "img": "",
        "tags": []
    },
    {
        "title": "Samsung Galaxy S9 Screen Protector Glass Film Full Cover 3D Curved Case Friendly Screen Protector Tempered Glass for Samsung Galaxy S9 Black",
        "url": "https://www.walmart.com/ip/Samsung-Galaxy-S9-Screen-Protector-Glass-Film-Full-Cover-3D-Curved-Case-Friendly-Screen-Protector-Tempered-Glass-for-Samsung-Galaxy-S9-Black/564476193",
        "price": "$5.59",
        "stars": "2.4",
        "ratings": "21 ",
        "img": "i5.walmartimages.com/asr/e0960a30-cace-404b-86c6-83f9fa8efcb9_1.9474503bd597b8fef2ff7fd0573f31a0.jpeg?odnWidth=612&odnHeight=612&odnBg=ffffff",
        "tags": [
            [
                "Bumper Phone Cases",
                "/browse/cell-phones/bumper-phone-cases/1105910_133161_1997952_5447121_1341526"
            ],
            [
                "All Screen Protectors",
                "/browse/cell-phones/all-screen-protectors/1105910_133161_1103334_1585942"
            ],
            [
                "Supershieldz Phone Screen Protectors",
                "/browse/cell-phones/supershieldz-phone-screen-protectors/1105910_133161_1103334_9999687_3046642"
            ],
            [
                "Galaxy S9 Cases",
                "/browse/cell-phones/galaxy-s9-cases/1105910_133161_1997952_7579365_4725617_3894809"
            ],
            [
                "Multipack Phone Screen Protectors",
                "/browse/cell-phones/multipack-phone-screen-protectors/1105910_133161_1103334_8438498_4568647"
            ],
            [
                "Galaxy S9 Plus Screen Protectors",
                "/browse/cell-phones/galaxy-s9-plus-screen-protectors/1105910_133161_1103334_3123349_8115784"
            ],
            [
                "Galaxy S9 Screen Protectors",
                "/browse/cell-phones/galaxy-s9-screen-protectors/1105910_133161_1103334_3123349_9785408"
            ],
            [
                "SuperGuardZ Phone Screen Protectors",
                "/browse/cell-phones/superguardz-phone-screen-protectors/1105910_133161_1103334_9999687_9918332"
            ]
        ]
    },
    {
        "title": "Total Wireless LG Journey Smartphone",
        "url": "https://www.walmart.com/ip/Total-Wireless-LG-Journey-Smartphone/533148310",
        "price": "$39.88",
        "stars": "4.5",
        "ratings": "10 ",
        "img": "i5.walmartimages.com/asr/7c4ce2c6-8c00-410e-ac0d-e1338cd0e898_1.e625373cf9f15f3d39a206009e5a2c30.jpeg?odnWidth=612&odnHeight=612&odnBg=ffffff",
        "tags": [
            [
                "Straight Talk Prepaid Phones",
                "/browse/cell-phones/straight-talk-prepaid-phones/1105910_3253219_1045119_1068804"
            ],
            [
                "Android Prepaid Phones",
                "/browse/cell-phones/android-prepaid-phones/1105910_4527935_1072335_1231295_1231297"
            ],
            [
                "All Samsung Galaxy Prepaid Phones",
                "/browse/cell-phones/all-samsung-galaxy-prepaid-phones/1105910_7551331_1986562_1231304_2746348"
            ],
            [
                "All Prepaid Phones",
                "/browse/cell-phones/all-prepaid-phones/1105910_4527935_1072335_8991975"
            ],
            [
                "BLU Phones",
                "/browse/cell-phones/blu-phones/1105910_7551331_9157227"
            ],
            [
                "Total Wireless Prepaid Phones",
                "/browse/cell-phones/total-wireless-prepaid-phones/1105910_3253219_5238125_9160889"
            ]
        ]
    },
    {
        "title": "2 Pack Insten 10' Micro USB Data Sync Charger Cable Charging Cord 10ft for Android Smartphone Cell phone - Black",
        "url": "https://www.walmart.com/ip/2-Pack-Insten-10-Micro-USB-Data-Sync-Charger-Cable-Charging-Cord-10ft-for-Android-Smartphone-Cell-phone-Black/323933197",
        "price": "$7.49",
        "stars": "3.5",
        "ratings": "6 ",
        "img": "i5.walmartimages.com/asr/306ce6bb-633a-429c-b690-47759776fc25_1.f31a212a76263c4ed11ad8582db0f52e.jpeg?odnWidth=612&odnHeight=612&odnBg=ffffff",
        "tags": [
            [
                "All Phone Cables",
                "/browse/cell-phones/all-phone-cables/1105910_133161_6842958_1413855"
            ],
            [
                "Micro USB Cable",
                "/browse/cell-phones/micro-usb-cable/1105910_133161_1072306_5756081_2033340"
            ],
            [
                "CuWire Phone Cables",
                "/browse/cell-phones/cuwire-phone-cables/1105910_133161_6842958_4335636_5661012"
            ],
            [
                "Belkin Phone Chargers",
                "/browse/cell-phones/belkin-phone-chargers/1105910_133161_1072306_5297453_7127998"
            ],
            [
                "All Phone Chargers",
                "/browse/cell-phones/all-phone-chargers/1105910_133161_1072306_7133056"
            ],
            [
                "Belkin Phone Cables",
                "/browse/cell-phones/belkin-phone-cables/1105910_133161_6842958_4335636_7787918"
            ],
            [
                "Phone Wall Power Adapters",
                "/browse/cell-phones/phone-wall-power-adapters/1105910_133161_7453243_7991519"
            ],
            [
                "Belkin Phone Adapter and Cables",
                "/browse/cell-phones/belkin-phone-adapter-cables/1105910_133161_9140496_1930230_8194306"
            ]
        ]
    }
]