[
    {
        "title": "Wire Trak On Wall Low Profile Flat Screen TV Cord Wire Cover - Cable Management Kit",
        "url": "https://www.walmart.com/ip/Wire-Trak-On-Wall-Low-Profile-Flat-Screen-TV-Cord-Wire-Cover-Cable-Management-Kit/505373840",
        "price": "$14.97",
        "stars": "3.9",
        "ratings": "8 ",
        "img": "i5.walmartimages.com/asr/dfaec369-a1e1-4496-8837-0475d00b7c93_1.919fe15bece36ce7359832b877e55fca.jpeg?odnWidth=612&odnHeight=612&odnBg=ffffff",
        "tags": [
            [
                "Audio Visual Accessories",
                "/browse/electronics/audio-visual-accessories/3944_133251_1043559"
            ],
            [
                "Access Points, Hubs & Switches",
                "/browse/electronics/access-points-hubs-switches/3944_3951_126297_1074147"
            ],
            [
                "Speaker Cables & Connectors",
                "/browse/electronics/speaker-cables-connectors/3944_77622_8375901_1230415_1230431_1076626"
            ],
            [
                "HDMI Cables",
                "/browse/electronics/hdmi-cables/3944_1060825_133270_7412812_3534100"
            ],
            [
                "Surge Protectors & UPS",
                "/browse/electronics/surge-protectors-ups/3944_3951_132959_4483"
            ],
            [
                "TV Mounts",
                "/browse/electronics/tv-mounts/3944_1060825_133270_581514"
            ],
            [
                "onn. TV & Video Accessories",
                "/browse/electronics/onn-tv-video-accessories/3944_7838866_3004279_2376133_9766217_6428762"
            ],
            [
                "Shop All onn.",
                "/browse/electronics/shop-all-onn/3944_7838866_3004279_2376133_9354764"
            ]
        ]
    },
    {
        "title": "onn. Mini Displayport to HDMI Adapter",
        "url": "https://www.walmart.com/ip/onn-Mini-Displayport-to-HDMI-Adapter/230508367",
        "price": "$16.88",
        "stars": "4.4",
        "ratings": "33 ",
        "img": "i5.walmartimages.com/asr/ca7968d7-b1d1-403b-b9bd-bb77f691d877.5086b1865e56c186e525518d019cbc0c.png?odnWidth=612&odnHeight=612&odnBg=ffffff",
        "tags": [
            [
                "Speaker Cables & Connectors",
                "/browse/electronics/speaker-cables-connectors/3944_77622_8375901_1230415_1230431_1076626"
            ],
            [
                "onn. Phone Cables",
                "/browse/electronics/onn-phone-cables/3944_7838866_3004279_2376133_9766217_1898577"
            ],
            [
                "HDMI to VGA Adapters",
                "/browse/electronics/hdmi-to-vga-adapters/3944_1060825_133270_7412812_2745067"
            ],
            [
                "HDMI Cables",
                "/browse/electronics/hdmi-cables/3944_1060825_133270_7412812_3534100"
            ],
            [
                "TV Cables & Connectors",
                "/browse/electronics/tv-cables-connectors/3944_1060825_133270_4537"
            ],
            [
                "onn. Phone & Cellphone Accessories",
                "/browse/electronics/onn-phone-cellphone-accessories/3944_7838866_3004279_2376133_4966163"
            ],
            [
                "onn. TV & Video Accessories",
                "/browse/electronics/onn-tv-video-accessories/3944_7838866_3004279_2376133_9766217_6428762"
            ],
            [
                "onn. Computer Accessories",
                "/browse/electronics/onn-computer-accessories/3944_7838866_3004279_2376133_9826274"
            ]
        ]
    },
    {
        "title": "Amplified HD Digital TV Antenna Long 120 Miles Range - Support 4K 1080p Fire tv Stick and All Older TV's Indoor Powerful HDTV Amplifier Signal Booster - 13.5ft Coax Cable",
        "url": "https://www.walmart.com/ip/Amplified-HD-Digital-TV-Antenna-Long-120-Miles-Range-Support-4K-1080p-Fire-tv-Stick-All-Older-TV-s-Indoor-Powerful-HDTV-Amplifier-Signal-Booster-13-5/483747708",
        "price": "$19.99",
        "stars": "4.5",
        "ratings": "32 ",
        "img": "i5.walmartimages.com/asr/dbdeb179-2d14-4e3d-8e6e-f42dd7e95e6e.28fea022a3cde7c7da07c1deedd07041.jpeg?odnWidth=612&odnHeight=612&odnBg=ffffff",
        "tags": [
            [
                "Audio Visual Accessories",
                "/browse/electronics/audio-visual-accessories/3944_133251_1043559"
            ],
            [
                "Digital TV Converters",
                "/browse/electronics/digital-tv-converters/3944_1060825_133270_1070524"
            ],
            [
                "Indoor Antennas",
                "/browse/electronics/indoor-antennas/3944_1060825_133270_1208164"
            ],
            [
                "Outdoor Antennas",
                "/browse/electronics/outdoor-antennas/3944_1060825_133270_1208172"
            ],
            [
                "Antenna Signal Amplifiers",
                "/browse/electronics/antenna-signal-amplifiers/3944_1060825_133270_1224691"
            ],
            [
                "RCA",
                "/browse/electronics/rca/3944_4131277_1776549"
            ],
            [
                "Studio Lighting",
                "/browse/electronics/studio-lighting/3944_133277_132913_6594913_5413954"
            ],
            [
                "onn. TV & Video Accessories",
                "/browse/electronics/onn-tv-video-accessories/3944_7838866_3004279_2376133_9766217_6428762"
            ]
        ]
    },
    {
        "title": "Sony 75\" Class 4K UHD LED Android Smart TV HDR BRAVIA 900H Series XBR75X900H",
        "url": "https://www.walmart.com/ip/Sony-75-Class-4K-UHD-LED-Android-Smart-TV-HDR-BRAVIA-900H-Series-XBR75X900H/464993811",
        "price": "$1998.00",
        "stars": "4.6",
        "ratings": "191 ",
        "img": "",
        "tags": [
            [
                "Android TVs",
                "/browse/electronics/android-tvs/3944_1060825_1229815_3346951"
            ],
            [
                "65 Inch TVs",
                "/browse/electronics/65-inch-tvs/3944_1060825_2489948_3421074"
            ],
            [
                "75 Inch TVs",
                "/browse/electronics/75-inch-tvs/3944_1060825_2489948_3764788"
            ],
            [
                "Sony TVs",
                "/browse/electronics/sony-tvs/3944_1060825_1939756_5806570"
            ],
            [
                "Sony Smart TVs",
                "/browse/electronics/sony-smart-tvs/3944_1060825_7985618_6318295"
            ],
            [
                "4K Sony TVs",
                "/browse/electronics/4k-sony-tvs/3944_1060825_9465212_6772903"
            ],
            [
                "85 Inch TVs",
                "/browse/electronics/85-inch-tvs/3944_1060825_2489948_7506112"
            ],
            [
                "1080 Resolution HDTVs",
                "/browse/electronics/1080-resolution-hdtvs/3944_1060825_3289709_7918505"
            ]
        ]
    },
    {
        "title": "V7 7-Outlet Surge Protector 1050J 12ft Cord, White Power Strip 125V",
        "url": "https://www.walmart.com/ip/V7-7-Outlet-Surge-Protector-1050J-12ft-Cord-White-Power-Strip-125V/728231467",
        "price": "$12.99",
        "stars": "4.8",
        "ratings": "26 ",
        "img": "",
        "tags": [
            [
                "Cases & Towers",
                "/browse/electronics/cases-towers/3944_3951_1073804_1023540"
            ],
            [
                "TV Cables & Connectors",
                "/browse/electronics/tv-cables-connectors/3944_1060825_133270_4537"
            ],
            [
                "Only at Walmart Electronics",
                "/browse/electronics/only-at-walmart-electronics/3944_7838866_7148103"
            ],
            [
                "Smart Outlets",
                "/browse/electronics/smart-outlets/3944_1229875_4592199_1522536_8121412"
            ],
            [
                "Shop All onn.",
                "/browse/electronics/shop-all-onn/3944_7838866_3004279_2376133_9354764"
            ],
            [
                "onn. Computer Accessories",
                "/browse/electronics/onn-computer-accessories/3944_7838866_3004279_2376133_9826274"
            ]
        ]
    },
    {
        "title": "Mount-It! Full Motion TV Wall Mount Monitor Swivel Bracket | Fits 19-43 Inch Screens",
        "url": "https://www.walmart.com/ip/Mount-It-Full-Motion-TV-Wall-Mount-Monitor-Swivel-Bracket-Fits-19-43-Inch-Screens/515771954",
        "price": "$17.99",
        "stars": "4.4",
        "ratings": "30 ",
        "img": "i5.walmartimages.com/asr/a7225cd1-df9d-4e52-976d-a2a9392cf6eb_1.4402a5a7bda7d5b2abf36995f8f37e74.jpeg?odnWidth=612&odnHeight=612&odnBg=ffffff",
        "tags": [
            [
                "Smart TVs",
                "/browse/electronics/smart-tvs/3944_1060825_1229815_1229817"
            ],
            [
                "LED TVs",
                "/browse/electronics/led-tvs/3944_1060825_1229815_1229821"
            ],
            [
                "All TVs",
                "/browse/electronics/all-tvs/3944_1060825_447913"
            ],
            [
                "onn. TV & Video Accessories",
                "/browse/electronics/onn-tv-video-accessories/3944_7838866_3004279_2376133_9766217_6428762"
            ],
            [
                "Only at Walmart Electronics",
                "/browse/electronics/only-at-walmart-electronics/3944_7838866_7148103"
            ],
            [
                "32 Inch TVs",
                "/browse/electronics/32-inch-tvs/3944_1060825_2489948_7156390"
            ],
            [
                "Roku TVs",
                "/browse/electronics/roku-tvs/3944_1060825_1229815_9085580"
            ],
            [
                "Shop All onn.",
                "/browse/electronics/shop-all-onn/3944_7838866_3004279_2376133_9354764"
            ]
        ]
    },
    {
        "title": "Maxell CD-340 Lens Cleaner",
        "url": "https://www.walmart.com/ip/Maxell-CD-340-Lens-Cleaner/10135700",
        "price": "$11.93",
        "stars": "4.4",
        "ratings": "115 ",
        "img": "i5.walmartimages.com/asr/d6f75426-1d5d-4c6e-9013-68b5e9a50f19_1.fd7d433921ea7972acd3b54b2d80529a.jpeg?odnWidth=612&odnHeight=612&odnBg=ffffff",
        "tags": [
            [
                "CD & Media Storage",
                "/browse/electronics/cd-media-storage/3944_3951_132959_645319_106546"
            ],
            [
                "Cleaning & Maintenance",
                "/browse/electronics/cleaning-maintenance/3944_133277_132913_1079106"
            ],
            [
                "Blank Media",
                "/browse/electronics/blank-media/3944_3951_132959_645319_127175"
            ],
            [
                "RCA",
                "/browse/electronics/rca/3944_4131277_1776549"
            ]
        ]
    },
    {
        "title": "Sceptre 55\" Class TV (2160p) Android Smart 4K LED TV with Google Assistant (A558CV-U)",
        "url": "https://www.walmart.com/ip/Sceptre-55-Class-TV-2160p-Android-Smart-4K-LED-TV-with-Google-Assistant-A558CV-U/247447476",
        "price": "$305.00",
        "stars": "3.6",
        "ratings": "90 ",
        "img": "i5.walmartimages.com/asr/08a0d138-5115-4a79-b2c5-7c2200d00312_1.d001e604b6f14184d135b9bea66c56cc.jpeg?odnWidth=612&odnHeight=612&odnBg=ffffff",
        "tags": [
            [
                "4K Ultra HDTVs",
                "/browse/electronics/4k-ultra-hdtvs/3944_1060825_3289709_1180168"
            ],
            [
                "Smart TVs",
                "/browse/electronics/smart-tvs/3944_1060825_1229815_1229817"
            ],
            [
                "LED TVs",
                "/browse/electronics/led-tvs/3944_1060825_1229815_1229821"
            ],
            [
                "RCA",
                "/browse/electronics/rca/3944_4131277_1776549"
            ],
            [
                "55 Inch TVs",
                "/browse/electronics/55-inch-tvs/3944_1060825_2489948_3168047"
            ],
            [
                "4K HDR TVs",
                "/browse/electronics/4k-hdr-tvs/3944_1060825_1229815_6853163"
            ],
            [
                "Roku TVs",
                "/browse/electronics/roku-tvs/3944_1060825_1229815_9085580"
            ],
            [
                "Smart TVs that work with Google Assistant",
                "/browse/electronics/smart-tvs-that-work-with-google-assistant/3944_1229875_9259047_9416686"
            ]
        ]
    },
    {
        "title": "onn. TV Top Shelf for Streaming Boxes or Soundbars, 18 in.",
        "url": "https://www.walmart.com/ip/onn-TV-Top-Shelf-for-Streaming-Boxes-or-Soundbars-18-in/144592206",
        "price": "$16.88",
        "stars": "4.5",
        "ratings": "81 ",
        "img": "i5.walmartimages.com/asr/d76c996e-b5e7-4919-b1a3-7f08ae44112e.7b6bc5fa5dc97f612c7ea9a429cd76e0.jpeg?odnWidth=612&odnHeight=612&odnBg=ffffff",
        "tags": [
            [
                "Sound Bars",
                "/browse/electronics/sound-bars/3944_77622_8375901_1230415_1107398"
            ],
            [
                "Speaker Wall Mounts",
                "/browse/electronics/speaker-wall-mounts/3944_77622_8375901_1230415_1230431_1230733"
            ],
            [
                "TV Cables & Connectors",
                "/browse/electronics/tv-cables-connectors/3944_1060825_133270_4537"
            ],
            [
                "onn. Audio",
                "/browse/electronics/onn-audio/3944_7838866_3004279_2376133_4993563"
            ],
            [
                "TV Mounts",
                "/browse/electronics/tv-mounts/3944_1060825_133270_581514"
            ],
            [
                "720 Resolution HDTVs",
                "/browse/electronics/720-resolution-hdtvs/3944_1060825_3289709_6343657"
            ],
            [
                "Only at Walmart Electronics",
                "/browse/electronics/only-at-walmart-electronics/3944_7838866_7148103"
            ],
            [
                "Shop All onn.",
                "/browse/electronics/shop-all-onn/3944_7838866_3004279_2376133_9354764"
            ]
        ]
    },
    {
        "title": "New CV98LM Remote Control replacement for Amazon Fire TV Stick",
        "url": "https://www.walmart.com/ip/New-CV98LM-Remote-Control-replacement-for-Amazon-Fire-TV-Stick/398817513",
        "price": "$10.99",
        "stars": "3.9",
        "ratings": "90 ",
        "img": "i5.walmartimages.com/asr/8ddfc651-6244-4d66-960e-e5d866dc1e46_1.1d1a3786a4cc6764d75dac76404ffba6.jpeg?odnWidth=612&odnHeight=612&odnBg=ffffff",
        "tags": [
            [
                "Streaming Devices",
                "/browse/electronics/streaming-devices/3944_77622_7549938_1229631_1085065"
            ],
            [
                "Roku Express",
                "/browse/electronics/roku-express/3944_77622_7549938_1229631_1430926"
            ],
            [
                "All TVs",
                "/browse/electronics/all-tvs/3944_1060825_447913"
            ],
            [
                "Sceptre TVs",
                "/browse/electronics/sceptre-tvs/3944_1060825_1939756_5735890"
            ],
            [
                "720 Resolution HDTVs",
                "/browse/electronics/720-resolution-hdtvs/3944_1060825_3289709_6343657"
            ],
            [
                "Roku",
                "/browse/electronics/roku/3944_4131277_8296010"
            ],
            [
                "Roku Streaming Stick",
                "/browse/electronics/roku-streaming-stick/3944_77622_7549938_1229631_9177705"
            ],
            [
                "Sceptre",
                "/browse/electronics/sceptre/3944_4131277_9297591"
            ]
        ]
    }
]