[
    {
        "title": "Verbatim, VER94691, Branded CD-R Media, 50",
        "url": "https://www.walmart.com/ip/Verbatim-VER94691-Branded-CD-R-Media-50/12321759",
        "price": "$9.99",
        "stars": "4.7",
        "ratings": "94 ",
        "img": "i5.walmartimages.com/asr/7cc1e726-c285-4a90-b382-5d7b264efcc0_1.a1b8262c97f9f3216a26ecc1b16c7272.jpeg?odnWidth=612&odnHeight=612&odnBg=ffffff",
        "tags": [
            [
                "CD & Media Storage",
                "/browse/electronics/cd-media-storage/3944_3951_132959_645319_106546"
            ],
            [
                "Printer Accessories",
                "/browse/electronics/printer-accessories/3944_3951_37807_1074564"
            ],
            [
                "CD Players",
                "/browse/electronics/cd-players/3944_96469_4534"
            ],
            [
                "HP Accessories",
                "/browse/electronics/hp-accessories/3944_4131277_7559616_5365608"
            ],
            [
                "Gaming Mouse",
                "/browse/electronics/gaming-mouse/3944_3951_132959_1008621_4842284_9144425"
            ],
            [
                "27 Inch Computer Monitor",
                "/browse/electronics/27-inch-computer-monitor/3944_3951_1230331_7157038_9678295"
            ],
            [
                "onn. Computer Accessories",
                "/browse/electronics/onn-computer-accessories/3944_7838866_3004279_2376133_9826274"
            ]
        ]
    },
    {
        "title": "beFree Sound BFS-410 5.1 Channel Surround Sound Bluetooth Speaker System in Red",
        "url": "https://www.walmart.com/ip/beFree-Sound-BFS-410-5-1-Channel-Surround-Sound-Bluetooth-Speaker-System-in-Red/48505526",
        "price": "$79.99",
        "stars": "3.4",
        "ratings": "66 ",
        "img": "",
        "tags": [
            [
                "Sound Bars",
                "/browse/electronics/sound-bars/3944_77622_8375901_1230415_1107398"
            ],
            [
                "Surround Sound Speakers Systems",
                "/browse/electronics/surround-sound-speakers-systems/3944_77622_1172172"
            ],
            [
                "Wireless Home Speakers",
                "/browse/electronics/wireless-home-speakers/3944_77622_8375901_1230415_1230429"
            ],
            [
                "LG",
                "/browse/electronics/lg/3944_4131277_1589293"
            ],
            [
                "Stereo Shelf Systems",
                "/browse/electronics/stereo-shelf-systems/3944_77622_8375901_96890_430957"
            ],
            [
                "Smart Speakers",
                "/browse/electronics/smart-speakers/3944_96469_5325946"
            ],
            [
                "Portable Wireless & Bluetooth Speakers",
                "/browse/electronics/portable-wireless-bluetooth-speakers/3944_96469_615879"
            ],
            [
                "Speaker Systems",
                "/browse/electronics/speaker-systems/3944_77622_8375901_1230415_78837"
            ]
        ]
    },
    {
        "title": "Lightning to 30-Pin Adapter White 1 Pack",
        "url": "https://www.walmart.com/ip/Lightning-to-30-Pin-Adapter-White-1-Pack/566869435",
        "price": "$5.99",
        "stars": "2.3",
        "ratings": "9 ",
        "img": "i5.walmartimages.com/asr/10babecf-9d11-470c-b786-eff95e7375e7.0e8645b9424987fd78684fd34eb1d331.jpeg?odnWidth=612&odnHeight=612&odnBg=ffffff",
        "tags": [
            [
                "Apple Phone Chargers",
                "/browse/cell-phones/apple-phone-chargers/1105910_133161_1072306_5297453_5115891"
            ],
            [
                "iPhone Adapter and Cables",
                "/browse/cell-phones/iphone-adapter-cables/1105910_133161_1024881_6193872"
            ],
            [
                "Apple Phone Cables",
                "/browse/cell-phones/apple-phone-cables/1105910_133161_6842958_4335636_7121255"
            ],
            [
                "All Phone Adapters",
                "/browse/cell-phones/all-phone-adapters/1105910_133161_7453243_9946018"
            ]
        ]
    },
    {
        "title": "Speck iPhone 11 Gemshell Case - Clear",
        "url": "https://www.walmart.com/ip/Speck-iPhone-11-Gemshell-Case-Clear/956788887",
        "price": "$19.88",
        "stars": "4.1",
        "ratings": "7 ",
        "img": "i5.walmartimages.com/asr/a5325b1b-800f-48d7-9420-e71d027ee9b6_1.c34dd9b4b2373b431474d5e38baa30d4.jpeg?odnWidth=612&odnHeight=612&odnBg=ffffff",
        "tags": [
            [
                "Clear Phone Cases",
                "/browse/cell-phones/clear-phone-cases/1105910_133161_1997952_9694638_1420631"
            ],
            [
                "iPhone 11 Pro Cases",
                "/browse/cell-phones/iphone-11-pro-cases/1105910_133161_1997952_7579365_4213955_2324012"
            ],
            [
                "Slim Phone Cases",
                "/browse/cell-phones/slim-phone-cases/1105910_133161_1997952_5447121_3802968"
            ],
            [
                "Basic Phone Cases",
                "/browse/cell-phones/basic-phone-cases/1105910_133161_1997952_3341734_5271560"
            ],
            [
                "Speck Phone Cases",
                "/browse/cell-phones/speck-phone-cases/1105910_133161_1997952_3726920_6133417"
            ],
            [
                "iPhone 11 Cases",
                "/browse/cell-phones/iphone-11-cases/1105910_133161_1997952_7579365_4213955_7605586"
            ],
            [
                "All Phone Cases",
                "/browse/cell-phones/all-phone-cases/1105910_133161_1997952_7954087"
            ]
        ]
    },
    {
        "title": "Avengers iTime Interactive Kids Smart Watch 40 MM",
        "url": "https://www.walmart.com/ip/Avengers-iTime-Interactive-Kids-Smart-Watch-40-MM/650969237",
        "price": "$35.00",
        "stars": "4.3",
        "ratings": "15 ",
        "img": "i5.walmartimages.com/asr/3a659f2a-bb6f-4bd5-a78c-e1b7ef9c22ee_1.ce327375f03c11803520faf0c66dee59.jpeg?odnWidth=612&odnHeight=612&odnBg=ffffff",
        "tags": [
            [
                "All Watches",
                "/browse/jewelry/all-watches/3891_3906_1012759"
            ],
            [
                "Kids Watches",
                "/browse/jewelry/kids-watches/3891_3906_8010157_1224987"
            ],
            [
                "Men's Invicta Watches",
                "/browse/jewelry/mens-invicta-watches/3891_3906_1443485_7176564_2182854"
            ],
            [
                "AmazingForLess Watches",
                "/browse/jewelry/amazingforless-watches/3891_3906_2242838_7039405"
            ],
            [
                "Girls Watches",
                "/browse/jewelry/girls-watches/3891_3906_8010157_7130665"
            ],
            [
                "Watch Savings",
                "/browse/jewelry/watch-savings/3891_3142869_8688045"
            ],
            [
                "Kids Character Watches",
                "/browse/jewelry/kids-character-watches/3891_3906_8010157_9798176"
            ]
        ]
    },
    {
        "title": "HXSJ Wireless 2.4G Mouse Ultra-thin Silent Mouse Portable and Sleek Mice Rechargeable Mouse 10m/33ft Wireless Transmission (Rose Gold)",
        "url": "https://www.walmart.com/ip/HXSJ-Wireless-2-4G-Mouse-Ultra-thin-Silent-Mouse-Portable-and-Sleek-Mice-Rechargeable-Mouse-10m-33ft-Wireless-Transmission-Rose-Gold/665994894",
        "price": "$8.29",
        "stars": "4.5",
        "ratings": "20 ",
        "img": "i5.walmartimages.com/asr/7010d436-51dd-44d8-9ded-d62358fb7273_1.49b79d707ba4061d81ded6378324683b.jpeg?odnWidth=612&odnHeight=612&odnBg=ffffff",
        "tags": [
            [
                "Mouse Pads & Wrist Rests",
                "/browse/electronics/mouse-pads-wrist-rests/3944_3951_132959_1008621_4842284_4718636"
            ],
            [
                "Premium Computer Accessories",
                "/browse/electronics/premium-computer-accessories/3944_3951_4991337_4954263_5240299"
            ],
            [
                "HP Accessories",
                "/browse/electronics/hp-accessories/3944_4131277_7559616_5365608"
            ],
            [
                "Wireless Keyboard & Mouse Combos",
                "/browse/electronics/wireless-keyboard-mouse-combos/3944_3951_132959_1008621_7197407_5672621"
            ],
            [
                "PC Gaming Mouse & Mouse Pads",
                "/browse/electronics/pc-gaming-mouse-mouse-pads/3944_3951_7052607_9433123_6377687"
            ],
            [
                "Wired Mouse",
                "/browse/electronics/wired-mouse/3944_3951_132959_1008621_4842284_7047428"
            ],
            [
                "Ergonomic & Trackball Mouse",
                "/browse/electronics/ergonomic-trackball-mouse/3944_3951_132959_1008621_4842284_9354061"
            ]
        ]
    },
    {
        "title": "Link Depot USB A to B Printer Cable 6' 10' 15'",
        "url": "https://www.walmart.com/ip/Link-Depot-USB-A-to-B-Printer-Cable-6-10-15/15819240",
        "price": "$6.49",
        "stars": "4.1",
        "ratings": "731 ",
        "img": "",
        "tags": []
    },
    {
        "title": "Monster PRISM \u2013 Smart Modular 3D LED Art Panel 2 Panel Add-On Pack",
        "url": "https://www.walmart.com/ip/Monster-PRISM-Smart-Modular-3D-LED-Art-Panel-2-Panel-Add-On-Pack/710004463",
        "price": "$34.99",
        "stars": "4.6",
        "ratings": "91 ",
        "img": "i5.walmartimages.com/asr/c85fb77b-3b48-4fad-923e-954129f3a148.1e656eff2789a41c39fc937cef96ae44.jpeg?odnWidth=612&odnHeight=612&odnBg=ffffff",
        "tags": [
            [
                "Shockproof Phone Cases",
                "/browse/cell-phones/shockproof-phone-cases/1105910_133161_1997952_3341734_2422995"
            ],
            [
                "Galaxy A10e Cases",
                "/browse/cell-phones/galaxy-a10e-cases/1105910_133161_1997952_7579365_4725617_3097788"
            ],
            [
                "Slim Phone Cases",
                "/browse/cell-phones/slim-phone-cases/1105910_133161_1997952_5447121_3802968"
            ],
            [
                "iPhone 11 Cases",
                "/browse/cell-phones/iphone-11-cases/1105910_133161_1997952_7579365_4213955_7605586"
            ],
            [
                "All Phone Cases",
                "/browse/cell-phones/all-phone-cases/1105910_133161_1997952_7954087"
            ],
            [
                "Rugged Phone Cases",
                "/browse/cell-phones/rugged-phone-cases/1105910_133161_1997952_5447121_9150120"
            ]
        ]
    },
    {
        "title": "Apple MFi Certified 6.6 Feet (2 m) Data Sync Lightning to USB Charger iPhone Charging Cable Cord for iPhones by Clambo - White",
        "url": "https://www.walmart.com/ip/Apple-MFi-Certified-6-6-Feet-2-m-Data-Sync-Lightning-to-USB-Charger-iPhone-Charging-Cable-Cord-for-iPhones-by-Clambo-White/578288712",
        "price": "$12.99",
        "stars": "4.1",
        "ratings": "62 ",
        "img": "i5.walmartimages.com/asr/6055a22a-8d74-4ee4-84c6-acfe97a3cce0_1.1c91c6706f99f26072df165be3e2f2ff.png?odnWidth=612&odnHeight=612&odnBg=ffffff",
        "tags": [
            [
                "iPad Cables, Adapters, & Chargers",
                "/browse/electronics/ipad-cables-adapters-chargers/3944_1078524_1084930_1084890"
            ],
            [
                "Apple Accessories",
                "/browse/electronics/apple-accessories/3944_1229722_1230413"
            ],
            [
                "Apple",
                "/browse/electronics/apple/3944_4131277_4253599"
            ],
            [
                "Premium Computer Accessories",
                "/browse/electronics/premium-computer-accessories/3944_3951_4991337_4954263_5240299"
            ],
            [
                "Cables, Adapters, & Chargers",
                "/browse/electronics/cables-adapters-chargers/3944_1078524_1225368_5562682"
            ],
            [
                "All Computer Cables & Connectors",
                "/browse/electronics/all-computer-cables-connectors/3944_3951_132959_4463_6477783"
            ]
        ]
    },
    {
        "title": "Cyber Monday Price! KOOTION 32GB Micro SDHC UHS-I Memory Card Class 10 Micro SD Card High Speed TF Card, C10, U1, 32G",
        "url": "https://www.walmart.com/ip/Cyber-Monday-Price-KOOTION-32GB-Micro-SDHC-UHS-I-Memory-Card-Class-10-Micro-SD-Card-High-Speed-TF-Card-C10-U1-32G/156235497",
        "price": "$7.99",
        "stars": "4.4",
        "ratings": "46 ",
        "img": "i5.walmartimages.com/asr/d8cf3f4d-ea34-4254-8c6d-df50a8383cf6_1.9e93a0fb4093bc3335e701e5ef2ee95a.jpeg?odnWidth=612&odnHeight=612&odnBg=ffffff",
        "tags": [
            [
                "Memory Card Readers",
                "/browse/electronics/memory-card-readers/3944_133277_132913_63988_116797"
            ],
            [
                "4K Ultra HDTVs",
                "/browse/electronics/4k-ultra-hdtvs/3944_1060825_3289709_1180168"
            ],
            [
                "Electronics Tax Time",
                "/browse/electronics-tax-time/3944_4439225"
            ],
            [
                "All TVs",
                "/browse/electronics/all-tvs/3944_1060825_447913"
            ],
            [
                "Other Camera Accessories",
                "/browse/electronics/other-camera-accessories/3944_133277_132913_4539"
            ],
            [
                "onn. Camera Accessories",
                "/browse/electronics/onn-camera-accessories/3944_133277_132913_4323092_5259738"
            ],
            [
                "50 Inch TVs",
                "/browse/electronics/50-inch-tvs/3944_1060825_2489948_5472490"
            ],
            [
                "SD Cards",
                "/browse/electronics/sd-cards/3944_133277_132913_63988_5930264"
            ]
        ]
    }
]