[
    {
        "title": "cord cover raceway kit, 157\" cable management channel, paintable cord concealer system covers cable, cord wires, hiding wall mount tv powers cords in home office, 10x l15.7in x w0.95in x 0.55in",
        "url": "https://www.walmart.com/ip/cord-cover-raceway-kit-157-cable-management-channel-paintable-concealer-system-covers-cable-wires-hiding-wall-mount-tv-powers-cords-home-office-10x-l/536922716",
        "price": "$32.19",
        "stars": "5.0",
        "ratings": "1 ",
        "img": "",
        "tags": [
            [
                "Digital TV Converters",
                "/browse/electronics/digital-tv-converters/3944_1060825_133270_1070524"
            ],
            [
                "Speaker Cables & Connectors",
                "/browse/electronics/speaker-cables-connectors/3944_77622_8375901_1230415_1230431_1076626"
            ],
            [
                "HDMI Splitters",
                "/browse/electronics/hdmi-splitters/3944_1060825_133270_7412812_1746474"
            ],
            [
                "HDMI Cables",
                "/browse/electronics/hdmi-cables/3944_1060825_133270_7412812_3534100"
            ],
            [
                "Coaxial Cables",
                "/browse/electronics/coaxial-cables/3944_1060825_133270_5465689"
            ],
            [
                "onn. TV & Video Accessories",
                "/browse/electronics/onn-tv-video-accessories/3944_7838866_3004279_2376133_9766217_6428762"
            ],
            [
                "Optical Audio Cables",
                "/browse/electronics/optical-audio-cables/3944_1060825_133270_6630045"
            ],
            [
                "HDMI to RCA",
                "/browse/electronics/hdmi-to-rca/3944_1060825_133270_8423982"
            ]
        ]
    },
    {
        "title": "Monster\u00ae Auxiliary Stereo Audio Cable 12ft",
        "url": "https://www.walmart.com/ip/Monster-Auxiliary-Stereo-Audio-Cable-12ft/841761832",
        "price": "$11.97",
        "stars": "4.7",
        "ratings": "40 ",
        "img": "",
        "tags": [
            [
                "Speaker Cables & Connectors",
                "/browse/electronics/speaker-cables-connectors/3944_77622_8375901_1230415_1230431_1076626"
            ],
            [
                "Coaxial Cables",
                "/browse/electronics/coaxial-cables/3944_1060825_133270_5465689"
            ],
            [
                "Cables, Adapters, & Chargers",
                "/browse/electronics/cables-adapters-chargers/3944_1078524_1225368_5562682"
            ],
            [
                "onn. TV & Video Accessories",
                "/browse/electronics/onn-tv-video-accessories/3944_7838866_3004279_2376133_9766217_6428762"
            ],
            [
                "Optical Audio Cables",
                "/browse/electronics/optical-audio-cables/3944_1060825_133270_6630045"
            ],
            [
                "HDMI to RCA",
                "/browse/electronics/hdmi-to-rca/3944_1060825_133270_8423982"
            ],
            [
                "Shop All onn.",
                "/browse/electronics/shop-all-onn/3944_7838866_3004279_2376133_9354764"
            ],
            [
                "onn. Computer Accessories",
                "/browse/electronics/onn-computer-accessories/3944_7838866_3004279_2376133_9826274"
            ]
        ]
    },
    {
        "title": "Rode SC7 3.5mm TRS to TRRS Patch Cable",
        "url": "https://www.walmart.com/ip/Rode-SC7-3-5mm-TRS-to-TRRS-Patch-Cable/48845796",
        "price": "$22.99",
        "stars": "5.0",
        "ratings": "1 ",
        "img": "i5.walmartimages.com/asr/efb686ed-b863-40f1-9da9-fe29a0bcece0_1.1b25e8af3b46bb23e15442ffee1ff8a0.jpeg?odnWidth=612&odnHeight=612&odnBg=ffffff",
        "tags": [
            [
                "DJ Equipment Cables",
                "/browse/musical-instruments/dj-equipment-cables/7796869_1097690_1097691"
            ],
            [
                "Acoustic Guitar Strings",
                "/browse/musical-instruments/acoustic-guitar-strings/7796869_6171829_6548527_1819793_2056913"
            ],
            [
                "D'Addario",
                "/browse/musical-instruments/daddario/7796869_3861023_5277933"
            ],
            [
                "Ernie Ball",
                "/browse/musical-instruments/ernie-ball/7796869_3861023_5708336"
            ],
            [
                "Instrument Strings",
                "/browse/musical-instruments/instrument-strings/7796869_6171829_2128409_9702093"
            ]
        ]
    },
    {
        "title": "Projector Screen 100 inch 72inch, HD 4K Movie Projector Screen 16:9 Foldable Portable Anti-Crease Indoor Outdoor Projection Double Sided Video Projector Screen for Home Theater Party Office Classroom",
        "url": "https://www.walmart.com/ip/Projector-Screen-100-inch-72inch-HD-4K-Movie-16-9-Foldable-Portable-Anti-Crease-Indoor-Outdoor-Projection-Double-Sided-Video-Home-Theater-Party-Offic/136132205",
        "price": "$14.97",
        "stars": 0,
        "ratings": 0,
        "img": "i5.walmartimages.com/asr/54d7708d-8662-46e4-b7fb-ebb9b0e70491.990a4a71a01e2aa5ae26640ce3fa3379.jpeg?odnWidth=612&odnHeight=612&odnBg=ffffff",
        "tags": [
            [
                "Dry Erasers",
                "/browse/office-supplies/dry-erasers/1229749_5237975_2684798"
            ],
            [
                "Dry Erase Markers",
                "/browse/office-supplies/dry-erase-markers/1229749_9081741_3115238"
            ],
            [
                "Whiteboards",
                "/browse/office-supplies/whiteboards/1229749_1565348_4161504"
            ],
            [
                "Shop School Supplies by Color",
                "/browse/office-supplies/shop-school-supplies-by-color/1229749_1086045_4305904"
            ],
            [
                "Scanners",
                "/browse/office-supplies/scanners/1229749_1070964_4439"
            ],
            [
                "Projector Parts and Supplies",
                "/browse/office-supplies/projector-parts-supplies/1229749_5041772_4671225"
            ],
            [
                "Laser Pointers & Remotes",
                "/browse/office-supplies/laser-pointers-remotes/1229749_5041772_9095967"
            ],
            [
                "Chalkboard Erasers",
                "/browse/office-supplies/chalkboard-erasers/1229749_1086045_1718345_9499175"
            ]
        ]
    },
    {
        "title": "SANUS VuePoint Anti-Tip TV Strap (FPA701-B1TV)",
        "url": "https://www.walmart.com/ip/SANUS-VuePoint-Anti-Tip-TV-Strap-FPA701-B1TV/20659634",
        "price": "$9.96",
        "stars": "5.0",
        "ratings": "9 ",
        "img": "",
        "tags": [
            [
                "Cables & Connectors",
                "/browse/electronics/cables-connectors/3944_96469_133271_1072824"
            ],
            [
                "4K Ultra HDTVs",
                "/browse/electronics/4k-ultra-hdtvs/3944_1060825_3289709_1180168"
            ],
            [
                "Smart TVs",
                "/browse/electronics/smart-tvs/3944_1060825_1229815_1229817"
            ],
            [
                "LED TVs",
                "/browse/electronics/led-tvs/3944_1060825_1229815_1229821"
            ],
            [
                "All TVs",
                "/browse/electronics/all-tvs/3944_1060825_447913"
            ],
            [
                "onn. TV & Video Accessories",
                "/browse/electronics/onn-tv-video-accessories/3944_7838866_3004279_2376133_9766217_6428762"
            ],
            [
                "Roku TVs",
                "/browse/electronics/roku-tvs/3944_1060825_1229815_9085580"
            ],
            [
                "Shop All onn.",
                "/browse/electronics/shop-all-onn/3944_7838866_3004279_2376133_9354764"
            ]
        ]
    },
    {
        "title": "Dell Desktop Computer Power Cable ( Universal Fit ) 3 Prong 5Ft - 1 Year Warranty",
        "url": "https://www.walmart.com/ip/Dell-Desktop-Computer-Power-Cable-Universal-Fit-3-Prong-5Ft-1-Year-Warranty/442598098",
        "price": "$2.28",
        "stars": "5.0",
        "ratings": "1 ",
        "img": "",
        "tags": [
            [
                "Digital TV Converters",
                "/browse/electronics/digital-tv-converters/3944_1060825_133270_1070524"
            ],
            [
                "Speaker Cables & Connectors",
                "/browse/electronics/speaker-cables-connectors/3944_77622_8375901_1230415_1230431_1076626"
            ],
            [
                "HDMI Cables",
                "/browse/electronics/hdmi-cables/3944_1060825_133270_7412812_3534100"
            ],
            [
                "Coaxial Cables",
                "/browse/electronics/coaxial-cables/3944_1060825_133270_5465689"
            ],
            [
                "onn. TV & Video Accessories",
                "/browse/electronics/onn-tv-video-accessories/3944_7838866_3004279_2376133_9766217_6428762"
            ],
            [
                "All Computer Cables & Connectors",
                "/browse/electronics/all-computer-cables-connectors/3944_3951_132959_4463_6477783"
            ]
        ]
    },
    {
        "title": "SAMSUNG 55\" Class 4K Ultra HD (2160P) HDR Smart QLED TV QN55Q60T 2020",
        "url": "https://www.walmart.com/ip/SAMSUNG-55-Class-4K-Ultra-HD-2160P-HDR-Smart-QLED-TV-QN55Q60T-2020/708691273",
        "price": "$697.99",
        "stars": "4.7",
        "ratings": "1067 ",
        "img": "i5.walmartimages.com/asr/8cd70434-ad07-4a66-a1c5-88eb1d0b06bb.22e33c6c2e8ae0f4a681bdbc46e2bfdb.jpeg?odnWidth=612&odnHeight=612&odnBg=ffffff",
        "tags": [
            [
                "Samsung Smart TVs",
                "/browse/electronics/samsung-smart-tvs/3944_1060825_7985618_1658369"
            ],
            [
                "QLED TVs",
                "/browse/electronics/qled-tvs/3944_1060825_1229815_1793761"
            ],
            [
                "55 Inch TVs",
                "/browse/electronics/55-inch-tvs/3944_1060825_2489948_3168047"
            ],
            [
                "4K Samsung TVs",
                "/browse/electronics/4k-samsung-tvs/3944_1060825_9465212_6776711"
            ],
            [
                "4K HDR TVs",
                "/browse/electronics/4k-hdr-tvs/3944_1060825_1229815_6853163"
            ],
            [
                "Samsung 55 Inch TVs",
                "/browse/electronics/samsung-55-inch-tvs/3944_1060825_7006231_7129366"
            ],
            [
                "Samsung TVs",
                "/browse/electronics/samsung-tvs/3944_1060825_1939756_7136694"
            ],
            [
                "Samsung QLED Smart TVs",
                "/browse/electronics/samsung-qled-smart-tvs/3944_1060825_2044181_2603009_6239618_7959084"
            ]
        ]
    },
    {
        "title": "Ktaxon 180Miles Outdoor Amplified HDTV 1080P Antenna Long Range 38dB UHF/VHF/FM Rotator",
        "url": "https://www.walmart.com/ip/Ktaxon-180Miles-Outdoor-Amplified-HDTV-1080P-Antenna-Long-Range-38dB-UHF-VHF-FM-Rotator/151503316",
        "price": "$22.99",
        "stars": "3.6",
        "ratings": "8 ",
        "img": "i5.walmartimages.com/asr/703b3c32-2c32-4b6a-b2f4-cb967338ae7d_1.43f3d900694c0f9485580c50cb264b99.png?odnWidth=612&odnHeight=612&odnBg=ffffff",
        "tags": [
            [
                "Audio Visual Accessories",
                "/browse/electronics/audio-visual-accessories/3944_133251_1043559"
            ],
            [
                "Digital TV Converters",
                "/browse/electronics/digital-tv-converters/3944_1060825_133270_1070524"
            ],
            [
                "Indoor Antennas",
                "/browse/electronics/indoor-antennas/3944_1060825_133270_1208164"
            ],
            [
                "Outdoor Antennas",
                "/browse/electronics/outdoor-antennas/3944_1060825_133270_1208172"
            ],
            [
                "Antenna Signal Amplifiers",
                "/browse/electronics/antenna-signal-amplifiers/3944_1060825_133270_1224691"
            ],
            [
                "RCA",
                "/browse/electronics/rca/3944_4131277_1776549"
            ],
            [
                "Receivers & Amplifiers",
                "/browse/electronics/receivers-amplifiers/3944_77622_8375901_96890_4478"
            ],
            [
                "onn. TV & Video Accessories",
                "/browse/electronics/onn-tv-video-accessories/3944_7838866_3004279_2376133_9766217_6428762"
            ]
        ]
    },
    {
        "title": "DISH NETWORK WALLY DISH HD SATELLITE AND WIFI-ENABLED RECEIVER",
        "url": "https://www.walmart.com/ip/DISH-NETWORK-WALLY-DISH-HD-SATELLITE-AND-WIFI-ENABLED-RECEIVER/537634100",
        "price": "$88.00",
        "stars": "5.0",
        "ratings": "4 ",
        "img": "",
        "tags": [
            [
                "RV Patio Mats",
                "/browse/auto-tires/rv-patio-mats/91083_2983678_4280358_2477778"
            ],
            [
                "RV Leveling and Stabilization",
                "/browse/auto-tires/rv-leveling-stabilization/91083_2983678_3185880"
            ],
            [
                "RV Sewer Hoses",
                "/browse/auto-tires/rv-sewer-hoses/91083_2983678_6622907_5163757"
            ],
            [
                "RV Air Conditioners",
                "/browse/auto-tires/rv-air-conditioners/91083_2983678_9139923_5618657"
            ],
            [
                "RV Exterior Accessories",
                "/browse/auto-tires/rv-exterior-accessories/91083_2983678_6954815"
            ],
            [
                "RV Adapters and Surge Protectors",
                "/browse/auto-tires/rv-adapters-surge-protectors/91083_2983678_2470422_8699147"
            ],
            [
                "RV Steps and Ladders",
                "/browse/auto-tires/rv-steps-ladders/91083_2983678_8749207"
            ],
            [
                "RV Satellites and Antennas",
                "/browse/auto-tires/rv-satellites-antennas/91083_2983678_5988213_9076537"
            ]
        ]
    },
    {
        "title": "Insten 15ft HDMI Cable Cord for TV 4k 30Hz High Resolution PS4 xbox 360 with Ethernet 15' High Speed Supports UHD 4K 2160p , Full HD 1080p , 3D , Multi View Video , Ethernet , Audio Return & Smart TV",
        "url": "https://www.walmart.com/ip/Insten-15ft-HDMI-Cable-Cord-TV-4k-30Hz-High-Resolution-PS4-xbox-360-Ethernet-15-Speed-Supports-UHD-4K-2160p-Full-HD-1080p-3D-Multi-View-Video-Audio-R/28944846",
        "price": "$6.89",
        "stars": "4.5",
        "ratings": "20 ",
        "img": "i5.walmartimages.com/asr/c3e9fce3-863b-4009-84cd-e1a34bbd9eb0_1.9c4d75db77276bd6fc72a5ccd2e18980.jpeg?odnWidth=612&odnHeight=612&odnBg=ffffff",
        "tags": [
            [
                "Cases & Towers",
                "/browse/electronics/cases-towers/3944_3951_1073804_1023540"
            ],
            [
                "Digital TV Converters",
                "/browse/electronics/digital-tv-converters/3944_1060825_133270_1070524"
            ],
            [
                "Access Points, Hubs & Switches",
                "/browse/electronics/access-points-hubs-switches/3944_3951_126297_1074147"
            ],
            [
                "Speaker Cables & Connectors",
                "/browse/electronics/speaker-cables-connectors/3944_77622_8375901_1230415_1230431_1076626"
            ],
            [
                "HDMI Cables",
                "/browse/electronics/hdmi-cables/3944_1060825_133270_7412812_3534100"
            ],
            [
                "onn. TV & Video Accessories",
                "/browse/electronics/onn-tv-video-accessories/3944_7838866_3004279_2376133_9766217_6428762"
            ],
            [
                "Optical Audio Cables",
                "/browse/electronics/optical-audio-cables/3944_1060825_133270_6630045"
            ],
            [
                "HDMI Computer Cables",
                "/browse/electronics/hdmi-computer-cables/3944_3951_132959_4463_9684209"
            ]
        ]
    }
]