[
    {
        "title": "Brother MFC-J460DW STD BLK INK",
        "url": "https://www.walmart.com/ip/Brother-MFC-J460DW-STD-BLK-INK/48126127",
        "price": "$12.99",
        "stars": "4.8",
        "ratings": "25 ",
        "img": "i5.walmartimages.com/asr/fd8fcf9b-9ec1-409e-9d13-c17575060850_1.b6eb0fadf88bab95d4fdf7ce686c028c.jpeg?odnWidth=612&odnHeight=612&odnBg=ffffff",
        "tags": [
            [
                "Printer Ink",
                "/browse/electronics/printer-ink/3944_3951_37807_133104"
            ],
            [
                "Laser Printers",
                "/browse/electronics/laser-printers/3944_3951_37807_163957_2058579"
            ],
            [
                "Inkjet Printers",
                "/browse/electronics/inkjet-printers/3944_3951_37807_163957_2713574"
            ],
            [
                "Brother Printers",
                "/browse/electronics/brother-printers/3944_4131277_8298959_3298126"
            ],
            [
                "All-in-One Printers",
                "/browse/electronics/all-in-one-printers/3944_3951_37807_163957_4175270"
            ],
            [
                "Brother Printer January 2020",
                "/browse/electronics/brother-printer-january-2020/3944_3951_37807_163957_7958696"
            ],
            [
                "Printer Toner",
                "/browse/electronics/printer-toner/3944_3951_37807_8910633"
            ]
        ]
    },
    {
        "title": "Simyoung iPhone Cahrging Cord 10FT MFi Certified Fast Charging iPhone Lightning Cable Nylon Braided Compatible with iPhone Xs XR X 8 8 Plus 7 7 Plus 6s Plus 6 Plus 5S SE iPad ( Purple )",
        "url": "https://www.walmart.com/ip/Simyoung-iPhone-Cahrging-Cord-10FT-MFi-Certified-Fast-Charging-Lightning-Cable-Nylon-Braided-Compatible-Xs-XR-X-8-Plus-7-6s-6-5S-SE-iPad-Purple/378236189",
        "price": "$13.99",
        "stars": "2.8",
        "ratings": "26 ",
        "img": "i5.walmartimages.com/asr/f61f8f3b-20b7-41dc-a0fc-a5c4f318f944_1.6ebb8184fd28917f61091278fc0e41f8.jpeg?odnWidth=612&odnHeight=612&odnBg=ffffff",
        "tags": [
            [
                "Anker Phone Accessories",
                "/browse/cell-phones/anker-phone-accessories/1105910_133161_9140496_2667046"
            ],
            [
                "Apple Phone Chargers",
                "/browse/cell-phones/apple-phone-chargers/1105910_133161_1072306_5297453_5115891"
            ],
            [
                "iPhone Adapter and Cables",
                "/browse/cell-phones/iphone-adapter-cables/1105910_133161_1024881_6193872"
            ],
            [
                "Apple Phone Cables",
                "/browse/cell-phones/apple-phone-cables/1105910_133161_6842958_4335636_7121255"
            ],
            [
                "Lightning Cable",
                "/browse/cell-phones/lightning-cable/1105910_133161_1072306_1791370_8216443"
            ],
            [
                "Anker Phone Cables",
                "/browse/cell-phones/anker-phone-cables/1105910_133161_6842958_4335636_9732083"
            ]
        ]
    },
    {
        "title": "HP OfficeJet Pro 6978 Color Inkjet Wireless All-In-One Printer",
        "url": "https://www.walmart.com/ip/HP-OfficeJet-Pro-6978-Color-Inkjet-Wireless-All-In-One-Printer/368364056",
        "price": "$172.25",
        "stars": "4.2",
        "ratings": "32 ",
        "img": "i5.walmartimages.com/asr/d37dce89-dbd2-42da-a44c-dbfd4f7c7157_1.b1d8a0c69d5f63207b2c2eaab4a0d77e.jpeg?odnWidth=612&odnHeight=612&odnBg=ffffff",
        "tags": [
            [
                "Cash Registers",
                "/browse/office-supplies/cash-registers/1229749_2447475_6494636_1085031"
            ],
            [
                "Point of Sale Systems (POS)",
                "/browse/office-supplies/point-of-sale-systems-pos/1229749_2447475_6494636_1343688"
            ],
            [
                "Label Makers",
                "/browse/office-supplies/label-makers/1229749_4339346_5500982"
            ],
            [
                "ID Badge Holders",
                "/browse/office-supplies/id-badge-holders/1229749_2447475_8868811_5891073"
            ],
            [
                "Name Badges",
                "/browse/office-supplies/name-badges/1229749_2447475_8868811_6812508"
            ],
            [
                "Photo Paper",
                "/browse/office-supplies/photo-paper/1229749_6562796_7181527"
            ],
            [
                "Receipt Printers",
                "/browse/office-supplies/receipt-printers/1229749_2447475_6494636_7199650"
            ],
            [
                "Copy & Multipurpose Paper",
                "/browse/office-supplies/copy-multipurpose-paper/1229749_6562796_7518152"
            ]
        ]
    },
    {
        "title": "TP-Link Deco M9 Plus (2-pack) | Whole Home Tri-Band Mesh Wi-Fi System | Up to 2200 Mbps Speeds",
        "url": "https://www.walmart.com/ip/TP-Link-Deco-M9-Plus-2-pack-Whole-Home-Tri-Band-Mesh-Wi-Fi-System-Up-to-2200-Mbps-Speeds/880852538",
        "price": "$217.36",
        "stars": "4.6",
        "ratings": "21 ",
        "img": "",
        "tags": [
            [
                "Access Points, Hubs & Switches",
                "/browse/electronics/access-points-hubs-switches/3944_3951_126297_1074147"
            ],
            [
                "TP-Link Routers",
                "/browse/electronics/tp-link-routers/3944_3951_126297_1487015"
            ],
            [
                "Mesh Routers for Heavy Internet Use",
                "/browse/electronics/mesh-routers-for-heavy-internet-use/3944_3951_126297_1073784_8460867_3292271"
            ],
            [
                "Linksys Velop",
                "/browse/electronics/linksys-velop/3944_3951_126297_4739608"
            ],
            [
                "Linksys Routers",
                "/browse/electronics/linksys-routers/3944_3951_126297_5931166"
            ],
            [
                "Mesh Routers for Light Internet Use",
                "/browse/electronics/mesh-routers-for-light-internet-use/3944_3951_126297_1073784_8460867_8779671"
            ],
            [
                "Mesh Routers for Moderate Internet Use",
                "/browse/electronics/mesh-routers-for-moderate-internet-use/3944_3951_126297_1073784_8460867_8999536"
            ]
        ]
    },
    {
        "title": "2020 Newest Version Bluetooth Earbuds In-Ear Wireless Headset 4.1, One Step Pairing iPhone Android All Smart Phones, Ergonomic Stereo Earplug Earbuds w/Mic for Cell Phones/Tablet/PC, T9, Purple, S9489",
        "url": "https://www.walmart.com/ip/2020-Newest-Version-Bluetooth-Earbuds-In-Ear-Wireless-Headset-4-1-One-Step-Pairing-iPhone-Android-All-Smart-Phones-Ergonomic-Stereo-Earplug-w-Mic-Cel/362922178",
        "price": "$19.99",
        "stars": "2.8",
        "ratings": "23 ",
        "img": "i5.walmartimages.com/asr/29920db8-0bdc-4b68-af60-9bcf92279dc9_1.4f15da808f25f166ca88aa5149a7bef3.jpeg?odnWidth=612&odnHeight=612&odnBg=ffffff",
        "tags": [
            [
                "Plantronics Headsets",
                "/browse/cell-phones/plantronics-headsets/1105910_133161_9253164_5692065_1982311"
            ],
            [
                "Jabra Headsets",
                "/browse/cell-phones/jabra-headsets/1105910_133161_9253164_5692065_2626643"
            ],
            [
                "All Phone Headsets",
                "/browse/cell-phones/all-phone-headsets/1105910_133161_9253164_3195015"
            ],
            [
                "Wired Headsets",
                "/browse/cell-phones/wired-headsets/1105910_133161_9253164_4800447"
            ],
            [
                "Motorola Phone Car Accessories",
                "/browse/cell-phones/motorola-phone-car-accessories/1105910_133161_9140496_9514638_6415858"
            ],
            [
                "Motorola Headsets",
                "/browse/cell-phones/motorola-headsets/1105910_133161_9253164_5692065_7435190"
            ],
            [
                "Mophie Power Banks",
                "/browse/cell-phones/mophie-power-banks/1105910_133161_1087421_7881465"
            ],
            [
                "Blueparrott Headsets",
                "/browse/cell-phones/blueparrott-headsets/1105910_133161_9253164_5692065_9020102"
            ]
        ]
    },
    {
        "title": "Epicdealz 25-Foot Universal USB 2.0 High-Speed Printer Cable for Lexmark, Epson, Canon, HP, Dell, Kodak and Many More!, Black",
        "url": "https://www.walmart.com/ip/Epicdealz-25-Foot-Universal-USB-2-0-High-Speed-Printer-Cable-for-Lexmark-Epson-Canon-HP-Dell-Kodak-and-Many-More-Black/420756658",
        "price": "$12.95",
        "stars": "4.6",
        "ratings": "39 ",
        "img": "",
        "tags": []
    },
    {
        "title": "Logitech C920x Pro Hd Webcam",
        "url": "https://www.walmart.com/ip/Logitech-C920x-Pro-Hd-Webcam/673657198",
        "price": "$103.90",
        "stars": "3.5",
        "ratings": "4 ",
        "img": "i5.walmartimages.com/asr/a0b60e41-f3c0-43c0-b592-05bfb063c4e9.ac7206c2ecbe056da8cec6b5f72ae428.jpeg?odnWidth=612&odnHeight=612&odnBg=ffffff",
        "tags": [
            [
                "Samsung Tablets for Kids",
                "/browse/electronics/samsung-tablets-for-kids/3944_1078524_4108882_1429883"
            ],
            [
                "All Camcorders",
                "/browse/electronics/all-camcorders/3944_133277_4549"
            ],
            [
                "PC Gaming Mouse & Mouse Pads",
                "/browse/electronics/pc-gaming-mouse-mouse-pads/3944_3951_7052607_9433123_6377687"
            ],
            [
                "Wired Mouse",
                "/browse/electronics/wired-mouse/3944_3951_132959_1008621_4842284_7047428"
            ],
            [
                "Webcams",
                "/browse/electronics/webcams/3944_1229875_6357978_5718781_9232158_7208431"
            ],
            [
                "Razer",
                "/browse/electronics/razer/3944_4131277_8032453"
            ]
        ]
    },
    {
        "title": "Chargers, Short Nylon Braided Fast Charging Cord, Data Sync Short Cable USB Powered Compatible with , Mobile Digital Device, Silver/Gray, 5-inch, 2-Pack",
        "url": "https://www.walmart.com/ip/Chargers-Short-Nylon-Braided-Fast-Charging-Cord-Data-Sync-Cable-USB-Powered-Compatible-Mobile-Digital-Device-Silver-Gray-5-inch-2-Pack/491019218",
        "price": "$6.99",
        "stars": "5.0",
        "ratings": "1 ",
        "img": "",
        "tags": []
    },
    {
        "title": "SteelSeries QCK HEAVY MOUSEPAD",
        "url": "https://www.walmart.com/ip/SteelSeries-QCK-HEAVY-MOUSEPAD/701054569",
        "price": "$9.88",
        "stars": "4.7",
        "ratings": "7 ",
        "img": "i5.walmartimages.com/asr/34cae1fe-da8a-4e1a-b234-b8f7d837e329_1.71888aff6ccaf145ca007e38a568d12f.jpeg?odnWidth=612&odnHeight=612&odnBg=ffffff",
        "tags": [
            [
                "Father's Day Electronics",
                "/browse/seasonal/fathers-day-electronics/1085632_1094344_2365074"
            ],
            [
                "Tax Free Apparel & School Supplies",
                "/browse/tax-free-apparel-school-supplies/1085632_4861825"
            ],
            [
                "Shop All Glass",
                "/browse/seasonal/shop-all-glass/1085632_1071204_4976191"
            ],
            [
                "Tax Free Shop All",
                "/browse/tax-free-shop-all/1085632_6767877"
            ],
            [
                "Electronics",
                "/browse/seasonal/electronics/1085632_7330718_7288624"
            ],
            [
                "Electronics Gifts for Grads",
                "/browse/seasonal/electronics-gifts-for-grads/1085632_1105121_7594959"
            ],
            [
                "Last Minute Gifts",
                "/browse/last-minute-gifts/1085632_7803702"
            ],
            [
                "Computer Accessories",
                "/browse/seasonal/computer-accessories/1085632_8174172_6292484_7986245"
            ]
        ]
    },
    {
        "title": "SanDisk 32GB Ultra USB 3.0 Flash Drive - 130MB/s - 2 Pack - SDCZ48-032G-AW46T",
        "url": "https://www.walmart.com/ip/SanDisk-32GB-Ultra-USB-3-0-Flash-Drive-130MB-s-2-Pack-SDCZ48-032G-AW46T/186876048",
        "price": "$17.88",
        "stars": "4.6",
        "ratings": "7 ",
        "img": "i5.walmartimages.com/asr/6815342d-5fe1-4f31-a421-303ed5a45b03.5fc9662f0af635f96cd09d4067d16918.png?odnWidth=612&odnHeight=612&odnBg=ffffff",
        "tags": [
            [
                "Voice Recorders",
                "/browse/electronics/voice-recorders/3944_96469_4407"
            ],
            [
                "Micro SD Cards",
                "/browse/electronics/micro-sd-cards/3944_133277_132913_63988_4590075"
            ],
            [
                "Hard Drives & Storage",
                "/browse/electronics/hard-drives-storage/3944_3951_1073804_514537"
            ],
            [
                "SanDisk Hard Drives",
                "/browse/electronics/sandisk-hard-drives/3944_3951_132959_5146908"
            ],
            [
                "SD Cards",
                "/browse/electronics/sd-cards/3944_133277_132913_63988_5930264"
            ],
            [
                "onn. Computer Accessories",
                "/browse/electronics/onn-computer-accessories/3944_7838866_3004279_2376133_9826274"
            ]
        ]
    }
]