[
    {
        "title": "HD Auto Focus Webcam, 1080P Video Call Available Streaming Web Camera PC USB Camera with Microphone for PC Mac Laptop Desktop Live Video Calling Conferencing Recording",
        "url": "https://www.walmart.com/ip/HD-Auto-Focus-Webcam-1080P-Video-Call-Available-Streaming-Web-Camera-PC-USB-Microphone-Mac-Laptop-Desktop-Live-Calling-Conferencing-Recording/150555828",
        "price": "$14.99",
        "stars": "3.3",
        "ratings": "46 ",
        "img": "i5.walmartimages.com/asr/881ed055-fd08-4226-895f-d7d8e45701a4.8c36d004c176334aaa957fa51db275a9.jpeg?odnWidth=612&odnHeight=612&odnBg=ffffff",
        "tags": [
            [
                "Surveillance Cameras",
                "/browse/electronics/surveillance-cameras/3944_133277_1224850"
            ],
            [
                "Wireless Cameras",
                "/browse/electronics/wireless-cameras/3944_1229875_6357978_5718781_9232158_2852655"
            ],
            [
                "All Camcorders",
                "/browse/electronics/all-camcorders/3944_133277_4549"
            ],
            [
                "Laptop Stands",
                "/browse/electronics/laptop-stands/3944_3951_132959_4680327"
            ],
            [
                "Webcam Privacy Covers",
                "/browse/electronics/webcam-privacy-covers/3944_3951_1089430_1230184_7005593"
            ],
            [
                "Webcams",
                "/browse/electronics/webcams/3944_1229875_6357978_5718781_9232158_7208431"
            ]
        ]
    },
    {
        "title": "onn. 4-Outlet Surge Protector with 2 USB Ports",
        "url": "https://www.walmart.com/ip/onn-4-Outlet-Surge-Protector-with-2-USB-Ports/567298230",
        "price": "$9.88",
        "stars": "4.6",
        "ratings": "129 ",
        "img": "i5.walmartimages.com/asr/5ec1cf21-be98-4dc7-9eac-6b7a8b4f72f4.12dbdcbe0cb761f6152f9dee46106326.jpeg?odnWidth=612&odnHeight=612&odnBg=ffffff",
        "tags": [
            [
                "Hubs & USB Gadgets",
                "/browse/electronics/hubs-usb-gadgets/3944_3951_132959_1074266"
            ],
            [
                "USB Wireless Network Adapters",
                "/browse/electronics/usb-wireless-network-adapters/3944_3951_126297_232899"
            ],
            [
                "Smart Outlets & Switches that work with Google Assistant",
                "/browse/electronics/smart-outlets-switches-that-work-with-google-assistant/3944_1229875_9259047_3925582"
            ],
            [
                "Surge Protectors & UPS",
                "/browse/electronics/surge-protectors-ups/3944_3951_132959_4483"
            ],
            [
                "Only at Walmart Electronics",
                "/browse/electronics/only-at-walmart-electronics/3944_7838866_7148103"
            ],
            [
                "Smart Outlets",
                "/browse/electronics/smart-outlets/3944_1229875_4592199_1522536_8121412"
            ],
            [
                "onn. Computer Accessories",
                "/browse/electronics/onn-computer-accessories/3944_7838866_3004279_2376133_9826274"
            ]
        ]
    },
    {
        "title": "onn. 6' USB-C to USB Cable, White",
        "url": "https://www.walmart.com/ip/onn-6-USB-C-to-USB-Cable-White/166499264",
        "price": "$5.88",
        "stars": "4.5",
        "ratings": "66 ",
        "img": "i5.walmartimages.com/asr/40d3d4e8-d72b-4dc6-8e51-9e9d18378a6e.c18d615a7b067ac839abac9a2b59d7d9.jpeg?odnWidth=612&odnHeight=612&odnBg=ffffff",
        "tags": [
            [
                "Cables & Connectors",
                "/browse/electronics/cables-connectors/3944_96469_133271_1072824"
            ],
            [
                "onn. Phone Cables",
                "/browse/electronics/onn-phone-cables/3944_7838866_3004279_2376133_9766217_1898577"
            ],
            [
                "onn. Phone & Cellphone Accessories",
                "/browse/electronics/onn-phone-cellphone-accessories/3944_7838866_3004279_2376133_4966163"
            ],
            [
                "Cables, Adapters, & Chargers",
                "/browse/electronics/cables-adapters-chargers/3944_1078524_1225368_5562682"
            ],
            [
                "All Computer Cables & Connectors",
                "/browse/electronics/all-computer-cables-connectors/3944_3951_132959_4463_6477783"
            ],
            [
                "Only at Walmart Electronics",
                "/browse/electronics/only-at-walmart-electronics/3944_7838866_7148103"
            ],
            [
                "onn. Computer Accessories",
                "/browse/electronics/onn-computer-accessories/3944_7838866_3004279_2376133_9826274"
            ]
        ]
    },
    {
        "title": "onn. 5W Wireless Charging Pad, Black",
        "url": "https://www.walmart.com/ip/onn-5W-Wireless-Charging-Pad-Black/344823464",
        "price": "$9.88",
        "stars": "3.0",
        "ratings": "45 ",
        "img": "i5.walmartimages.com/asr/ad98f3cf-3b36-4414-a2b6-6cc8b7fe01db.5dc982d7ebc9bb2f4d0deb808818c0ef.jpeg?odnWidth=612&odnHeight=612&odnBg=ffffff",
        "tags": [
            [
                "Docking Stations & Locks",
                "/browse/electronics/docking-stations-locks/3944_3951_132959_1074164"
            ],
            [
                "Apple Accessories",
                "/browse/electronics/apple-accessories/3944_1229722_1230413"
            ],
            [
                "onn. Phone Cables",
                "/browse/electronics/onn-phone-cables/3944_7838866_3004279_2376133_9766217_1898577"
            ],
            [
                "onn. Phone & Cellphone Accessories",
                "/browse/electronics/onn-phone-cellphone-accessories/3944_7838866_3004279_2376133_4966163"
            ],
            [
                "All Computer Cables & Connectors",
                "/browse/electronics/all-computer-cables-connectors/3944_3951_132959_4463_6477783"
            ],
            [
                "Only at Walmart Electronics",
                "/browse/electronics/only-at-walmart-electronics/3944_7838866_7148103"
            ],
            [
                "onn. Computer Accessories",
                "/browse/electronics/onn-computer-accessories/3944_7838866_3004279_2376133_9826274"
            ]
        ]
    },
    {
        "title": "Charger 10FT Fast USB Charging Cable Cord Braided Nylon High-Speed iPhone Cable with Premium Metal Connector Compatible iPhone X/8/8 Plus/7/7 Plus/6/6S/6 Plus/5S/SE/Mini/Air/Pro Case - Silver",
        "url": "https://www.walmart.com/ip/Charger-10FT-Fast-USB-Charging-Cable-Cord-Braided-Nylon-High-Speed-iPhone-Premium-Metal-Connector-Compatible-X-8-8-Plus-7-7-Plus-6-6S-6-Plus-5S-SE-Mi/553526198",
        "price": "$7.99",
        "stars": "4.6",
        "ratings": "20 ",
        "img": "",
        "tags": [
            [
                "All Phone Cables",
                "/browse/cell-phones/all-phone-cables/1105910_133161_6842958_1413855"
            ],
            [
                "Apple Phone Chargers",
                "/browse/cell-phones/apple-phone-chargers/1105910_133161_1072306_5297453_5115891"
            ],
            [
                "iPhone Adapter and Cables",
                "/browse/cell-phones/iphone-adapter-cables/1105910_133161_1024881_6193872"
            ],
            [
                "Apple Phone Cables",
                "/browse/cell-phones/apple-phone-cables/1105910_133161_6842958_4335636_7121255"
            ],
            [
                "Lightning Cable",
                "/browse/cell-phones/lightning-cable/1105910_133161_1072306_1791370_8216443"
            ],
            [
                "Anker Phone Cables",
                "/browse/cell-phones/anker-phone-cables/1105910_133161_6842958_4335636_9732083"
            ]
        ]
    },
    {
        "title": "GE 6-Outlet Power Strip Surge Protector, 8ft. Extra-Long Cord, Safety Covers, Black, 33662",
        "url": "https://www.walmart.com/ip/GE-6-Outlet-Power-Strip-Surge-Protector-8ft-Extra-Long-Cord-Safety-Covers-Black-33662/52170377",
        "price": "$13.99",
        "stars": "4.5",
        "ratings": "62 ",
        "img": "i5.walmartimages.com/asr/941383a6-9fdb-4bf3-af04-e07647426ffa_1.6cad81df499482cb8a51f02ee0d1d60f.jpeg?odnWidth=612&odnHeight=612&odnBg=ffffff",
        "tags": [
            [
                "TV Cables & Connectors",
                "/browse/electronics/tv-cables-connectors/3944_1060825_133270_4537"
            ],
            [
                "Mouse Pads & Wrist Rests",
                "/browse/electronics/mouse-pads-wrist-rests/3944_3951_132959_1008621_4842284_4718636"
            ],
            [
                "Only at Walmart Electronics",
                "/browse/electronics/only-at-walmart-electronics/3944_7838866_7148103"
            ],
            [
                "Smart Outlets",
                "/browse/electronics/smart-outlets/3944_1229875_4592199_1522536_8121412"
            ],
            [
                "Smart Home Kits",
                "/browse/electronics/smart-home-kits/3944_1229875_9098006_8290395"
            ],
            [
                "Shop All onn.",
                "/browse/electronics/shop-all-onn/3944_7838866_3004279_2376133_9354764"
            ],
            [
                "onn. Computer Accessories",
                "/browse/electronics/onn-computer-accessories/3944_7838866_3004279_2376133_9826274"
            ]
        ]
    },
    {
        "title": "onn. 8-Outlet Surge Protector with 2 USB Ports",
        "url": "https://www.walmart.com/ip/onn-8-Outlet-Surge-Protector-with-2-USB-Ports/870579618",
        "price": "$19.98",
        "stars": "4.6",
        "ratings": "63 ",
        "img": "i5.walmartimages.com/asr/eebcd418-bc77-4558-b465-cc7085bd3c68.828ab57da15e9565856bbadf0153828e.jpeg?odnWidth=612&odnHeight=612&odnBg=ffffff",
        "tags": [
            [
                "Hubs & USB Gadgets",
                "/browse/electronics/hubs-usb-gadgets/3944_3951_132959_1074266"
            ],
            [
                "USB Wireless Network Adapters",
                "/browse/electronics/usb-wireless-network-adapters/3944_3951_126297_232899"
            ],
            [
                "Smart Outlets & Switches that work with Google Assistant",
                "/browse/electronics/smart-outlets-switches-that-work-with-google-assistant/3944_1229875_9259047_3925582"
            ],
            [
                "Surge Protectors & UPS",
                "/browse/electronics/surge-protectors-ups/3944_3951_132959_4483"
            ],
            [
                "TV Cables & Connectors",
                "/browse/electronics/tv-cables-connectors/3944_1060825_133270_4537"
            ],
            [
                "Smart Outlets",
                "/browse/electronics/smart-outlets/3944_1229875_4592199_1522536_8121412"
            ],
            [
                "onn. Computer Accessories",
                "/browse/electronics/onn-computer-accessories/3944_7838866_3004279_2376133_9826274"
            ]
        ]
    },
    {
        "title": "Roku Ultra 2020 | Streaming Media Player HD/4K/HDR/Dolby Vision with Dolby Atmos, Bluetooth, and Roku Voice Remote with Headphone Jack and Personal Shortcuts, includes Premium HDMI\u00ae Cable",
        "url": "https://www.walmart.com/ip/Roku-Ultra-2020-Streaming-Media-Player-HD-4K-HDR-Dolby-Vision-Dolby-Atmos-Bluetooth-Voice-Remote-Headphone-Jack-Personal-Shortcuts-includes-Premium-H/901647298",
        "price": "$99.00",
        "stars": 0,
        "ratings": 0,
        "img": "i5.walmartimages.com/asr/566cf92b-7cda-40ea-9798-20f163de1ea4.61f3962371483838ddfdd8d077570d5a.jpeg?odnWidth=612&odnHeight=612&odnBg=ffffff",
        "tags": []
    },
    {
        "title": "Canon PIXMA TS6320 Wireless Inkjet All-In-One Printer - Black",
        "url": "https://www.walmart.com/ip/Canon-PIXMA-TS6320-Wireless-Inkjet-All-In-One-Printer-Black/362756380",
        "price": "$189.99",
        "stars": "3.6",
        "ratings": "34 ",
        "img": "i5.walmartimages.com/asr/c2954a2f-8a86-4ccf-8376-6222e0efbc44_1.14802cffb1d83b9d36b9aae97015a37e.jpeg?odnWidth=612&odnHeight=612&odnBg=ffffff",
        "tags": [
            [
                "Laser Printers",
                "/browse/electronics/laser-printers/3944_3951_37807_163957_2058579"
            ],
            [
                "Photo Printers",
                "/browse/electronics/photo-printers/3944_3951_37807_163957_3647903"
            ],
            [
                "All-in-One Printers",
                "/browse/electronics/all-in-one-printers/3944_3951_37807_163957_4175270"
            ],
            [
                "HP Printers",
                "/browse/electronics/hp-printers/3944_4131277_7559616_4218181"
            ],
            [
                "Canon",
                "/browse/electronics/canon/3944_4131277_7135121"
            ],
            [
                "Only at Walmart Electronics",
                "/browse/electronics/only-at-walmart-electronics/3944_7838866_7148103"
            ],
            [
                "Refurbished Printers",
                "/browse/electronics/refurbished-printers/3944_3951_37807_163957_7282718"
            ],
            [
                "Canon Printer",
                "/browse/electronics/canon-printer/3944_3951_37807_163957_7855987"
            ]
        ]
    },
    {
        "title": "onn. Memory Foam Mouse Pad",
        "url": "https://www.walmart.com/ip/onn-Memory-Foam-Mouse-Pad/133313609",
        "price": "$9.97",
        "stars": "4.5",
        "ratings": "40 ",
        "img": "i5.walmartimages.com/asr/9182ca24-7c9a-4906-8d26-5bc2634623df_2.2e06664c338bd5af389cd569562d55d0.jpeg?odnWidth=612&odnHeight=612&odnBg=ffffff",
        "tags": [
            [
                "Wireless Mouse",
                "/browse/electronics/wireless-mouse/3944_3951_132959_1008621_4842284_164214"
            ],
            [
                "Laptop Stands",
                "/browse/electronics/laptop-stands/3944_3951_132959_4680327"
            ],
            [
                "Mouse Pads & Wrist Rests",
                "/browse/electronics/mouse-pads-wrist-rests/3944_3951_132959_1008621_4842284_4718636"
            ],
            [
                "Steelseries",
                "/browse/electronics/steelseries/3944_4131277_5381658"
            ],
            [
                "Wireless Keyboard & Mouse Combos",
                "/browse/electronics/wireless-keyboard-mouse-combos/3944_3951_132959_1008621_7197407_5672621"
            ],
            [
                "PC Gaming Mouse & Mouse Pads",
                "/browse/electronics/pc-gaming-mouse-mouse-pads/3944_3951_7052607_9433123_6377687"
            ],
            [
                "Only at Walmart Electronics",
                "/browse/electronics/only-at-walmart-electronics/3944_7838866_7148103"
            ]
        ]
    }
]