[
    {
        "title": "Logitech 1080p Pro Stream Webcam for HD Video Streaming and Recording at 30FPS",
        "url": "https://www.walmart.com/ip/Logitech-1080p-Pro-Stream-Webcam-for-HD-Video-Streaming-and-Recording-at-30FPS/185685796",
        "price": "$108.40",
        "stars": "4.4",
        "ratings": "80 ",
        "img": "i5.walmartimages.com/asr/51ef9fc8-e9cd-4eda-98c5-ea820d779bf3_1.31a6df80a823fca97fbb979c7d2fde9c.jpeg?odnWidth=612&odnHeight=612&odnBg=ffffff",
        "tags": [
            [
                "All Computer Monitors",
                "/browse/electronics/all-computer-monitors/3944_3951_1089430_1230184_1230252_110915"
            ],
            [
                "LED Monitors",
                "/browse/electronics/led-monitors/3944_3951_1230331_1230336"
            ],
            [
                "All Camcorders",
                "/browse/electronics/all-camcorders/3944_133277_4549"
            ],
            [
                "Webcams",
                "/browse/electronics/webcams/3944_1229875_6357978_5718781_9232158_7208431"
            ],
            [
                "Sceptre",
                "/browse/electronics/sceptre/3944_4131277_9297591"
            ],
            [
                "27 Inch Computer Monitor",
                "/browse/electronics/27-inch-computer-monitor/3944_3951_1230331_7157038_9678295"
            ]
        ]
    },
    {
        "title": "SanDisk 32GB Class 4 SD Card",
        "url": "https://www.walmart.com/ip/SanDisk-32GB-Class-4-SD-Card/23350706",
        "price": "$9.99",
        "stars": "4.6",
        "ratings": "192 ",
        "img": "",
        "tags": [
            [
                "Point & Shoot Cameras",
                "/browse/electronics/point-shoot-cameras/3944_133277_1166834"
            ],
            [
                "Kodak Cameras",
                "/browse/electronics/kodak-cameras/3944_133277_1231331_1231337"
            ],
            [
                "Camera Bags & Cases",
                "/browse/electronics/camera-bags-cases/3944_133277_132913_978661_3591695"
            ],
            [
                "All Cameras",
                "/browse/electronics/all-cameras/3944_133277_4468"
            ],
            [
                "Micro SD Cards",
                "/browse/electronics/micro-sd-cards/3944_133277_132913_63988_4590075"
            ],
            [
                "onn. Camera Accessories",
                "/browse/electronics/onn-camera-accessories/3944_133277_132913_4323092_5259738"
            ],
            [
                "USB Flash Drives",
                "/browse/electronics/usb-flash-drives/3944_3951_132959_529295"
            ]
        ]
    },
    {
        "title": "Fujifilm Instax Mini Rainbow Instant Film Pack",
        "url": "https://www.walmart.com/ip/Fujifilm-Instax-Mini-Rainbow-Instant-Film-Pack/43745776",
        "price": "$7.98",
        "stars": "4.5",
        "ratings": "114 ",
        "img": "",
        "tags": [
            [
                "Instant Film Cameras",
                "/browse/electronics/instant-film-cameras/3944_133277_1070984"
            ],
            [
                "Fujifilm Cameras",
                "/browse/electronics/fujifilm-cameras/3944_133277_1231331_1231335"
            ],
            [
                "Camera Bags & Cases",
                "/browse/electronics/camera-bags-cases/3944_133277_132913_978661_3591695"
            ],
            [
                "All Cameras",
                "/browse/electronics/all-cameras/3944_133277_4468"
            ],
            [
                "Other Camera Accessories",
                "/browse/electronics/other-camera-accessories/3944_133277_132913_4539"
            ],
            [
                "Fujifilm Instax",
                "/browse/electronics/fujifilm-instax/3944_133277_1231331_5022517"
            ],
            [
                "Fujifilm",
                "/browse/electronics/fujifilm/3944_4131277_7767956"
            ]
        ]
    },
    {
        "title": "Merkury Innovations Smart Wifi Camera, 1080p, 2-Way Communication",
        "url": "https://www.walmart.com/ip/Merkury-Innovations-Smart-Wifi-Camera-1080p-2-Way-Communication/679786717",
        "price": "$27.88",
        "stars": "4.1",
        "ratings": "169 ",
        "img": "i5.walmartimages.com/asr/75541301-545a-4539-bbb6-764601fa6937_1.d3423add49fb41e783720fe6f00299da.jpeg?odnWidth=612&odnHeight=612&odnBg=ffffff",
        "tags": [
            [
                "Surveillance Cameras",
                "/browse/electronics/surveillance-cameras/3944_133277_1224850"
            ],
            [
                "Wireless Cameras",
                "/browse/electronics/wireless-cameras/3944_1229875_6357978_5718781_9232158_2852655"
            ],
            [
                "Smart Pet Monitors",
                "/browse/electronics/smart-pet-monitors/3944_1229875_6357978_5718781_3074078_3218445"
            ],
            [
                "Surveillance Equipment",
                "/browse/surveillance-equipment/3944_47600"
            ],
            [
                "Smart Security Cameras",
                "/browse/electronics/smart-security-cameras/3944_1229875_6357978_5718781_9232158_7064887"
            ],
            [
                "Google Home Compatible",
                "/browse/electronics/google-home-compatible/3944_1229875_3363825_7103376"
            ],
            [
                "Smart Home Kits",
                "/browse/electronics/smart-home-kits/3944_1229875_9098006_8290395"
            ],
            [
                "Smart Surveillance Cameras & Motion Detectors that work with Google Assistant",
                "/browse/electronics/smart-surveillance-cameras-motion-detectors-that-work-with-google-assistant/3944_1229875_9259047_9295408"
            ]
        ]
    },
    {
        "title": "Universal Phone  lens kit, Fisheye + Wide Angle + Macro  Lens Kit Clip On for iPhone & Android",
        "url": "https://www.walmart.com/ip/Universal-Phone-lens-kit-Fisheye-Wide-Angle-Macro-Lens-Kit-Clip-On-for-iPhone-Android/312394801",
        "price": "$4.97",
        "stars": "2.9",
        "ratings": "59 ",
        "img": "i5.walmartimages.com/asr/18204e7d-ac53-4cfa-ba93-cddbedba85ee_1.74ee8e995596f205c02bb121dd383c1a.jpeg?odnWidth=612&odnHeight=612&odnBg=ffffff",
        "tags": [
            [
                "iPhone Camera Lenses",
                "/browse/cell-phones/iphone-camera-lenses/1105910_133161_9274827_3280463"
            ],
            [
                "All Phone Camera Lenses",
                "/browse/cell-phones/all-phone-camera-lenses/1105910_133161_9274827_3801052"
            ],
            [
                "Dashboard Phone Car Holders",
                "/browse/cell-phones/dashboard-phone-car-holders/1105910_133161_1072308_4199608_4598354"
            ],
            [
                "All Phone Car Holders",
                "/browse/cell-phones/all-phone-car-holders/1105910_133161_1072308_5978976"
            ],
            [
                "All Cell Phone Parts",
                "/browse/cell-phones/all-cell-phone-parts/1105910_133161_2752670_6610120"
            ],
            [
                "Windshield Phone Car Holders",
                "/browse/cell-phones/windshield-phone-car-holders/1105910_133161_1072308_4199608_9023686"
            ],
            [
                "Telephoto Phone Lenses",
                "/browse/cell-phones/telephoto-phone-lenses/1105910_133161_9274827_9124656"
            ]
        ]
    },
    {
        "title": "Logitech C270 HD WEBCAM All the essentials for HD 720p video calling",
        "url": "https://www.walmart.com/ip/Logitech-C270-HD-WEBCAM-All-the-essentials-for-HD-720p-video-calling/17616997",
        "price": "$27.47",
        "stars": "4.4",
        "ratings": "432 ",
        "img": "i5.walmartimages.com/asr/57a51f92-5fd6-4845-ac22-28cfc4fc767d_1.56ccbd82dbdca1e116a2154f476fb7e9.jpeg?odnWidth=612&odnHeight=612&odnBg=ffffff",
        "tags": [
            [
                "Surveillance Cameras",
                "/browse/electronics/surveillance-cameras/3944_133277_1224850"
            ],
            [
                "Nintendo",
                "/browse/electronics/nintendo/3944_4131277_3137068"
            ],
            [
                "Surveillance Equipment",
                "/browse/surveillance-equipment/3944_47600"
            ],
            [
                "Indoor Security Cameras",
                "/browse/electronics/indoor-security-cameras/3944_1229875_6357978_5718781_9232158_4993152"
            ],
            [
                "Smart Security Cameras",
                "/browse/electronics/smart-security-cameras/3944_1229875_6357978_5718781_9232158_7064887"
            ],
            [
                "Webcams",
                "/browse/electronics/webcams/3944_1229875_6357978_5718781_9232158_7208431"
            ]
        ]
    },
    {
        "title": "GoPro HERO7 Silver 4K30 Action Camera",
        "url": "https://www.walmart.com/ip/GoPro-HERO7-Silver-4K30-Action-Camera/253601509",
        "price": "$199.00",
        "stars": "3.6",
        "ratings": "14 ",
        "img": "i5.walmartimages.com/asr/55ea993a-7e9b-4970-9fe8-20be83e4310c_2.2531f182f16dc260059d04b584f109d0.jpeg?odnWidth=612&odnHeight=612&odnBg=ffffff",
        "tags": [
            [
                "GoPro Cameras & Accessories",
                "/browse/electronics/gopro-cameras-accessories/3944_133277_1095238"
            ],
            [
                "Sports & Action Camcorders",
                "/browse/electronics/sports-action-camcorders/3944_133277_1100765"
            ],
            [
                "Waterproof Cameras",
                "/browse/electronics/waterproof-cameras/3944_133277_1166835"
            ],
            [
                "GoPro Accessories",
                "/browse/electronics/gopro-accessories/3944_133277_1230678_1231341"
            ],
            [
                "GoPro",
                "/browse/electronics/gopro/3944_4131277_4316150"
            ],
            [
                "All Camcorders",
                "/browse/electronics/all-camcorders/3944_133277_4549"
            ],
            [
                "GoPro HERO7",
                "/browse/electronics/gopro-hero7/3944_133277_1230678_4801960"
            ],
            [
                "Other Camcorder Accessories",
                "/browse/electronics/other-camcorder-accessories/3944_133277_1231377_978699"
            ]
        ]
    },
    {
        "title": "Fujifilm Instax Mini 9 Camera Pink + 15 PC Accessory Kit for Fujifilm instax mini 9 Instant Camera Includes: 40 Fuji Instax Films + Case + Album + Colored lenses + Assorted color/Style frames + MORE",
        "url": "https://www.walmart.com/ip/Fujifilm-Instax-Mini-9-Camera-Pink-15-PC-Accessory-Kit-instax-mini-Instant-Includes-40-Fuji-Films-Case-Album-Colored-lenses-Assorted-color-Style-fram/564308829",
        "price": "$99.95",
        "stars": "4.6",
        "ratings": "74 ",
        "img": "i5.walmartimages.com/asr/50e904da-9400-4761-a03a-ac71430248f8.5ea8457e242177a0db698818c2d26c79.jpeg?odnWidth=612&odnHeight=612&odnBg=ffffff",
        "tags": [
            [
                "Instant Film Cameras",
                "/browse/electronics/instant-film-cameras/3944_133277_1070984"
            ],
            [
                "Point & Shoot Cameras",
                "/browse/electronics/point-shoot-cameras/3944_133277_1166834"
            ],
            [
                "Fujifilm Cameras",
                "/browse/electronics/fujifilm-cameras/3944_133277_1231331_1231335"
            ],
            [
                "Camera Bags & Cases",
                "/browse/electronics/camera-bags-cases/3944_133277_132913_978661_3591695"
            ],
            [
                "All Cameras",
                "/browse/electronics/all-cameras/3944_133277_4468"
            ],
            [
                "Fujifilm",
                "/browse/electronics/fujifilm/3944_4131277_7767956"
            ],
            [
                "Polaroid Film & Camera Film",
                "/browse/electronics/polaroid-film-camera-film/3944_133277_132913_7818657"
            ]
        ]
    },
    {
        "title": "Fujifilm Instax Mini Instant Film, 50 Sheets",
        "url": "https://www.walmart.com/ip/Fujifilm-Instax-Mini-Instant-Film-50-Sheets/127716738",
        "price": "$32.99",
        "stars": "4.6",
        "ratings": "44 ",
        "img": "i5.walmartimages.com/asr/0678ddb7-2465-4daf-9ce5-a9726957b4a3_1.75c85f8f6c5185978134fb329f060373.jpeg?odnWidth=612&odnHeight=612&odnBg=ffffff",
        "tags": [
            [
                "Instant Film Cameras",
                "/browse/electronics/instant-film-cameras/3944_133277_1070984"
            ],
            [
                "Mirrorless Cameras",
                "/browse/electronics/mirrorless-cameras/3944_133277_1230677"
            ],
            [
                "Fujifilm Cameras",
                "/browse/electronics/fujifilm-cameras/3944_133277_1231331_1231335"
            ],
            [
                "Camera Bags & Cases",
                "/browse/electronics/camera-bags-cases/3944_133277_132913_978661_3591695"
            ],
            [
                "All Cameras",
                "/browse/electronics/all-cameras/3944_133277_4468"
            ],
            [
                "Other Camera Accessories",
                "/browse/electronics/other-camera-accessories/3944_133277_132913_4539"
            ],
            [
                "Fujifilm Instax",
                "/browse/electronics/fujifilm-instax/3944_133277_1231331_5022517"
            ],
            [
                "Fujifilm",
                "/browse/electronics/fujifilm/3944_4131277_7767956"
            ]
        ]
    },
    {
        "title": "Acuvar 6.5\" Flexible Tripod with Universal Mount for All iPhones, Samsung phones and Many Other Smartphones with Bluetooth Remote Shutter",
        "url": "https://www.walmart.com/ip/Acuvar-6-5-Flexible-Tripod-with-Universal-Mount-for-All-iPhones-Samsung-phones-and-Many-Other-Smartphones-with-Bluetooth-Remote-Shutter/253466155",
        "price": "$8.99",
        "stars": "4.6",
        "ratings": "251 ",
        "img": "",
        "tags": [
            [
                "Selfie Sticks",
                "/browse/cell-phones/selfie-sticks/1105910_133161_9274827_1230743"
            ],
            [
                "Cell Phone Camera Attachments",
                "/browse/cell-phones/cell-phone-camera-attachments/1105910_133161_9274827_1231346"
            ],
            [
                "All Phone Camera Lenses",
                "/browse/cell-phones/all-phone-camera-lenses/1105910_133161_9274827_3801052"
            ],
            [
                "Basic Phone Cases",
                "/browse/cell-phones/basic-phone-cases/1105910_133161_1997952_3341734_5271560"
            ],
            [
                "All Phone Car Holders",
                "/browse/cell-phones/all-phone-car-holders/1105910_133161_1072308_5978976"
            ],
            [
                "iPhone 11 Cases",
                "/browse/cell-phones/iphone-11-cases/1105910_133161_1997952_7579365_4213955_7605586"
            ],
            [
                "Telephoto Phone Lenses",
                "/browse/cell-phones/telephoto-phone-lenses/1105910_133161_9274827_9124656"
            ]
        ]
    }
]