[
    {
        "title": "Refurbished Roku Premiere+ 4K HDR Streaming Media Player with Enhanced Voice Remote",
        "url": "https://www.walmart.com/ip/Refurbished-Roku-Premiere-4K-HDR-Streaming-Media-Player-with-Enhanced-Voice-Remote/232887187",
        "price": "$31.99",
        "stars": "4.5",
        "ratings": "26 ",
        "img": "i5.walmartimages.com/asr/22e8e411-f6bc-472d-96a2-bfd1dff880e7_1.6719b96d52851a5e3f464325f13a4fee.jpeg?odnWidth=612&odnHeight=612&odnBg=ffffff",
        "tags": [
            [
                "Streaming Devices",
                "/browse/electronics/streaming-devices/3944_77622_7549938_1229631_1085065"
            ],
            [
                "Roku Express",
                "/browse/electronics/roku-express/3944_77622_7549938_1229631_1430926"
            ],
            [
                "Google Home Compatible",
                "/browse/electronics/google-home-compatible/3944_1229875_3363825_7103376"
            ],
            [
                "Only at Walmart Electronics",
                "/browse/electronics/only-at-walmart-electronics/3944_7838866_7148103"
            ],
            [
                "Roku Ultra",
                "/browse/electronics/roku-ultra/3944_77622_7549938_1229631_7205812"
            ],
            [
                "Google Home Products",
                "/browse/electronics/google-home-products/3944_1229875_9098006_7784785"
            ],
            [
                "Roku",
                "/browse/electronics/roku/3944_4131277_8296010"
            ],
            [
                "Roku Streaming Stick",
                "/browse/electronics/roku-streaming-stick/3944_77622_7549938_1229631_9177705"
            ]
        ]
    },
    {
        "title": "78\"  Cable Management Sleeve Flexible Neoprene Adjustable Cord Sleeves Wrap Cover Wire Hider Concealer Organizer Protector System",
        "url": "https://www.walmart.com/ip/78-Cable-Management-Sleeve-Flexible-Neoprene-Adjustable-Cord-Sleeves-Wrap-Cover-Wire-Hider-Concealer-Organizer-Protector-System/139159414",
        "price": "$14.18",
        "stars": "4.0",
        "ratings": "4 ",
        "img": "i5.walmartimages.com/asr/ceae93fa-352f-45b5-a38b-98986ec2d0ae_1.3495ec7a02ff538f4a6bd175d226386f.jpeg?odnWidth=612&odnHeight=612&odnBg=ffffff",
        "tags": [
            [
                "Audio Visual Accessories",
                "/browse/electronics/audio-visual-accessories/3944_133251_1043559"
            ],
            [
                "Access Points, Hubs & Switches",
                "/browse/electronics/access-points-hubs-switches/3944_3951_126297_1074147"
            ],
            [
                "Samsung Galaxy Tab Accessories",
                "/browse/electronics/samsung-galaxy-tab-accessories/3944_1078524_1225368_1225161"
            ],
            [
                "Sleeves & Bags",
                "/browse/electronics/sleeves-bags/3944_1078524_1225368_2561682"
            ],
            [
                "TV Mounts",
                "/browse/electronics/tv-mounts/3944_1060825_133270_581514"
            ],
            [
                "Laptop Bags, Cases & Sleeves",
                "/browse/electronics/laptop-bags-cases-sleeves/3944_3951_1089430_1230184_615980"
            ],
            [
                "onn. TV & Video Accessories",
                "/browse/electronics/onn-tv-video-accessories/3944_7838866_3004279_2376133_9766217_6428762"
            ],
            [
                "Shop All onn.",
                "/browse/electronics/shop-all-onn/3944_7838866_3004279_2376133_9354764"
            ]
        ]
    },
    {
        "title": "5000 Lumen DLP Android Wifi 4K HD 1080P TOUCH Projector HDMI 2G+16G HDMI USB",
        "url": "https://www.walmart.com/ip/5000-Lumen-DLP-Android-Wifi-4K-HD-1080P-TOUCH-Projector-HDMI-2G-16G-HDMI-USB/855938963",
        "price": "$269.89",
        "stars": "5.0",
        "ratings": "1 ",
        "img": "i5.walmartimages.com/asr/931c0f30-4b14-4dfd-8d75-28e014db6af2_1.183510d26ec70351afffc46750798fcd.jpeg?odnWidth=612&odnHeight=612&odnBg=ffffff",
        "tags": [
            [
                "Dry Erasers",
                "/browse/office-supplies/dry-erasers/1229749_5237975_2684798"
            ],
            [
                "Dry Erase Markers",
                "/browse/office-supplies/dry-erase-markers/1229749_9081741_3115238"
            ],
            [
                "Whiteboards",
                "/browse/office-supplies/whiteboards/1229749_1565348_4161504"
            ],
            [
                "Shop School Supplies by Color",
                "/browse/office-supplies/shop-school-supplies-by-color/1229749_1086045_4305904"
            ],
            [
                "Scanners",
                "/browse/office-supplies/scanners/1229749_1070964_4439"
            ],
            [
                "Projector Parts and Supplies",
                "/browse/office-supplies/projector-parts-supplies/1229749_5041772_4671225"
            ],
            [
                "Laser Pointers & Remotes",
                "/browse/office-supplies/laser-pointers-remotes/1229749_5041772_9095967"
            ],
            [
                "Chalkboard Erasers",
                "/browse/office-supplies/chalkboard-erasers/1229749_1086045_1718345_9499175"
            ]
        ]
    },
    {
        "title": "TSV USB3.0 External DVD ROM Drive CD-RW CD-ROM Burner Drive, USB 2.0 External CD DVD Drive Slim Portable External CD DVD Burner Writer, High Speed Data Transfer USB Optical Drives for PC Laptop",
        "url": "https://www.walmart.com/ip/TSV-USB3-0-External-DVD-ROM-Drive-CD-RW-CD-ROM-Burner-Drive-USB-2-0-CD-Slim-Portable-Writer-High-Speed-Data-Transfer-Optical-Drives-PC-Laptop/278788513",
        "price": "$19.47",
        "stars": "3.6",
        "ratings": "29 ",
        "img": "i5.walmartimages.com/asr/60ddfad5-eeba-4f13-914f-64e9df15a03d_1.4f6c6b168627caa07af479a6c787bbd1.jpeg?odnWidth=612&odnHeight=612&odnBg=ffffff",
        "tags": [
            [
                "Audio Visual Accessories",
                "/browse/electronics/audio-visual-accessories/3944_133251_1043559"
            ],
            [
                "CD & Media Storage",
                "/browse/electronics/cd-media-storage/3944_3951_132959_645319_106546"
            ],
            [
                "DVR & DVD Recorders",
                "/browse/electronics/dvr-dvd-recorders/3944_77622_7549938_1229631_1225174"
            ],
            [
                "Blank Media",
                "/browse/electronics/blank-media/3944_3951_132959_645319_127175"
            ],
            [
                "All ASUS",
                "/browse/electronics/all-asus/3944_4131277_3016080"
            ],
            [
                "DVD Burners",
                "/browse/electronics/dvd-burners/3944_3951_132959_645319_4457"
            ],
            [
                "ASUS",
                "/browse/electronics/asus/3944_4131277_5519395"
            ],
            [
                "DVD & Blu-ray Players",
                "/browse/electronics/dvd-blu-ray-players/3944_77622_7549938_1229631_95987"
            ]
        ]
    },
    {
        "title": "LAVA DVR HD Video Recorder Converter Box- Records TV in HD 1080p",
        "url": "https://www.walmart.com/ip/LAVA-DVR-HD-Video-Recorder-Converter-Box-Records-TV-in-HD-1080p/525658828",
        "price": "$44.95",
        "stars": "2.5",
        "ratings": "33 ",
        "img": "",
        "tags": [
            [
                "Digital TV Converters",
                "/browse/electronics/digital-tv-converters/3944_1060825_133270_1070524"
            ],
            [
                "Streaming Devices",
                "/browse/electronics/streaming-devices/3944_77622_7549938_1229631_1085065"
            ],
            [
                "TV Tuner & Video Capture",
                "/browse/electronics/tv-tuner-video-capture/3944_3951_1073804_164215"
            ],
            [
                "TV Antennas",
                "/browse/electronics/tv-antennas/3944_1060825_133270_4536"
            ],
            [
                "CD/DVD Drives",
                "/browse/electronics/cd-dvd-drives/3944_3951_132959_645319_522484"
            ],
            [
                "Digital Video Recorders",
                "/browse/electronics/digital-video-recorders/3944_1229875_6357978_5718781_9129131"
            ],
            [
                "DVD & Blu-ray Players",
                "/browse/electronics/dvd-blu-ray-players/3944_77622_7549938_1229631_95987"
            ]
        ]
    },
    {
        "title": "Barkan 40 - 90 inch Full Motion - 4 Movement Long Dual Arm Flat / Curved TV Wall Mount Black Extremely Extendable Extra Stable Patented to Fit Various Screen Types Lifetime Warranty UL Listed",
        "url": "https://www.walmart.com/ip/Barkan-40-90-inch-Full-Motion-4-Movement-Long-Dual-Arm-Flat-Curved-TV-Wall-Mount-Black-Extremely-Extendable-Extra-Stable-Patented-Fit-Various-Screen-/55246555",
        "price": "$89.99",
        "stars": "4.3",
        "ratings": "17 ",
        "img": "i5.walmartimages.com/asr/2f21dcdc-d8f0-4c26-9b6b-9f0a1651ad98.16816c43fbe038e10b207f2292a5dc8d.jpeg?odnWidth=612&odnHeight=612&odnBg=ffffff",
        "tags": [
            [
                "All Tablet Accessories",
                "/browse/electronics/all-tablet-accessories/3944_1078524_1225368_1087422"
            ],
            [
                "Projector Mounts",
                "/browse/electronics/projector-mounts/3944_77622_7549938_1230491_1230493"
            ],
            [
                "Speaker Wall Mounts",
                "/browse/electronics/speaker-wall-mounts/3944_77622_8375901_1230415_1230431_1230733"
            ],
            [
                "Stands",
                "/browse/electronics/stands/3944_1078524_1225368_3560871"
            ],
            [
                "Monitor & Screen Accessories",
                "/browse/electronics/monitor-screen-accessories/3944_3951_132959_447579"
            ],
            [
                "onn. TV & Video Accessories",
                "/browse/electronics/onn-tv-video-accessories/3944_7838866_3004279_2376133_9766217_6428762"
            ],
            [
                "Shop All onn.",
                "/browse/electronics/shop-all-onn/3944_7838866_3004279_2376133_9354764"
            ],
            [
                "Smart TVs that work with Google Assistant",
                "/browse/electronics/smart-tvs-that-work-with-google-assistant/3944_1229875_9259047_9416686"
            ]
        ]
    },
    {
        "title": "SanDisk 128GB Ultra Dual Drive USB Type-C - USB-C, USB 3.1 - SDDDC2-128G-G46",
        "url": "https://www.walmart.com/ip/SanDisk-128GB-Ultra-Dual-Drive-USB-Type-C-USB-C-USB-3-1-SDDDC2-128G-G46/734039483",
        "price": "$22.49",
        "stars": "4.2",
        "ratings": "15 ",
        "img": "",
        "tags": [
            [
                "Premium Solid State Drives",
                "/browse/electronics/premium-solid-state-drives/3944_3951_4991337_4954263_2052879"
            ],
            [
                "Micro SD Cards",
                "/browse/electronics/micro-sd-cards/3944_133277_132913_63988_4590075"
            ],
            [
                "Hard Drives & Storage",
                "/browse/electronics/hard-drives-storage/3944_3951_1073804_514537"
            ],
            [
                "SanDisk Hard Drives",
                "/browse/electronics/sandisk-hard-drives/3944_3951_132959_5146908"
            ],
            [
                "SD Cards",
                "/browse/electronics/sd-cards/3944_133277_132913_63988_5930264"
            ],
            [
                "All External Hard Drives",
                "/browse/electronics/all-external-hard-drives/3944_3951_132959_1956376_7955905"
            ]
        ]
    },
    {
        "title": "SF Cable F-Type Quick-push-on Adapter",
        "url": "https://www.walmart.com/ip/SF-Cable-F-Type-Quick-push-on-Adapter/580932421",
        "price": "$0.85",
        "stars": "5.0",
        "ratings": "1 ",
        "img": "i5.walmartimages.com/asr/f76927b4-8b45-44f1-9443-f559d49eb493_1.e14df46446e628a9e895093e15a20b28.jpeg?odnWidth=612&odnHeight=612&odnBg=ffffff",
        "tags": [
            [
                "Digital TV Converters",
                "/browse/electronics/digital-tv-converters/3944_1060825_133270_1070524"
            ],
            [
                "Speaker Cables & Connectors",
                "/browse/electronics/speaker-cables-connectors/3944_77622_8375901_1230415_1230431_1076626"
            ],
            [
                "HDMI Splitters",
                "/browse/electronics/hdmi-splitters/3944_1060825_133270_7412812_1746474"
            ],
            [
                "HDMI Cables",
                "/browse/electronics/hdmi-cables/3944_1060825_133270_7412812_3534100"
            ],
            [
                "Coaxial Cables",
                "/browse/electronics/coaxial-cables/3944_1060825_133270_5465689"
            ],
            [
                "onn. TV & Video Accessories",
                "/browse/electronics/onn-tv-video-accessories/3944_7838866_3004279_2376133_9766217_6428762"
            ],
            [
                "Optical Audio Cables",
                "/browse/electronics/optical-audio-cables/3944_1060825_133270_6630045"
            ],
            [
                "HDMI to RCA",
                "/browse/electronics/hdmi-to-rca/3944_1060825_133270_8423982"
            ]
        ]
    },
    {
        "title": "Refurbished Apple MQD22LL/A, TV 4K 32GB",
        "url": "https://www.walmart.com/ip/Refurbished-Apple-MQD22LL-A-TV-4K-32GB/853843626",
        "price": "$139.94",
        "stars": "4.0",
        "ratings": "9 ",
        "img": "",
        "tags": [
            [
                "Apple TV",
                "/browse/electronics/apple-tv/3944_1229722_1229736"
            ],
            [
                "Roku Express",
                "/browse/electronics/roku-express/3944_77622_7549938_1229631_1430926"
            ],
            [
                "Refurbished Apple TV",
                "/browse/electronics/refurbished-apple-tv/3944_1229722_8199053_2066071"
            ],
            [
                "Apple",
                "/browse/electronics/apple/3944_4131277_4253599"
            ],
            [
                "Only at Walmart Electronics",
                "/browse/electronics/only-at-walmart-electronics/3944_7838866_7148103"
            ],
            [
                "Roku Ultra",
                "/browse/electronics/roku-ultra/3944_77622_7549938_1229631_7205812"
            ],
            [
                "Roku",
                "/browse/electronics/roku/3944_4131277_8296010"
            ],
            [
                "Roku Streaming Stick",
                "/browse/electronics/roku-streaming-stick/3944_77622_7549938_1229631_9177705"
            ]
        ]
    },
    {
        "title": "Brand New RC280 Remote Control for TCL ROKU TLC TV 40FS3750 49FP110 55FS3750 43FP110 32FS3 roku tv",
        "url": "https://www.walmart.com/ip/Brand-New-RC280-Remote-Control-for-TCL-ROKU-TLC-TV-40FS3750-49FP110-55FS3750-43FP110-32FS3-roku-tv/334846303",
        "price": "$7.39",
        "stars": "3.9",
        "ratings": "18 ",
        "img": "i5.walmartimages.com/asr/2add9428-0e50-4a35-b231-a7fe95ab1c37_1.7c2d1a3959b00afa6700e015add04ec8.jpeg?odnWidth=612&odnHeight=612&odnBg=ffffff",
        "tags": [
            [
                "Streaming Devices",
                "/browse/electronics/streaming-devices/3944_77622_7549938_1229631_1085065"
            ],
            [
                "Blackweb TV & Video Accessories",
                "/browse/electronics/blackweb-tv-video-accessories/3944_4157978_5887057_1279916"
            ],
            [
                "RCA",
                "/browse/electronics/rca/3944_4131277_1776549"
            ],
            [
                "VIZIO",
                "/browse/electronics/vizio/3944_4131277_2035783"
            ],
            [
                "Blackweb",
                "/browse/electronics/blackweb/3944_4131277_4400017"
            ],
            [
                "Hisense",
                "/browse/electronics/hisense/3944_4131277_6787526"
            ],
            [
                "Roku",
                "/browse/electronics/roku/3944_4131277_8296010"
            ],
            [
                "Roku Streaming Stick",
                "/browse/electronics/roku-streaming-stick/3944_77622_7549938_1229631_9177705"
            ]
        ]
    }
]