[
    {
        "title": "iConnect by Timex Active Smartwatch with Heart Rate, Notifications & Activity Tracking 37mm \u2013 Black with Black Resin Strap",
        "url": "https://www.walmart.com/ip/iConnect-by-Timex-Active-Smartwatch-with-Heart-Rate-Notifications-Activity-Tracking-37mm-Black-with-Black-Resin-Strap/339805497",
        "price": "$50.00",
        "stars": "2.7",
        "ratings": "32 ",
        "img": "i5.walmartimages.com/asr/801461d6-b6f8-49bf-a3f3-08fc3fcbd144.fcedb15d6553488dcd780e1720490976.jpeg?odnWidth=612&odnHeight=612&odnBg=ffffff",
        "tags": [
            [
                "Heart Rate Monitors",
                "/browse/sports-outdoors/heart-rate-monitors/4125_4134_1078104_1078145"
            ],
            [
                "Fitness Trackers",
                "/browse/sports-outdoors/fitness-trackers/4125_4134_1229723_1225106"
            ],
            [
                "Garmin Fitness Trackers",
                "/browse/sports-outdoors/garmin-fitness-trackers/4125_4134_1229723_1641039"
            ],
            [
                "Smart Watch Accessories",
                "/browse/sports-outdoors/smart-watch-accessories/4125_4134_1229723_5081915"
            ],
            [
                "Fitbit Charge",
                "/browse/sports-outdoors/fitbit-charge/4125_4134_1229723_5635313_5808080"
            ],
            [
                "Fitbit Versa",
                "/browse/sports-outdoors/fitbit-versa/4125_4134_1229723_5635313_6806839"
            ],
            [
                "All Fitbits",
                "/browse/sports-outdoors/all-fitbits/4125_4134_1229723_5635313_9170763"
            ]
        ]
    },
    {
        "title": "Net10 Moto e5, 16GB Black - Prepaid Smartphone",
        "url": "https://www.walmart.com/ip/Net10-Moto-e5-16GB-Black-Prepaid-Smartphone/586960469",
        "price": "$36.00",
        "stars": "4.1",
        "ratings": "83 ",
        "img": "i5.walmartimages.com/asr/f87f2f37-4a90-4565-b505-d5b0eed0658d_1.46244279691e51ea81b897e7bdb3374a.jpeg?odnWidth=612&odnHeight=612&odnBg=ffffff",
        "tags": [
            [
                "Android Prepaid Phones",
                "/browse/cell-phones/android-prepaid-phones/1105910_4527935_1072335_1231295_1231297"
            ],
            [
                "All Samsung Galaxy Prepaid Phones",
                "/browse/cell-phones/all-samsung-galaxy-prepaid-phones/1105910_7551331_1986562_1231304_2746348"
            ],
            [
                "NET10 Wireless Prepaid Phones",
                "/browse/cell-phones/net10-wireless-prepaid-phones/1105910_3253219_8806056_3249098"
            ],
            [
                "LG Phones",
                "/browse/cell-phones/lg-phones/1105910_7551331_3916202"
            ],
            [
                "Net10 Prepaid Plans",
                "/browse/cell-phones/net10-prepaid-plans/1105910_4960552_6970946"
            ],
            [
                "All Prepaid Phones",
                "/browse/cell-phones/all-prepaid-phones/1105910_4527935_1072335_8991975"
            ]
        ]
    },
    {
        "title": "MFI 3FT USB Data Sync 30 pin Cable Cord for iPhone 4 4S The new iPad iPod touch 2nd nano 5th",
        "url": "https://www.walmart.com/ip/MFI-3FT-USB-Data-Sync-30-pin-Cable-Cord-for-iPhone-4-4S-The-new-iPad-iPod-touch-2nd-nano-5th/37231916",
        "price": "$11.57",
        "stars": "3.5",
        "ratings": "50 ",
        "img": "i5.walmartimages.com/asr/af8e2409-b2be-4ed9-9f7f-631493ef753f_1.6604d67c4edc7a12df0ee414f3e3b941.jpeg?odnWidth=612&odnHeight=612&odnBg=ffffff",
        "tags": [
            [
                "All Phone Cables",
                "/browse/cell-phones/all-phone-cables/1105910_133161_6842958_1413855"
            ],
            [
                "Micro USB Cable",
                "/browse/cell-phones/micro-usb-cable/1105910_133161_1072306_5756081_2033340"
            ],
            [
                "Apple Phone Chargers",
                "/browse/cell-phones/apple-phone-chargers/1105910_133161_1072306_5297453_5115891"
            ],
            [
                "iPhone Adapter and Cables",
                "/browse/cell-phones/iphone-adapter-cables/1105910_133161_1024881_6193872"
            ],
            [
                "Apple Phone Cables",
                "/browse/cell-phones/apple-phone-cables/1105910_133161_6842958_4335636_7121255"
            ],
            [
                "Belkin Phone Chargers",
                "/browse/cell-phones/belkin-phone-chargers/1105910_133161_1072306_5297453_7127998"
            ]
        ]
    },
    {
        "title": "EEEKit Wireless Earbuds Bluetooth 5.0 Waterproof Sports Headphones for Running/Gym, Noise Cancelling Earphones in-Ear 3D Stereo HiFi Sound Headset with Built-in Mic Charging Case",
        "url": "https://www.walmart.com/ip/EEEKit-Wireless-Earbuds-Bluetooth-5-0-Waterproof-Sports-Headphones-Running-Gym-Noise-Cancelling-Earphones-in-Ear-3D-Stereo-HiFi-Sound-Headset-Built-i/524332823",
        "price": "$13.97",
        "stars": "1.0",
        "ratings": "1 ",
        "img": "i5.walmartimages.com/asr/64111ceb-5dd1-44b8-99e0-2ad6d348cd8a.b3806e8f32315c8a2d2e1053db814e1e.jpeg?odnWidth=612&odnHeight=612&odnBg=ffffff",
        "tags": [
            [
                "Earbuds and In-ear Headphones",
                "/browse/electronics/earbuds-in-ear-headphones/3944_133251_1095191_1230614_1230476"
            ],
            [
                "Over-Ear and On-Ear Headphones",
                "/browse/electronics/over-ear-on-ear-headphones/3944_133251_1095191_1230614_1230477"
            ],
            [
                "Wireless and Bluetooth Headphones",
                "/browse/electronics/wireless-bluetooth-headphones/3944_133251_1095191_1230614_1230478"
            ],
            [
                "Electronics Tax Time",
                "/browse/electronics-tax-time/3944_4439225"
            ],
            [
                "Headphones",
                "/browse/electronics/headphones/3944_133251_1095191_4480"
            ],
            [
                "All PC Headsets",
                "/browse/electronics/all-pc-headsets/3944_3951_132959_6834263_6829460_5849297"
            ],
            [
                "True Wireless Headphones",
                "/browse/electronics/true-wireless-headphones/3944_133251_1095191_1230614_8443225"
            ]
        ]
    },
    {
        "title": "New Universal Car Mount Adjustable Gooseneck Cup Holder Cradle for Cell Phone US",
        "url": "https://www.walmart.com/ip/New-Universal-Car-Mount-Adjustable-Gooseneck-Cup-Holder-Cradle-for-Cell-Phone-US/268259200",
        "price": "$9.98",
        "stars": "4.0",
        "ratings": "73 ",
        "img": "",
        "tags": [
            [
                "Vent Phone Car Holders",
                "/browse/cell-phones/vent-phone-car-holders/1105910_133161_1072308_4199608_2779850"
            ],
            [
                "Scosche Phone Car Holders",
                "/browse/cell-phones/scosche-phone-car-holders/1105910_133161_1072308_1847750_4320346"
            ],
            [
                "Dashboard Phone Car Holders",
                "/browse/cell-phones/dashboard-phone-car-holders/1105910_133161_1072308_4199608_4598354"
            ],
            [
                "All Phone Car Holders",
                "/browse/cell-phones/all-phone-car-holders/1105910_133161_1072308_5978976"
            ],
            [
                "iOttie Phone Car Holders",
                "/browse/cell-phones/iottie-phone-car-holders/1105910_133161_1072308_1847750_6974002"
            ],
            [
                "Magnetic Phone Car Holders",
                "/browse/cell-phones/magnetic-phone-car-holders/1105910_133161_1072308_4199608_8887794"
            ],
            [
                "Windshield Phone Car Holders",
                "/browse/cell-phones/windshield-phone-car-holders/1105910_133161_1072308_4199608_9023686"
            ]
        ]
    },
    {
        "title": "Original OEM Motorola 3.8V Battery GK40 (2800mAh) for Moto G4 Play XT1607 XT1609",
        "url": "https://www.walmart.com/ip/Original-OEM-Motorola-3-8V-Battery-GK40-2800mAh-for-Moto-G4-Play-XT1607-XT1609/860282633",
        "price": "$10.49",
        "stars": "5.0",
        "ratings": "1 ",
        "img": "",
        "tags": [
            [
                "Battery Extenders",
                "/browse/cell-phones/battery-extenders/1105910_133161_1072307"
            ],
            [
                "Motorola Phone Cases",
                "/browse/cell-phones/motorola-phone-cases/1105910_133161_1997952_3726920_3738484"
            ],
            [
                "Basic Phone Cases",
                "/browse/cell-phones/basic-phone-cases/1105910_133161_1997952_3341734_5271560"
            ],
            [
                "Motorola Phone Car Accessories",
                "/browse/cell-phones/motorola-phone-car-accessories/1105910_133161_9140496_9514638_6415858"
            ],
            [
                "All Phone Chargers",
                "/browse/cell-phones/all-phone-chargers/1105910_133161_1072306_7133056"
            ],
            [
                "All Phone Cases",
                "/browse/cell-phones/all-phone-cases/1105910_133161_1997952_7954087"
            ]
        ]
    },
    {
        "title": "LG Journey LTE Case, Cute Case for LG Tribute Royal 5.5\", Njjex Shock Absorbing Dual Layer Silicone & Plastic Bumper Rugged Grip Hard Protective Cases Cover For LG K30 (2019) -Red",
        "url": "https://www.walmart.com/ip/LG-Journey-LTE-Case-Cute-Case-Tribute-Royal-5-5-Njjex-Shock-Absorbing-Dual-Layer-Silicone-Plastic-Bumper-Rugged-Grip-Hard-Protective-Cases-Cover-For-/590939546",
        "price": "$6.98",
        "stars": "5.0",
        "ratings": "11 ",
        "img": "i5.walmartimages.com/asr/5974a2db-6114-4e14-bf67-bdfb72873efd_1.fea94a34a34e680b14f4347e2792448a.jpeg?odnWidth=612&odnHeight=612&odnBg=ffffff",
        "tags": [
            [
                "Phone Cases with Stand",
                "/browse/cell-phones/phone-cases-with-stand/1105910_133161_1997952_3341734_3002820"
            ],
            [
                "Supershieldz Phone Screen Protectors",
                "/browse/cell-phones/supershieldz-phone-screen-protectors/1105910_133161_1103334_9999687_3046642"
            ],
            [
                "Multipack Phone Screen Protectors",
                "/browse/cell-phones/multipack-phone-screen-protectors/1105910_133161_1103334_8438498_4568647"
            ],
            [
                "Marble Phone Cases",
                "/browse/cell-phones/marble-phone-cases/1105910_133161_1997952_9694638_4853285"
            ],
            [
                "Fashion Phone Cases",
                "/browse/cell-phones/fashion-phone-cases/1105910_133161_1997952_5447121_6032570"
            ],
            [
                "Tempered Glass Phone Screen Protectors",
                "/browse/cell-phones/tempered-glass-phone-screen-protectors/1105910_133161_1103334_8438498_6318568"
            ],
            [
                "Rugged Phone Cases",
                "/browse/cell-phones/rugged-phone-cases/1105910_133161_1997952_5447121_9150120"
            ],
            [
                "Holster Phone Cases",
                "/browse/cell-phones/holster-phone-cases/1105910_133161_1997952_5447121_9898236"
            ]
        ]
    },
    {
        "title": "OtterBox Defender Series Rugged Case & Holster for Samsung Galaxy S8, Black",
        "url": "https://www.walmart.com/ip/OtterBox-Defender-Series-Rugged-Case-Holster-for-Samsung-Galaxy-S8-Black/881355515",
        "price": "$19.99",
        "stars": 0,
        "ratings": 0,
        "img": "i5.walmartimages.com/asr/ab8d3664-38d4-4b5d-a5a8-f9487c648f41.3fcf2c79258695fba19feabd217cf0a3.jpeg?odnWidth=612&odnHeight=612&odnBg=ffffff",
        "tags": []
    },
    {
        "title": "New Replacement Battery For Panasonic NiMH AAA Cordless Phones 8 Pack",
        "url": "https://www.walmart.com/ip/New-Replacement-Battery-For-Panasonic-NiMH-AAA-Cordless-Phones-8-Pack/519827578",
        "price": "$22.99",
        "stars": "4.7",
        "ratings": "21 ",
        "img": "",
        "tags": [
            [
                "Hotspots",
                "/browse/cell-phones/hotspots/1105910_1163447_1163452"
            ],
            [
                "LG Stylo 3 Cases",
                "/browse/cell-phones/lg-stylo-3-cases/1105910_133161_1997952_7579365_8314709_2538659"
            ],
            [
                "Galaxy S7 Cases",
                "/browse/cell-phones/galaxy-s7-cases/1105910_133161_1997952_7579365_4725617_3560107"
            ],
            [
                "Popsockets Phone Batteries Battery Packs and Power",
                "/browse/cell-phones/popsockets-phone-batteries-battery-packs-power/1105910_133161_9140496_4014990_6101623"
            ],
            [
                "Charging Phone Cases",
                "/browse/cell-phones/charging-phone-cases/1105910_133161_1997952_5447121_7910300"
            ],
            [
                "LG Stylo 3 Plus Cases",
                "/browse/cell-phones/lg-stylo-3-plus-cases/1105910_133161_1997952_7579365_8314709_9045354"
            ],
            [
                "Motorola Phone Batteries Battery Packs and Power",
                "/browse/cell-phones/motorola-phone-batteries-battery-packs-power/1105910_133161_9140496_9514638_9354693"
            ]
        ]
    },
    {
        "title": "Anker Wireless Charger, PowerWave Stand, Qi-Certified for iPhone 11, 11 Pro, 11 Pro Max, XR, Xs Max, XS, X, 8, 8 Plus, 10W Fast-Charging Galaxy S10 S9 S8, Note 10 Note 9 and More (No AC Adapter)",
        "url": "https://www.walmart.com/ip/Anker-Wireless-Charger-PowerWave-Stand-Qi-Certified-iPhone-11-11-Pro-Pro-Max-XR-Xs-XS-X-8-8-Plus-10W-Fast-Charging-Galaxy-S10-S9-S8-Note-10-9-More-No/341418517",
        "price": "$18.99",
        "stars": "4.7",
        "ratings": "14 ",
        "img": "i5.walmartimages.com/asr/38124c54-47ea-47f0-96ea-7157b1223f93_1.7f01a3bc47c93f49d59959b83d3ee60a.jpeg?odnWidth=612&odnHeight=612&odnBg=ffffff",
        "tags": [
            [
                "Shop all Wireless Chargers",
                "/browse/cell-phones/shop-all-wireless-chargers/1105910_133161_1072306_3318301_1392181"
            ],
            [
                "Wireless Charging Pad",
                "/browse/cell-phones/wireless-charging-pad/1105910_133161_1072306_3318301_9906404_2475139"
            ],
            [
                "Anker Phone Accessories",
                "/browse/cell-phones/anker-phone-accessories/1105910_133161_9140496_2667046"
            ],
            [
                "onn. Phone Chargers and Power Adapters",
                "/browse/cell-phones/onn-phone-chargers-power-adapters/1105910_133161_9140496_9417970_6509643"
            ],
            [
                "Wireless Charging Stand",
                "/browse/cell-phones/wireless-charging-stand/1105910_133161_1072306_3318301_9906404_6822573"
            ],
            [
                "Belkin Phone Chargers",
                "/browse/cell-phones/belkin-phone-chargers/1105910_133161_1072306_5297453_7127998"
            ],
            [
                "All Phone Chargers",
                "/browse/cell-phones/all-phone-chargers/1105910_133161_1072306_7133056"
            ],
            [
                "Belkin Wireless Phone Charger",
                "/browse/cell-phones/belkin-wireless-phone-charger/1105910_133161_1072306_3318301_4316679_7240384"
            ]
        ]
    }
]
