[
    {
        "title": "4PCS 7238F Replacement Quick Release Propeller Parts For DJI Mavic Air 2 Drone Silver",
        "url": "https://www.walmart.com/ip/4PCS-7238F-Replacement-Quick-Release-Propeller-Parts-For-DJI-Mavic-Air-2-Drone-Silver/708895110",
        "price": "$12.09",
        "stars": 0,
        "ratings": 0,
        "img": "",
        "tags": []
    },
    {
        "title": "Bowake Prop Part Propeller Guard Blades Protector For DJI Tello Drone",
        "url": "https://www.walmart.com/ip/Bowake-Prop-Part-Propeller-Guard-Blades-Protector-For-DJI-Tello-Drone/370667539",
        "price": "$7.69",
        "stars": 0,
        "ratings": 0,
        "img": "i5.walmartimages.com/asr/204106f9-c14e-41af-a184-169cbcb08969_1.6ef62045cd391a0a9ebc68fb9b1015f4.jpeg?odnWidth=612&odnHeight=612&odnBg=ffffff",
        "tags": []
    },
    {
        "title": "Skin For Swagtron T1 Solid Colors Collection",
        "url": "https://www.walmart.com/ip/Skin-For-Swagtron-T1-Solid-Colors-Collection/116471090",
        "price": "$14.99",
        "stars": 0,
        "ratings": 0,
        "img": "i5.walmartimages.com/asr/5f2c625c-4d0d-47d1-a305-a6af4d9e98b5.84ffe5e552ade4d2e2114ba52121fae7.jpeg?odnWidth=612&odnHeight=612&odnBg=ffffff",
        "tags": [
            [
                "All Hoverboards",
                "/browse/toys/all-hoverboards/4171_133073_6774653_3545894_2310222"
            ],
            [
                "Razor Hoverboards",
                "/browse/toys/razor-hoverboards/4171_133073_6774653_3545894_3247132"
            ],
            [
                "Bluetooth Hoverboards",
                "/browse/toys/bluetooth-hoverboards/4171_133073_6774653_3545894_4437736"
            ],
            [
                "Electric Transportation",
                "/browse/toys/electric-transportation/4171_133073_6221094"
            ],
            [
                "Toys for Kids 8 to 11 Years",
                "/browse/toys/toys-for-kids-8-to-11-years/4171_3318550_617942_8104028"
            ],
            [
                "Hoverboards for Boys",
                "/browse/toys/hoverboards-for-boys/4171_1228478_3172813_9197705"
            ],
            [
                "Hoverboards for Girls",
                "/browse/toys/hoverboards-for-girls/4171_1228477_3574057_9929790"
            ]
        ]
    },
    {
        "title": "2020 New E58 WIFI FPV Folding Drone with Wide Angle HD Camera High Hold Mode Foldable Arm RC Quadcopter Drone with Storage Bag",
        "url": "https://www.walmart.com/ip/2020-New-E58-WIFI-FPV-Folding-Drone-with-Wide-Angle-HD-Camera-High-Hold-Mode-Foldable-Arm-RC-Quadcopter-Drone-with-Storage-Bag/359367859",
        "price": "$45.84",
        "stars": "2.9",
        "ratings": "10 ",
        "img": "",
        "tags": [
            [
                "HD Drones",
                "/browse/electronics/hd-drones/3944_5525941_1677970_1837338"
            ],
            [
                "Foldable Drones",
                "/browse/electronics/foldable-drones/3944_5525941_2616723"
            ],
            [
                "Beginner Drones",
                "/browse/electronics/beginner-drones/3944_5525941_4346614_2881959"
            ],
            [
                "RC Drones",
                "/browse/electronics/rc-drones/3944_5525941_6042620"
            ],
            [
                "Intermediate Drones",
                "/browse/electronics/intermediate-drones/3944_5525941_4346614_6345846"
            ],
            [
                "Protocol Drones",
                "/browse/electronics/protocol-drones/3944_5525941_5960206_7986424"
            ],
            [
                "Shop All Drones",
                "/browse/electronics/shop-all-drones/3944_5525941_8120586"
            ],
            [
                "Advanced Drones",
                "/browse/electronics/advanced-drones/3944_5525941_4346614_8463965"
            ]
        ]
    },
    {
        "title": "Mini Drone for Kids Adults, Flying Ball Hand Controlled Quadcopter Light Up Flying Toys, UFO Flying Ball Drone Toys with 360\u00b0Rotating Helicopter Outdoor Toys Holiday Birthday Gifts",
        "url": "https://www.walmart.com/ip/Mini-Drone-Kids-Adults-Flying-Ball-Hand-Controlled-Quadcopter-Light-Up-Toys-UFO-Toys-360-Rotating-Helicopter-Outdoor-Holiday-Birthday-Gifts/662624635",
        "price": "$14.99",
        "stars": "3.0",
        "ratings": "4 ",
        "img": "i5.walmartimages.com/asr/881b0a88-5905-4680-a363-5b7739f630b1.1e6e8c3e3e101775559332b0ca23ce37.jpeg?odnWidth=612&odnHeight=612&odnBg=ffffff",
        "tags": [
            [
                "Foldable Drones",
                "/browse/electronics/foldable-drones/3944_5525941_2616723"
            ],
            [
                "Beginner Drones",
                "/browse/electronics/beginner-drones/3944_5525941_4346614_2881959"
            ],
            [
                "All Drones with Cameras",
                "/browse/electronics/all-drones-with-cameras/3944_5525941_1677970_3044927"
            ],
            [
                "Intermediate Drones",
                "/browse/electronics/intermediate-drones/3944_5525941_4346614_6345846"
            ],
            [
                "Stunt Drone",
                "/browse/electronics/stunt-drone/3944_5525941_7868570"
            ],
            [
                "Shop All Drones",
                "/browse/electronics/shop-all-drones/3944_5525941_8120586"
            ],
            [
                "Advanced Drones",
                "/browse/electronics/advanced-drones/3944_5525941_4346614_8463965"
            ],
            [
                "Nano Drones",
                "/browse/electronics/nano-drones/3944_5525941_8713344"
            ]
        ]
    },
    {
        "title": "CSJ S167GPS Drone with Camera 4K Camera 5G WIFI FPV Drone Way-point Flying Gesture Photos Video Auto Return Home RC Quadcopter 3 Battery Handbag",
        "url": "https://www.walmart.com/ip/CSJ-S167GPS-Drone-with-Camera-4K-Camera-5G-WIFI-FPV-Drone-Way-point-Flying-Gesture-Photos-Video-Auto-Return-Home-RC-Quadcopter-3-Battery-Handbag/171881955",
        "price": "$119.99",
        "stars": "5.0",
        "ratings": "1 ",
        "img": "i5.walmartimages.com/asr/f2f3ef55-ca58-435d-9b37-42c99ad93037_1.bfb723139f1c549b51a34d36c89016e1.jpeg?odnWidth=612&odnHeight=612&odnBg=ffffff",
        "tags": [
            [
                "GoPro Accessories",
                "/browse/electronics/gopro-accessories/3944_133277_1230678_1231341"
            ],
            [
                "Foldable Drones",
                "/browse/electronics/foldable-drones/3944_5525941_2616723"
            ],
            [
                "Beginner Drones",
                "/browse/electronics/beginner-drones/3944_5525941_4346614_2881959"
            ],
            [
                "All Drones with Cameras",
                "/browse/electronics/all-drones-with-cameras/3944_5525941_1677970_3044927"
            ],
            [
                "RC Drones",
                "/browse/electronics/rc-drones/3944_5525941_6042620"
            ],
            [
                "Intermediate Drones",
                "/browse/electronics/intermediate-drones/3944_5525941_4346614_6345846"
            ],
            [
                "Shop All Drones",
                "/browse/electronics/shop-all-drones/3944_5525941_8120586"
            ],
            [
                "Advanced Drones",
                "/browse/electronics/advanced-drones/3944_5525941_4346614_8463965"
            ]
        ]
    },
    {
        "title": "SG906 PRO GPS RC Drone with Camera 4K 5G Wifi 2-axis Gimbal 25mins Flight Time Brushless Quadcopter Follow Me MV Gesture Photo With Portable Bag",
        "url": "https://www.walmart.com/ip/SG906-PRO-GPS-RC-Drone-with-Camera-4K-5G-Wifi-2-axis-Gimbal-25mins-Flight-Time-Brushless-Quadcopter-Follow-Me-MV-Gesture-Photo-With-Portable-Bag/425413979",
        "price": "$169.99",
        "stars": 0,
        "ratings": 0,
        "img": "i5.walmartimages.com/asr/20618d3f-de39-4e8a-9cb0-c82d86aa717a.c0434835b96de3aa8f86491752fc368a.jpeg?odnWidth=612&odnHeight=612&odnBg=ffffff",
        "tags": []
    },
    {
        "title": "AUGIENB Electric RC Flying Ball Infrared Induction Aircraft Helicopter Crystal Flashing LED Light Toys USB Rechargeable for Kids Teenagers Birthday Christmas Gifts",
        "url": "https://www.walmart.com/ip/AUGIENB-Electric-RC-Flying-Ball-Infrared-Induction-Aircraft-Helicopter-Crystal-Flashing-LED-Light-Toys-USB-Rechargeable-Kids-Teenagers-Birthday-Chris/452287061",
        "price": "$9.66",
        "stars": 0,
        "ratings": 0,
        "img": "",
        "tags": [
            [
                "Air Hogs Drones",
                "/browse/electronics/air-hogs-drones/3944_5525941_5960206_1396048"
            ],
            [
                "HD Drones",
                "/browse/electronics/hd-drones/3944_5525941_1677970_1837338"
            ],
            [
                "Foldable Drones",
                "/browse/electronics/foldable-drones/3944_5525941_2616723"
            ],
            [
                "Beginner Drones",
                "/browse/electronics/beginner-drones/3944_5525941_4346614_2881959"
            ],
            [
                "All Drones with Cameras",
                "/browse/electronics/all-drones-with-cameras/3944_5525941_1677970_3044927"
            ],
            [
                "Intermediate Drones",
                "/browse/electronics/intermediate-drones/3944_5525941_4346614_6345846"
            ],
            [
                "Shop All Drones",
                "/browse/electronics/shop-all-drones/3944_5525941_8120586"
            ],
            [
                "Advanced Drones",
                "/browse/electronics/advanced-drones/3944_5525941_4346614_8463965"
            ]
        ]
    },
    {
        "title": "Gymax Syma X5UW 2.4G 4CH Wifi FPV RC Quadcopter Remote Control 720P HD Camera",
        "url": "https://www.walmart.com/ip/Gymax-Syma-X5UW-2-4G-4CH-Wifi-FPV-RC-Quadcopter-Remote-Control-720P-HD-Camera/126399083",
        "price": "$29.99",
        "stars": "3.0",
        "ratings": "1 ",
        "img": "",
        "tags": [
            [
                "HD Drones",
                "/browse/electronics/hd-drones/3944_5525941_1677970_1837338"
            ],
            [
                "Foldable Drones",
                "/browse/electronics/foldable-drones/3944_5525941_2616723"
            ],
            [
                "Beginner Drones",
                "/browse/electronics/beginner-drones/3944_5525941_4346614_2881959"
            ],
            [
                "RC Drones",
                "/browse/electronics/rc-drones/3944_5525941_6042620"
            ],
            [
                "Intermediate Drones",
                "/browse/electronics/intermediate-drones/3944_5525941_4346614_6345846"
            ],
            [
                "Stunt Drone",
                "/browse/electronics/stunt-drone/3944_5525941_7868570"
            ],
            [
                "Shop All Drones",
                "/browse/electronics/shop-all-drones/3944_5525941_8120586"
            ],
            [
                "Advanced Drones",
                "/browse/electronics/advanced-drones/3944_5525941_4346614_8463965"
            ]
        ]
    },
    {
        "title": "SG106 Optical Flow Drone with Dual Camera 4K Wide Angle Wifi FPV Altitude Hold Gesture Photography Quadcopter",
        "url": "https://www.walmart.com/ip/SG106-Optical-Flow-Drone-with-Dual-Camera-4K-Wide-Angle-Wifi-FPV-Altitude-Hold-Gesture-Photography-Quadcopter/215763115",
        "price": "$52.69",
        "stars": "4.0",
        "ratings": "1 ",
        "img": "i5.walmartimages.com/asr/4c37df7c-8fd2-4f93-9bce-24452e847ecb.11430d84e1b389aadc6a1c05c71efbd5.jpeg?odnWidth=612&odnHeight=612&odnBg=ffffff",
        "tags": [
            [
                "Foldable Drones",
                "/browse/electronics/foldable-drones/3944_5525941_2616723"
            ],
            [
                "Beginner Drones",
                "/browse/electronics/beginner-drones/3944_5525941_4346614_2881959"
            ],
            [
                "All Drones with Cameras",
                "/browse/electronics/all-drones-with-cameras/3944_5525941_1677970_3044927"
            ],
            [
                "RC Drones",
                "/browse/electronics/rc-drones/3944_5525941_6042620"
            ],
            [
                "Intermediate Drones",
                "/browse/electronics/intermediate-drones/3944_5525941_4346614_6345846"
            ],
            [
                "Protocol Drones",
                "/browse/electronics/protocol-drones/3944_5525941_5960206_7986424"
            ],
            [
                "Shop All Drones",
                "/browse/electronics/shop-all-drones/3944_5525941_8120586"
            ],
            [
                "Advanced Drones",
                "/browse/electronics/advanced-drones/3944_5525941_4346614_8463965"
            ]
        ]
    }
]