[
    {
        "title": "DieHard\u00ae Standard Power Booster Cable",
        "url": "https://www.walmart.com/ip/DieHard-Standard-Power-Booster-Cable/25955607",
        "price": "$16.11",
        "stars": "5.0",
        "ratings": "2 ",
        "img": "i5.walmartimages.com/asr/edae3e8e-891a-4731-8cb4-df6ede85a2b6_1.d85a4613dce3f614980bb325bc00d998.jpeg?odnWidth=612&odnHeight=612&odnBg=ffffff",
        "tags": [
            [
                "Jumper Cables",
                "/browse/auto-tires/jumper-cables/91083_5941050_9828287_2429045"
            ],
            [
                "Stanley Jump Starters & Battery Chargers",
                "/browse/auto-tires/stanley-jump-starters-battery-chargers/91083_5941050_9828287_3154374"
            ],
            [
                "Power Sources",
                "/browse/auto-tires/power-sources/91083_5941050_5761517"
            ],
            [
                "Replacement Auto Parts",
                "/browse/auto-tires/replacement-auto-parts/91083_1074765_5953470"
            ],
            [
                "Schumacher Jump Starters & Battery Chargers",
                "/browse/auto-tires/schumacher-jump-starters-battery-chargers/91083_5941050_9828287_7353746"
            ],
            [
                "Emergency Roadside Kits",
                "/browse/auto-tires/emergency-roadside-kits/91083_1074766_8288583"
            ],
            [
                "EverStart Jump Starters & Battery Chargers",
                "/browse/auto-tires/everstart-jump-starters-battery-chargers/91083_5941050_9828287_8510106"
            ],
            [
                "Jump Starters",
                "/browse/auto-tires/jump-starters/91083_5941050_9828287_9814789"
            ]
        ]
    },
    {
        "title": "Blaupunkt AMP1504 Car Full-Range Amplifier 1500W 4-Channel Black Color",
        "url": "https://www.walmart.com/ip/Blaupunkt-AMP1504-Car-Full-Range-Amplifier-1500W-4-Channel-Black-Color/970936796",
        "price": "$65.92",
        "stars": "4.1",
        "ratings": "12 ",
        "img": "i5.walmartimages.com/asr/4bc28efb-d7de-4ace-893f-5227d9055db2_1.2b144c3face7691598a3eb5ee12cd9f0.jpeg?odnWidth=612&odnHeight=612&odnBg=ffffff",
        "tags": [
            [
                "Monoblock Amplifiers",
                "/browse/auto-tires/monoblock-amplifiers/91083_3947_6434247_1759250"
            ],
            [
                "2 Channel Amplifiers",
                "/browse/auto-tires/2-channel-amplifiers/91083_3947_6434247_1929207"
            ],
            [
                "Marine Amplifiers",
                "/browse/auto-tires/marine-amplifiers/91083_3947_9346320_2327826"
            ],
            [
                "4 Channel Amplifiers",
                "/browse/auto-tires/4-channel-amplifiers/91083_3947_6434247_3636472"
            ],
            [
                "InstallerNet",
                "/browse/auto-tires/installernet/91083_4521893_4514228"
            ],
            [
                "Dual Car Amplifiers",
                "/browse/auto-tires/dual-car-amplifiers/91083_3947_6434247_4529879"
            ],
            [
                "Car Amplifier Wiring",
                "/browse/auto-tires/car-amplifier-wiring/91083_3947_2717013_6973436_6390735"
            ]
        ]
    },
    {
        "title": "Nite Ize STCK-11-R8 Steelie Car Mount Kit",
        "url": "https://www.walmart.com/ip/Nite-Ize-STCK-11-R8-Steelie-Car-Mount-Kit/26504705",
        "price": "$29.99",
        "stars": "4.3",
        "ratings": "126 ",
        "img": "i5.walmartimages.com/asr/84018978-a300-40c7-b07f-9699c6671d61_1.aa3b75bd26bf4cfc859f85a872797f1c.jpeg?odnWidth=612&odnHeight=612&odnBg=ffffff",
        "tags": [
            [
                "Gun Holsters",
                "/browse/sports-outdoors/gun-holsters/4125_546956_1107532_1110770_1096191"
            ],
            [
                "Headlamps",
                "/browse/sports-outdoors/headlamps/4125_546956_4128_645883_1230996"
            ],
            [
                "Camping Storage",
                "/browse/sports-outdoors/camping-storage/4125_546956_4128_1080844_2816980"
            ],
            [
                "Bike Lights",
                "/browse/sports-outdoors/bike-lights/4125_1081404_5848968_4037860"
            ],
            [
                "LED Lanterns",
                "/browse/sports-outdoors/led-lanterns/4125_546956_4128_645883_1334277_4779297"
            ],
            [
                "Tactical Flashlights",
                "/browse/sports-outdoors/tactical-flashlights/4125_546956_4128_645883_7572132_5373884"
            ],
            [
                "LED Flashlights",
                "/browse/sports-outdoors/led-flashlights/4125_546956_4128_645883_7572132_7930233"
            ],
            [
                "Camping Straps & Cords",
                "/browse/sports-outdoors/camping-straps-cords/4125_546956_4128_1080844_9158140"
            ]
        ]
    },
    {
        "title": "Uniden DC115 Dash Camera",
        "url": "https://www.walmart.com/ip/Uniden-DC115-Dash-Camera/194190971",
        "price": "$32.95",
        "stars": "2.7",
        "ratings": "30 ",
        "img": "i5.walmartimages.com/asr/42a0eb45-0171-41e7-a4fa-11b3976b0dab_1.d5b2501ddaa9639b009106c78f8e37b6.jpeg?odnWidth=612&odnHeight=612&odnBg=ffffff",
        "tags": [
            [
                "Auto Safety Accessories",
                "/browse/auto-tires/auto-safety-accessories/91083_1074766_1044302"
            ],
            [
                "Garmin Auto - Dash Cams & Navigation",
                "/browse/auto-tires/garmin-auto-dash-cams-navigation/91083_6242850_1916696"
            ],
            [
                "Wireless Backup Cameras",
                "/browse/auto-tires/wireless-backup-cameras/91083_3947_2078221_2753503"
            ],
            [
                "Car DVD Players and Screens",
                "/browse/auto-tires/car-dvd-players-screens/91083_3947_3881982_4035807"
            ],
            [
                "Backup Cameras",
                "/browse/auto-tires/backup-cameras/91083_3947_4072334"
            ],
            [
                "Radar Detectors",
                "/browse/auto-tires/radar-detectors/91083_3947_52816"
            ],
            [
                "Pilot Automotive Inc.",
                "/browse/auto-tires/pilot-automotive-inc/91083_1074769_8101530"
            ],
            [
                "Rear View Mirrors",
                "/browse/auto-tires/rear-view-mirrors/91083_1074784_4491859_2867839_9754076"
            ]
        ]
    },
    {
        "title": "Unisar TV Listener J3 Infrared Wireless Headphones",
        "url": "https://www.walmart.com/ip/Unisar-TV-Listener-J3-Infrared-Wireless-Headphones/23449586",
        "price": "$48.95",
        "stars": "3.6",
        "ratings": "653 ",
        "img": "",
        "tags": [
            [
                "Over-Ear and On-Ear Headphones",
                "/browse/electronics/over-ear-on-ear-headphones/3944_133251_1095191_1230614_1230477"
            ],
            [
                "Wireless and Bluetooth Headphones",
                "/browse/electronics/wireless-bluetooth-headphones/3944_133251_1095191_1230614_1230478"
            ],
            [
                "Sony Headphones",
                "/browse/electronics/sony-headphones/3944_133251_1095191_1231498_1231501"
            ],
            [
                "Sennheiser Headphones",
                "/browse/electronics/sennheiser-headphones/3944_133251_1095191_1231498_1231502"
            ],
            [
                "JVC Headphones",
                "/browse/electronics/jvc-headphones/3944_133251_1095191_1231498_1231505"
            ],
            [
                "RCA",
                "/browse/electronics/rca/3944_4131277_1776549"
            ],
            [
                "Refurbished Headphones",
                "/browse/electronics/refurbished-headphones/3944_133251_1095191_1230614_3533203"
            ],
            [
                "Noise Cancelling Headphones",
                "/browse/electronics/noise-cancelling-headphones/3944_133251_1095191_1230614_6051360"
            ]
        ]
    },
    {
        "title": "Boss Audio Systems AVA-AR1600.4 ARMOR 4-Channel 1600-Watt Mosfet Amplifier",
        "url": "https://www.walmart.com/ip/Boss-Audio-Systems-AVA-AR1600-4-ARMOR-4-Channel-1600-Watt-Mosfet-Amplifier/17323992",
        "price": "$79.99",
        "stars": "5.0",
        "ratings": "2 ",
        "img": "i5.walmartimages.com/asr/c425c765-7722-4174-aa34-366c9fdaeb10_1.a210dff5b6676a35e5c6cf6c707d5072.jpeg?odnWidth=612&odnHeight=612&odnBg=ffffff",
        "tags": [
            [
                "Monoblock Amplifiers",
                "/browse/auto-tires/monoblock-amplifiers/91083_3947_6434247_1759250"
            ],
            [
                "2 Channel Amplifiers",
                "/browse/auto-tires/2-channel-amplifiers/91083_3947_6434247_1929207"
            ],
            [
                "Marine Amplifiers",
                "/browse/auto-tires/marine-amplifiers/91083_3947_9346320_2327826"
            ],
            [
                "4 Channel Amplifiers",
                "/browse/auto-tires/4-channel-amplifiers/91083_3947_6434247_3636472"
            ],
            [
                "Dual Car Amplifiers",
                "/browse/auto-tires/dual-car-amplifiers/91083_3947_6434247_4529879"
            ],
            [
                "Boss Amplifiers",
                "/browse/auto-tires/boss-amplifiers/91083_3947_6434247_6259251"
            ],
            [
                "Car Amplifier Wiring",
                "/browse/auto-tires/car-amplifier-wiring/91083_3947_2717013_6973436_6390735"
            ]
        ]
    },
    {
        "title": "QPower QSBASS12 Single 12\" Vented Slot Ported Subwoofer Sub Enclosure Box",
        "url": "https://www.walmart.com/ip/QPower-QSBASS12-Single-12-Vented-Slot-Ported-Subwoofer-Sub-Enclosure-Box/48050555",
        "price": "$37.99",
        "stars": "4.9",
        "ratings": "18 ",
        "img": "",
        "tags": [
            [
                "Car Audio Accessories",
                "/browse/auto-tires/car-audio-accessories/91083_3947_2991878_3076014"
            ],
            [
                "15\" Car Subwoofer",
                "/browse/auto-tires/15-car-subwoofer/91083_3947_8939357_3429048"
            ],
            [
                "Car Subwoofers",
                "/browse/auto-tires/car-subwoofers/91083_3947_8939357_3457477"
            ],
            [
                "Car Speakers",
                "/browse/auto-tires/car-speakers/91083_3947_7971853_5372919"
            ],
            [
                "10\" Car Subwoofer",
                "/browse/auto-tires/10-car-subwoofer/91083_3947_8939357_6151795"
            ],
            [
                "Enclosures & Sound Deadening",
                "/browse/auto-tires/enclosures-sound-deadening/91083_3947_2717013_7846235_7343771"
            ],
            [
                "Pyle Car Subwoofers",
                "/browse/auto-tires/pyle-car-subwoofers/91083_3947_8939357_7469589"
            ],
            [
                "12\" Car Subwoofer",
                "/browse/auto-tires/12-car-subwoofer/91083_3947_8939357_9046409"
            ]
        ]
    },
    {
        "title": "BrickHouse Security 4G LTE TrackPort OBD-II Plug and Play Car GPS Tracker with Real-Time Tracking of Vehicles, Cars, Trucks, Teens, Elderly, Kids. No Battery Required.",
        "url": "https://www.walmart.com/ip/BrickHouse-Security-4G-LTE-TrackPort-OBD-II-Plug-Play-Car-GPS-Tracker-Real-Time-Tracking-Vehicles-Cars-Trucks-Teens-Elderly-Kids-No-Battery-Required/550618731",
        "price": "$29.95",
        "stars": "4.2",
        "ratings": "6 ",
        "img": "i5.walmartimages.com/asr/f1a2e955-32da-4f92-864f-536655cc769c.723f45d5e3263c0918903a60ab1d2677.png?odnWidth=612&odnHeight=612&odnBg=ffffff",
        "tags": [
            [
                "Auto GPS Units",
                "/browse/electronics/auto-gps-units/3944_538883_1005539"
            ],
            [
                "Surveillance Cameras",
                "/browse/electronics/surveillance-cameras/3944_133277_1224850"
            ],
            [
                "Wireless Cameras",
                "/browse/electronics/wireless-cameras/3944_1229875_6357978_5718781_9232158_2852655"
            ],
            [
                "Smart Pet Monitors",
                "/browse/electronics/smart-pet-monitors/3944_1229875_6357978_5718781_3074078_3218445"
            ],
            [
                "Surveillance Equipment",
                "/browse/surveillance-equipment/3944_47600"
            ],
            [
                "Handheld GPS Units",
                "/browse/electronics/handheld-gps-units/3944_538883_538886"
            ],
            [
                "GPS Accessories",
                "/browse/electronics/gps-accessories/3944_538883_604044_604047"
            ]
        ]
    },
    {
        "title": "AUTO-VOX TD-2 Digital Wireless Backup Camera Kit, Rear view Camera kit with 4.3'' TFT Monitor. Waterproof IP 68 Digital Camera with good Night Vision Display Guide Lines For Car/SUV/Van",
        "url": "https://www.walmart.com/ip/AUTO-VOX-TD-2-Digital-Wireless-Backup-Camera-Kit-Rear-view-kit-4-3-TFT-Monitor-Waterproof-IP-68-good-Night-Vision-Display-Guide-Lines-For-Car-SUV-Van/284604937",
        "price": "$95.99",
        "stars": 0,
        "ratings": 0,
        "img": "i5.walmartimages.com/asr/84aa2cd7-4542-48b3-9da9-24d4fd5941b5_1.8ff23c91d2ba643ad7e9c683ace43737.jpeg?odnWidth=612&odnHeight=612&odnBg=ffffff",
        "tags": [
            [
                "Backup Cameras with Mirror Monitors",
                "/browse/auto-tires/backup-cameras-with-mirror-monitors/91083_3947_2078221_2351670"
            ],
            [
                "Wireless Backup Cameras",
                "/browse/auto-tires/wireless-backup-cameras/91083_3947_2078221_2753503"
            ],
            [
                "Car DVD Players and Screens",
                "/browse/auto-tires/car-dvd-players-screens/91083_3947_3881982_4035807"
            ],
            [
                "InstallerNet",
                "/browse/auto-tires/installernet/91083_4521893_4514228"
            ],
            [
                "Backup Cameras with Monitors",
                "/browse/auto-tires/backup-cameras-with-monitors/91083_3947_2078221_5823576"
            ],
            [
                "Dash Cams",
                "/browse/auto-tires/dash-cams/91083_3947_7302144"
            ],
            [
                "RV Backup Camera Systems",
                "/browse/auto-tires/rv-backup-camera-systems/91083_2983678_5988213_8877269"
            ],
            [
                "Rear View Mirrors",
                "/browse/auto-tires/rear-view-mirrors/91083_1074784_4491859_2867839_9754076"
            ]
        ]
    },
    {
        "title": "Fits Toyota Matrix 2003-2004 Double DIN Stereo Harness Radio Install Dash Kit",
        "url": "https://www.walmart.com/ip/Fits-Toyota-Matrix-2003-2004-Double-DIN-Stereo-Harness-Radio-Install-Dash-Kit/305908318",
        "price": "$27.99",
        "stars": 0,
        "ratings": 0,
        "img": "",
        "tags": [
            [
                "Automotive Electrical",
                "/browse/auto-tires/automotive-electrical/91083_5941050_1072091"
            ],
            [
                "Car Speaker & Subwoofer Wiring",
                "/browse/auto-tires/car-speaker-subwoofer-wiring/91083_3947_2717013_7846235_2264388"
            ],
            [
                "Car Audio Accessories",
                "/browse/auto-tires/car-audio-accessories/91083_3947_2991878_3076014"
            ],
            [
                "Single Din Car Stereos",
                "/browse/auto-tires/single-din-car-stereos/91083_3947_2573876_3877515"
            ],
            [
                "Dash Kits",
                "/browse/auto-tires/dash-kits/91083_3947_2717013_2507036_4899557"
            ],
            [
                "All Auto Accessories",
                "/browse/auto-tires/all-auto-accessories/91083_3947_1616075_6735898"
            ],
            [
                "Antennas & Antenna Adapters",
                "/browse/auto-tires/antennas-antenna-adapters/91083_3947_2717013_2507036_8719493"
            ]
        ]
    }
]