[
    {
        "title": "Polaroid PL300 Camera Drone",
        "url": "https://www.walmart.com/ip/Polaroid-PL300-Camera-Drone/240082152",
        "price": "$112.86",
        "stars": "3.0",
        "ratings": "6 ",
        "img": "i5.walmartimages.com/asr/e817fc0f-3a41-450d-87d7-70402cdd08e0_1.0b938de07b635c28a12e1a5145b4cd4b.jpeg?odnWidth=612&odnHeight=612&odnBg=ffffff",
        "tags": [
            [
                "All Windows Tablets",
                "/browse/electronics/all-windows-tablets/3944_1078524_1231197_1231199"
            ],
            [
                "HD Drones",
                "/browse/electronics/hd-drones/3944_5525941_1677970_1837338"
            ],
            [
                "Foldable Drones",
                "/browse/electronics/foldable-drones/3944_5525941_2616723"
            ],
            [
                "Beginner Drones",
                "/browse/electronics/beginner-drones/3944_5525941_4346614_2881959"
            ],
            [
                "RC Drones",
                "/browse/electronics/rc-drones/3944_5525941_6042620"
            ],
            [
                "Intermediate Drones",
                "/browse/electronics/intermediate-drones/3944_5525941_4346614_6345846"
            ],
            [
                "Shop All Drones",
                "/browse/electronics/shop-all-drones/3944_5525941_8120586"
            ],
            [
                "Advanced Drones",
                "/browse/electronics/advanced-drones/3944_5525941_4346614_8463965"
            ]
        ]
    },
    {
        "title": "Amcrest A6-B Skyview Pro WiFi Drone with Camera HD 1.3MP FPV Quadcopter, RC + 2.4ghz WiFi Helicopter w/Remote Control, Headless Mode, Smartphone (Black)",
        "url": "https://www.walmart.com/ip/Amcrest-A6-B-Skyview-Pro-WiFi-Drone-Camera-HD-1-3MP-FPV-Quadcopter-RC-2-4ghz-Helicopter-w-Remote-Control-Headless-Mode-Smartphone-Black/750321753",
        "price": "$99.99",
        "stars": "5.0",
        "ratings": "1 ",
        "img": "i5.walmartimages.com/asr/574ae1e0-78f8-4e0b-b87d-5d642d2ab873_1.140d57d50bc269bfa6f17bfe23da25a0.jpeg?odnWidth=612&odnHeight=612&odnBg=ffffff",
        "tags": [
            [
                "Drones with Cameras",
                "/browse/electronics/drones-with-cameras/3944_133277_1231385"
            ],
            [
                "HD Drones",
                "/browse/electronics/hd-drones/3944_5525941_1677970_1837338"
            ],
            [
                "Foldable Drones",
                "/browse/electronics/foldable-drones/3944_5525941_2616723"
            ],
            [
                "Beginner Drones",
                "/browse/electronics/beginner-drones/3944_5525941_4346614_2881959"
            ],
            [
                "RC Drones",
                "/browse/electronics/rc-drones/3944_5525941_6042620"
            ],
            [
                "Intermediate Drones",
                "/browse/electronics/intermediate-drones/3944_5525941_4346614_6345846"
            ],
            [
                "Shop All Drones",
                "/browse/electronics/shop-all-drones/3944_5525941_8120586"
            ],
            [
                "Advanced Drones",
                "/browse/electronics/advanced-drones/3944_5525941_4346614_8463965"
            ]
        ]
    },
    {
        "title": "SNAPTAIN Hand Operated Drone for Kids or Adults, Flying Toys Mini Drones with 3D Flips Circle Flight, Throw\u201a\u00c4\u00f4n Go, 2 Speed Adjustment and One Key Takeoff/Landing (Red)",
        "url": "https://www.walmart.com/ip/SNAPTAIN-Hand-Operated-Drone-Kids-Adults-Flying-Toys-Mini-Drones-3D-Flips-Circle-Flight-Throw-n-Go-2-Speed-Adjustment-One-Key-Takeoff-Landing-Red/379350221",
        "price": "$19.99",
        "stars": "3.0",
        "ratings": "2 ",
        "img": "i5.walmartimages.com/asr/10fcd100-4c2e-4998-8ab1-696cdc211568_1.8be8c063772fdaee01b08977f466dd1d.jpeg?odnWidth=612&odnHeight=612&odnBg=ffffff",
        "tags": [
            [
                "Foldable Drones",
                "/browse/electronics/foldable-drones/3944_5525941_2616723"
            ],
            [
                "Wireless Cameras",
                "/browse/electronics/wireless-cameras/3944_1229875_6357978_5718781_9232158_2852655"
            ],
            [
                "Beginner Drones",
                "/browse/electronics/beginner-drones/3944_5525941_4346614_2881959"
            ],
            [
                "All Drones with Cameras",
                "/browse/electronics/all-drones-with-cameras/3944_5525941_1677970_3044927"
            ],
            [
                "Surveillance Equipment",
                "/browse/surveillance-equipment/3944_47600"
            ],
            [
                "Intermediate Drones",
                "/browse/electronics/intermediate-drones/3944_5525941_4346614_6345846"
            ],
            [
                "Shop All Drones",
                "/browse/electronics/shop-all-drones/3944_5525941_8120586"
            ],
            [
                "Advanced Drones",
                "/browse/electronics/advanced-drones/3944_5525941_4346614_8463965"
            ]
        ]
    },
    {
        "title": "FlyNova Hand Operated Drone for Kids Adults The Most Tricked-Out Flying Boomerang Spinner Mini Drones 360\u00b0Rotating Hand Controlled, RGB Lights Interactive Toys for Boys Girls Indoor Outdoor",
        "url": "https://www.walmart.com/ip/FlyNova-Hand-Operated-Drone-Kids-Adults-The-Most-Tricked-Out-Flying-Boomerang-Spinner-Mini-Drones-360-Rotating-Controlled-RGB-Lights-Interactive-Toys/880224689",
        "price": "$17.56",
        "stars": 0,
        "ratings": 0,
        "img": "",
        "tags": [
            [
                "Air Hogs Drones",
                "/browse/electronics/air-hogs-drones/3944_5525941_5960206_1396048"
            ],
            [
                "Air Hog Drone",
                "/browse/air-hog-drone/3944_1569681"
            ],
            [
                "Foldable Drones",
                "/browse/electronics/foldable-drones/3944_5525941_2616723"
            ],
            [
                "Beginner Drones",
                "/browse/electronics/beginner-drones/3944_5525941_4346614_2881959"
            ],
            [
                "All Drones with Cameras",
                "/browse/electronics/all-drones-with-cameras/3944_5525941_1677970_3044927"
            ],
            [
                "Intermediate Drones",
                "/browse/electronics/intermediate-drones/3944_5525941_4346614_6345846"
            ],
            [
                "Shop All Drones",
                "/browse/electronics/shop-all-drones/3944_5525941_8120586"
            ],
            [
                "Advanced Drones",
                "/browse/electronics/advanced-drones/3944_5525941_4346614_8463965"
            ]
        ]
    },
    {
        "title": "Mini Drone, Levitation UFO Drone, Hand Operated Quad Induction, Easy Controlled 2 Speed, Mini Handheld USB Fan,Toys for Boys and Girls",
        "url": "https://www.walmart.com/ip/Mini-Drone-Levitation-UFO-Drone-Hand-Operated-Quad-Induction-Easy-Controlled-2-Speed-Mini-Handheld-USB-Fan-Toys-for-Boys-and-Girls/158474585",
        "price": "$24.99",
        "stars": 0,
        "ratings": 0,
        "img": "i5.walmartimages.com/asr/bc53a975-896f-4911-868b-69fd40866084_1.907de4c0ca8d5a135fe3ee7c09d094b8.jpeg?odnWidth=612&odnHeight=612&odnBg=ffffff",
        "tags": [
            [
                "Air Hogs Drones",
                "/browse/electronics/air-hogs-drones/3944_5525941_5960206_1396048"
            ],
            [
                "HD Drones",
                "/browse/electronics/hd-drones/3944_5525941_1677970_1837338"
            ],
            [
                "Foldable Drones",
                "/browse/electronics/foldable-drones/3944_5525941_2616723"
            ],
            [
                "Beginner Drones",
                "/browse/electronics/beginner-drones/3944_5525941_4346614_2881959"
            ],
            [
                "All Drones with Cameras",
                "/browse/electronics/all-drones-with-cameras/3944_5525941_1677970_3044927"
            ],
            [
                "Intermediate Drones",
                "/browse/electronics/intermediate-drones/3944_5525941_4346614_6345846"
            ],
            [
                "Shop All Drones",
                "/browse/electronics/shop-all-drones/3944_5525941_8120586"
            ],
            [
                "Advanced Drones",
                "/browse/electronics/advanced-drones/3944_5525941_4346614_8463965"
            ]
        ]
    },
    {
        "title": "Blade Inductrix RTF with SAFE Technology, BLH8700",
        "url": "https://www.walmart.com/ip/Blade-Inductrix-RTF-with-SAFE-Technology-BLH8700/51086507",
        "price": "$49.99",
        "stars": 0,
        "ratings": 0,
        "img": "i5.walmartimages.com/asr/23774abc-9baa-45a6-a7c2-6f961153fc22.0839a279163ae3ac845c8ab22b255763.jpeg?odnWidth=612&odnHeight=612&odnBg=ffffff",
        "tags": [
            [
                "Connected Dorm Room",
                "/browse/seasonal/connected-dorm-room/1085632_8174172_6292484_2548864"
            ],
            [
                "Tax Free Apparel Tech & School Supplies",
                "/browse/tax-free-apparel-tech-school-supplies/1085632_3096686"
            ],
            [
                "Tax Free Apparel & School Supplies",
                "/browse/tax-free-apparel-school-supplies/1085632_4861825"
            ],
            [
                "Mother's Day Electronics Gifts",
                "/browse/seasonal/mothers-day-electronics-gifts/1085632_1093554_5742102"
            ],
            [
                "Audio",
                "/browse/seasonal/audio/1085632_8174172_6292484_5759323"
            ],
            [
                "Tax Free Shop All",
                "/browse/tax-free-shop-all/1085632_6767877"
            ],
            [
                "Electronics Gifts for Grads",
                "/browse/seasonal/electronics-gifts-for-grads/1085632_1105121_7594959"
            ],
            [
                "Last Minute Gifts",
                "/browse/last-minute-gifts/1085632_7803702"
            ]
        ]
    },
    {
        "title": "Infrared Induction Flying Flash Disco Colorful LED Ball Helicopter Child Toy",
        "url": "https://www.walmart.com/ip/Infrared-Induction-Flying-Flash-Disco-Colorful-LED-Ball-Helicopter-Child-Toy/624474300",
        "price": "$10.89",
        "stars": "3.2",
        "ratings": "5 ",
        "img": "i5.walmartimages.com/asr/479a8958-a9a3-4aae-8ec3-0222ea48698b_1.9f4972b82b8f1a31f51f207add0183eb.jpeg?odnWidth=612&odnHeight=612&odnBg=ffffff",
        "tags": [
            [
                "Air Hogs Drones",
                "/browse/electronics/air-hogs-drones/3944_5525941_5960206_1396048"
            ],
            [
                "Air Hog Drone",
                "/browse/air-hog-drone/3944_1569681"
            ],
            [
                "Foldable Drones",
                "/browse/electronics/foldable-drones/3944_5525941_2616723"
            ],
            [
                "Beginner Drones",
                "/browse/electronics/beginner-drones/3944_5525941_4346614_2881959"
            ],
            [
                "All Drones with Cameras",
                "/browse/electronics/all-drones-with-cameras/3944_5525941_1677970_3044927"
            ],
            [
                "Intermediate Drones",
                "/browse/electronics/intermediate-drones/3944_5525941_4346614_6345846"
            ],
            [
                "Shop All Drones",
                "/browse/electronics/shop-all-drones/3944_5525941_8120586"
            ],
            [
                "Advanced Drones",
                "/browse/electronics/advanced-drones/3944_5525941_4346614_8463965"
            ]
        ]
    },
    {
        "title": "SG901 4K Drone with Camera Optical Flow Positioning MV Interface Follow Me Gesture Photos Video RC Quadcopter",
        "url": "https://www.walmart.com/ip/SG901-4K-Drone-with-Camera-Optical-Flow-Positioning-MV-Interface-Follow-Me-Gesture-Photos-Video-RC-Quadcopter/717074712",
        "price": "$73.99",
        "stars": 0,
        "ratings": 0,
        "img": "i5.walmartimages.com/asr/3d1047b8-1b4c-413d-bec0-21bc8c3f17c1_1.49f204df818bd46960b0be4bd5586add.jpeg?odnWidth=612&odnHeight=612&odnBg=ffffff",
        "tags": [
            [
                "GoPro Accessories",
                "/browse/electronics/gopro-accessories/3944_133277_1230678_1231341"
            ],
            [
                "Foldable Drones",
                "/browse/electronics/foldable-drones/3944_5525941_2616723"
            ],
            [
                "Beginner Drones",
                "/browse/electronics/beginner-drones/3944_5525941_4346614_2881959"
            ],
            [
                "All Drones with Cameras",
                "/browse/electronics/all-drones-with-cameras/3944_5525941_1677970_3044927"
            ],
            [
                "RC Drones",
                "/browse/electronics/rc-drones/3944_5525941_6042620"
            ],
            [
                "Intermediate Drones",
                "/browse/electronics/intermediate-drones/3944_5525941_4346614_6345846"
            ],
            [
                "Shop All Drones",
                "/browse/electronics/shop-all-drones/3944_5525941_8120586"
            ],
            [
                "Advanced Drones",
                "/browse/electronics/advanced-drones/3944_5525941_4346614_8463965"
            ]
        ]
    },
    {
        "title": "SJ RC F11 PRO 5G Wifi FPV GPS Brushless RC Drone with Camera 2K 120\u00b0 Wide Angle Selfie Follow Me RC Quadcopter with Handbag",
        "url": "https://www.walmart.com/ip/SJ-RC-F11-PRO-5G-Wifi-FPV-GPS-Brushless-RC-Drone-with-Camera-2K-120-Wide-Angle-Selfie-Follow-Me-RC-Quadcopter-with-Handbag/870498721",
        "price": "$186.99",
        "stars": 0,
        "ratings": 0,
        "img": "i5.walmartimages.com/asr/abdb0051-c921-42b0-bafe-6c66c88b9e64_1.de3b168ee5011d5dc4a4d1c31e2e39d7.jpeg?odnWidth=612&odnHeight=612&odnBg=ffffff",
        "tags": []
    },
    {
        "title": "DJI Mavic Air (Arctic White) Drone Combo 4K Wi-Fi Quadcopter with Remote Controller Deluxe Bundle with Hard Case, Dual Battery, Landing Pad and 1 Year Warranty Extension",
        "url": "https://www.walmart.com/ip/DJI-Mavic-Air-Arctic-White-Drone-Combo-4K-Wi-Fi-Quadcopter-Remote-Controller-Deluxe-Bundle-Hard-Case-Dual-Battery-Landing-Pad-1-Year-Warranty-Extensi/769673946",
        "price": "$599.00",
        "stars": "4.8",
        "ratings": "13 ",
        "img": "i5.walmartimages.com/asr/f30b5a23-5de8-4a26-9615-51a0469b371b_1.b1fb97f500baa492c4c63f9edd26dd73.jpeg?odnWidth=612&odnHeight=612&odnBg=ffffff",
        "tags": [
            [
                "Drones with Cameras",
                "/browse/electronics/drones-with-cameras/3944_133277_1231385"
            ],
            [
                "Smart Door Sensors",
                "/browse/electronics/smart-door-sensors/3944_1229875_6357978_2890013_2285725_2339958"
            ],
            [
                "Foldable Drones",
                "/browse/electronics/foldable-drones/3944_5525941_2616723"
            ],
            [
                "Beginner Drones",
                "/browse/electronics/beginner-drones/3944_5525941_4346614_2881959"
            ],
            [
                "All Drones with Cameras",
                "/browse/electronics/all-drones-with-cameras/3944_5525941_1677970_3044927"
            ],
            [
                "DJI Drones",
                "/browse/electronics/dji-drones/3944_5525941_5960206_3976514"
            ],
            [
                "Intermediate Drones",
                "/browse/electronics/intermediate-drones/3944_5525941_4346614_6345846"
            ],
            [
                "Advanced Drones",
                "/browse/electronics/advanced-drones/3944_5525941_4346614_8463965"
            ]
        ]
    }
]