[
    {
        "title": "Mini Wireless Camera 720p Video Audio Recorder Small DV DVR Security Secret Nanny Car Sports Micro",
        "url": "https://www.walmart.com/ip/Mini-Wireless-Camera-720p-Video-Audio-Recorder-Small-DV-DVR-Security-Secret-Nanny-Car-Sports-Micro/421070331",
        "price": "$8.99",
        "stars": "2.3",
        "ratings": "3 ",
        "img": "",
        "tags": [
            [
                "Surveillance Cameras",
                "/browse/electronics/surveillance-cameras/3944_133277_1224850"
            ],
            [
                "Wireless Cameras",
                "/browse/electronics/wireless-cameras/3944_1229875_6357978_5718781_9232158_2852655"
            ],
            [
                "Smart Pet Monitors",
                "/browse/electronics/smart-pet-monitors/3944_1229875_6357978_5718781_3074078_3218445"
            ],
            [
                "All Camcorders",
                "/browse/electronics/all-camcorders/3944_133277_4549"
            ],
            [
                "Surveillance Equipment",
                "/browse/surveillance-equipment/3944_47600"
            ],
            [
                "Smart Baby Monitors",
                "/browse/electronics/smart-baby-monitors/3944_1229875_6357978_5718781_3074078_6930843"
            ],
            [
                "Smart Security Cameras",
                "/browse/electronics/smart-security-cameras/3944_1229875_6357978_5718781_9232158_7064887"
            ],
            [
                "Digital Video Recorders",
                "/browse/electronics/digital-video-recorders/3944_1229875_6357978_5718781_9129131"
            ]
        ]
    },
    {
        "title": "Sky Rider Thunderbird Quadcopter Drone with Wi-Fi Camera, DRW389, Black",
        "url": "https://www.walmart.com/ip/Sky-Rider-Thunderbird-Quadcopter-Drone-with-Wi-Fi-Camera-DRW389-Black/227283391",
        "price": "$39.99",
        "stars": "4.0",
        "ratings": "266 ",
        "img": "i5.walmartimages.com/asr/ec5c325f-609a-46ee-b611-f112b2a7bee6_1.215dc0c483bff11d7a08b793c4830c18.jpeg?odnWidth=612&odnHeight=612&odnBg=ffffff",
        "tags": [
            [
                "HD Drones",
                "/browse/electronics/hd-drones/3944_5525941_1677970_1837338"
            ],
            [
                "Foldable Drones",
                "/browse/electronics/foldable-drones/3944_5525941_2616723"
            ],
            [
                "Beginner Drones",
                "/browse/electronics/beginner-drones/3944_5525941_4346614_2881959"
            ],
            [
                "RC Drones",
                "/browse/electronics/rc-drones/3944_5525941_6042620"
            ],
            [
                "Intermediate Drones",
                "/browse/electronics/intermediate-drones/3944_5525941_4346614_6345846"
            ],
            [
                "Stunt Drone",
                "/browse/electronics/stunt-drone/3944_5525941_7868570"
            ],
            [
                "Shop All Drones",
                "/browse/electronics/shop-all-drones/3944_5525941_8120586"
            ],
            [
                "Advanced Drones",
                "/browse/electronics/advanced-drones/3944_5525941_4346614_8463965"
            ]
        ]
    },
    {
        "title": "Aluratek 10\" Digital Photo Frame with 4GB Built-In Memory with Matting (1024 x 600 resolution, 16:9 Aspect Ratio)",
        "url": "https://www.walmart.com/ip/Aluratek-10-Digital-Photo-Frame-with-4GB-Built-In-Memory-with-Matting-1024-x-600-resolution-16-9-Aspect-Ratio/51254888",
        "price": "$64.34",
        "stars": "4.9",
        "ratings": "7 ",
        "img": "i5.walmartimages.com/asr/621aeeff-6815-40d6-b70f-3899e0f13d63_1.98fbde258fbbfe8ddb0f040a8278ae19.jpeg?odnWidth=612&odnHeight=612&odnBg=ffffff",
        "tags": [
            [
                "Point & Shoot Cameras",
                "/browse/electronics/point-shoot-cameras/3944_133277_1166834"
            ],
            [
                "Waterproof Cameras",
                "/browse/electronics/waterproof-cameras/3944_133277_1166835"
            ],
            [
                "Camera Flashes",
                "/browse/electronics/camera-flashes/3944_133277_132913_1079108_2624563"
            ],
            [
                "Netgear",
                "/browse/electronics/netgear/3944_4131277_3248764"
            ],
            [
                "All Cameras",
                "/browse/electronics/all-cameras/3944_133277_4468"
            ],
            [
                "All Camcorders",
                "/browse/electronics/all-camcorders/3944_133277_4549"
            ],
            [
                "USB Flash Drives",
                "/browse/electronics/usb-flash-drives/3944_3951_132959_529295"
            ],
            [
                "10 Inch Android Tablets",
                "/browse/electronics/10-inch-android-tablets/3944_1078524_1231200_9141291"
            ]
        ]
    },
    {
        "title": "Nikon COOLPIX P900 Digital Camera",
        "url": "https://www.walmart.com/ip/Nikon-COOLPIX-P900-Digital-Camera/293749057",
        "price": "$654.95",
        "stars": 0,
        "ratings": 0,
        "img": "i5.walmartimages.com/asr/f0055809-596e-4897-a321-93f3c8bb3c7b_1.82b398d94ffd368fe64ba3336e94f082.jpeg?odnWidth=612&odnHeight=612&odnBg=ffffff",
        "tags": [
            [
                "Camera Lenses",
                "/browse/electronics/camera-lenses/3944_133277_132913_1231342_1079107"
            ],
            [
                "Digital SLR Cameras",
                "/browse/electronics/digital-slr-cameras/3944_133277_1096663"
            ],
            [
                "Point & Shoot Cameras",
                "/browse/electronics/point-shoot-cameras/3944_133277_1166834"
            ],
            [
                "Waterproof Cameras",
                "/browse/electronics/waterproof-cameras/3944_133277_1166835"
            ],
            [
                "Canon Cameras",
                "/browse/electronics/canon-cameras/3944_133277_1231331_1231333"
            ],
            [
                "Nikon Lenses",
                "/browse/electronics/nikon-lenses/3944_133277_132913_1231342_3333619"
            ],
            [
                "All Cameras",
                "/browse/electronics/all-cameras/3944_133277_4468"
            ],
            [
                "Nikon",
                "/browse/electronics/nikon/3944_4131277_9909765"
            ]
        ]
    },
    {
        "title": "BM Premium 2 NB6L, NB-6LH Batteries & Dual Charger for Canon PowerShot SX170 IS, SX260 HS, SX280 HS, SX500 IS, SX510 HS, SX520 HS, SX530 HS, SX540 HS, SX600 HS, SX610 HS, SX700 HS, SX710 HS, ELPH 500",
        "url": "https://www.walmart.com/ip/BM-Premium-2-NB6L-NB-6LH-Batteries-Dual-Charger-Canon-PowerShot-SX170-IS-SX260-HS-SX280-SX500-SX510-SX520-SX530-SX540-SX600-SX610-SX700-SX710-ELPH-50/117461171",
        "price": "$19.99",
        "stars": 0,
        "ratings": 0,
        "img": "i5.walmartimages.com/asr/fe383980-efe7-4df6-992e-513bb51c6d5d_1.cbe88d1b6f796a655c6607c7b936cfb5.jpeg?odnWidth=612&odnHeight=612&odnBg=ffffff",
        "tags": [
            [
                "GoPro Cameras & Accessories",
                "/browse/electronics/gopro-cameras-accessories/3944_133277_1095238"
            ],
            [
                "GoPro Accessories",
                "/browse/electronics/gopro-accessories/3944_133277_1230678_1231341"
            ],
            [
                "Camcorder Batteries",
                "/browse/electronics/camcorder-batteries/3944_133277_1231377_1231391"
            ],
            [
                "GoPro",
                "/browse/electronics/gopro/3944_4131277_4316150"
            ],
            [
                "Indoor Security Cameras",
                "/browse/electronics/indoor-security-cameras/3944_1229875_6357978_5718781_9232158_4993152"
            ],
            [
                "Arlo Security Cameras",
                "/browse/electronics/arlo-security-cameras/3944_1229875_6357978_5718781_9232158_9316834"
            ],
            [
                "Other Camcorder Accessories",
                "/browse/electronics/other-camcorder-accessories/3944_133277_1231377_978699"
            ],
            [
                "Nikon",
                "/browse/electronics/nikon/3944_4131277_9909765"
            ]
        ]
    },
    {
        "title": "Wireless Solutions Travel Charger for Sanyo 4900/5300/8100 (Black)",
        "url": "https://www.walmart.com/ip/Wireless-Solutions-Travel-Charger-for-Sanyo-4900-5300-8100-Black/162395381",
        "price": "$7.99",
        "stars": 0,
        "ratings": 0,
        "img": "",
        "tags": [
            [
                "Camera Charging and Accessories",
                "/browse/electronics/camera-charging-accessories/3944_133277_132913_1079104"
            ],
            [
                "GoPro Cameras & Accessories",
                "/browse/electronics/gopro-cameras-accessories/3944_133277_1095238"
            ],
            [
                "Sports & Action Camcorders",
                "/browse/electronics/sports-action-camcorders/3944_133277_1100765"
            ],
            [
                "GoPro Accessories",
                "/browse/electronics/gopro-accessories/3944_133277_1230678_1231341"
            ],
            [
                "Camcorder Batteries",
                "/browse/electronics/camcorder-batteries/3944_133277_1231377_1231391"
            ],
            [
                "Camera Bags & Cases",
                "/browse/electronics/camera-bags-cases/3944_133277_132913_978661_3591695"
            ],
            [
                "GoPro",
                "/browse/electronics/gopro/3944_4131277_4316150"
            ],
            [
                "Other Camera Accessories",
                "/browse/electronics/other-camera-accessories/3944_133277_132913_4539"
            ]
        ]
    },
    {
        "title": "Home Security Camera 1080/720P HD Wifi IP Camera, TSV Indoor Home Wireless Surveillance Camera with Two-Way Audio, Remote Access, Motion Detect, Micro Card Storage(NOT INCLUDED)",
        "url": "https://www.walmart.com/ip/Home-Security-Camera-1080-720P-HD-Wifi-IP-Camera-TSV-Indoor-Wireless-Surveillance-Two-Way-Audio-Remote-Access-Motion-Detect-Micro-Card-Storage-NOT-IN/394104543",
        "price": "$25.47",
        "stars": "4.2",
        "ratings": "5 ",
        "img": "i5.walmartimages.com/asr/7e3df8a0-642d-4235-96fa-63e57db66e1e_1.4899deb192e0b806006985418c378e7e.jpeg?odnWidth=612&odnHeight=612&odnBg=ffffff",
        "tags": [
            [
                "Garage Door Openers",
                "/browse/home-improvement/garage-door-openers/1072864_1067618_1230774_1044059"
            ],
            [
                "Doorbells",
                "/browse/home-improvement/doorbells/1072864_1067612_1230759_1067613_1067789"
            ],
            [
                "Motion Detectors",
                "/browse/home-improvement/motion-detectors/1072864_1068865_1231087_1231006"
            ],
            [
                "Security Lighting",
                "/browse/home-improvement/security-lighting/1072864_1068865_1231087_1231012"
            ],
            [
                "Monitors & Displays",
                "/browse/home-improvement/monitors-displays/1072864_1068865_1231087_1231010_1231015"
            ],
            [
                "Home Alarm Systems",
                "/browse/home-improvement/home-alarm-systems/1072864_1068865_1231001_1231086"
            ],
            [
                "All Door Hardware",
                "/browse/home-improvement/all-door-hardware/1072864_1067612_1230759_4223545"
            ],
            [
                "All Home Security",
                "/browse/home-improvement/all-home-security/1072864_1068865_971281"
            ]
        ]
    },
    {
        "title": "New 3.6V 1200mAh Battery Pack For Sony PSP 2000 Slim",
        "url": "https://www.walmart.com/ip/New-3-6V-1200mAh-Battery-Pack-For-Sony-PSP-2000-Slim/482130583",
        "price": "$9.99",
        "stars": "4.7",
        "ratings": "10 ",
        "img": "",
        "tags": [
            [
                "Batteries & A/C Adapters",
                "/browse/electronics/batteries-a-c-adapters/3944_3951_132959_1073805"
            ],
            [
                "Camera Charging and Accessories",
                "/browse/electronics/camera-charging-accessories/3944_133277_132913_1079104"
            ],
            [
                "GoPro Cameras & Accessories",
                "/browse/electronics/gopro-cameras-accessories/3944_133277_1095238"
            ],
            [
                "GoPro Accessories",
                "/browse/electronics/gopro-accessories/3944_133277_1230678_1231341"
            ],
            [
                "Camcorder Batteries",
                "/browse/electronics/camcorder-batteries/3944_133277_1231377_1231391"
            ],
            [
                "GoPro",
                "/browse/electronics/gopro/3944_4131277_4316150"
            ],
            [
                "Laptop Bags, Cases & Sleeves",
                "/browse/electronics/laptop-bags-cases-sleeves/3944_3951_1089430_1230184_615980"
            ],
            [
                "Sony",
                "/browse/electronics/sony/3944_4131277_7675262"
            ]
        ]
    },
    {
        "title": "Vivitar\u00ae Vxx14 Selfie Cam",
        "url": "https://www.walmart.com/ip/Vivitar-Vxx14-Selfie-Cam/172974002",
        "price": "$36.66",
        "stars": "2.0",
        "ratings": "58 ",
        "img": "",
        "tags": [
            [
                "Waterproof Cameras",
                "/browse/electronics/waterproof-cameras/3944_133277_1166835"
            ],
            [
                "Canon Cameras",
                "/browse/electronics/canon-cameras/3944_133277_1231331_1231333"
            ],
            [
                "Kodak Cameras",
                "/browse/electronics/kodak-cameras/3944_133277_1231331_1231337"
            ],
            [
                "Polaroid Cameras",
                "/browse/electronics/polaroid-cameras/3944_133277_1231331_4402585"
            ],
            [
                "All Cameras",
                "/browse/electronics/all-cameras/3944_133277_4468"
            ],
            [
                "All Camcorders",
                "/browse/electronics/all-camcorders/3944_133277_4549"
            ],
            [
                "onn. Camera Accessories",
                "/browse/electronics/onn-camera-accessories/3944_133277_132913_4323092_5259738"
            ],
            [
                "Canon",
                "/browse/electronics/canon/3944_4131277_7135121"
            ]
        ]
    },
    {
        "title": "Replacement For Uniden BT1021 Cordless Phone Battery (700mAh, 2.4V, Ni-MH) - 2 Pack",
        "url": "https://www.walmart.com/ip/Replacement-For-Uniden-BT1021-Cordless-Phone-Battery-700mAh-2-4V-Ni-MH-2-Pack/274033061",
        "price": "$8.95",
        "stars": "3.7",
        "ratings": "3 ",
        "img": "i5.walmartimages.com/asr/e6735eeb-6af8-4d4c-a9c0-84392cc418f1_1.2f170124301ac76100c652b1551ceab6.jpeg?odnWidth=612&odnHeight=612&odnBg=ffffff",
        "tags": [
            [
                "Camera Charging and Accessories",
                "/browse/electronics/camera-charging-accessories/3944_133277_132913_1079104"
            ],
            [
                "GoPro Cameras & Accessories",
                "/browse/electronics/gopro-cameras-accessories/3944_133277_1095238"
            ],
            [
                "Sports & Action Camcorders",
                "/browse/electronics/sports-action-camcorders/3944_133277_1100765"
            ],
            [
                "GoPro Accessories",
                "/browse/electronics/gopro-accessories/3944_133277_1230678_1231341"
            ],
            [
                "Camcorder Batteries",
                "/browse/electronics/camcorder-batteries/3944_133277_1231377_1231391"
            ],
            [
                "GoPro",
                "/browse/electronics/gopro/3944_4131277_4316150"
            ],
            [
                "Cordless Phones",
                "/browse/electronics/cordless-phones/3944_2846699_6219050"
            ],
            [
                "onn. Telephone Accessories",
                "/browse/electronics/onn-telephone-accessories/3944_7838866_3004279_2376133_9766217_7104531"
            ]
        ]
    }
]
