[
    {
        "title": "TekDeals Smart Watch Wireless Charger with Magnetic Pad USB Charging Cable Cord for Apple Watch Series 1 2 3 4,Samsung Galaxy Watch",
        "url": "https://www.walmart.com/ip/TekDeals-Smart-Watch-Wireless-Charger-with-Magnetic-Pad-USB-Charging-Cable-Cord-for-Apple-Watch-Series-1-2-3-4-Samsung-Galaxy-Watch/713692736",
        "price": "$11.99",
        "stars": "3.8",
        "ratings": "44 ",
        "img": "i5.walmartimages.com/asr/79afa9c3-fea1-4e47-ac17-df3184a40d21_1.36bf85364db81f51e4bf222e9ae006b9.jpeg?odnWidth=612&odnHeight=612&odnBg=ffffff",
        "tags": [
            [
                "Shop all Wireless Chargers",
                "/browse/cell-phones/shop-all-wireless-chargers/1105910_133161_1072306_3318301_1392181"
            ],
            [
                "Wireless Charging Pad",
                "/browse/cell-phones/wireless-charging-pad/1105910_133161_1072306_3318301_9906404_2475139"
            ],
            [
                "onn. Phone Chargers and Power Adapters",
                "/browse/cell-phones/onn-phone-chargers-power-adapters/1105910_133161_9140496_9417970_6509643"
            ],
            [
                "Wireless Charging Stand",
                "/browse/cell-phones/wireless-charging-stand/1105910_133161_1072306_3318301_9906404_6822573"
            ],
            [
                "All Phone Chargers",
                "/browse/cell-phones/all-phone-chargers/1105910_133161_1072306_7133056"
            ],
            [
                "Phone Wall Power Adapters",
                "/browse/cell-phones/phone-wall-power-adapters/1105910_133161_7453243_7991519"
            ],
            [
                "Car Chargers",
                "/browse/cell-phones/car-chargers/1105910_133161_1072306_9376562"
            ]
        ]
    },
    {
        "title": "Gear Beast Universal Stick On Phone Wallet for Back of Phone Card Holder ID Holder RFID Wallet for iPhone Galaxy and All Smartphones",
        "url": "https://www.walmart.com/ip/Gear-Beast-Universal-Stick-On-Phone-Wallet-for-Back-of-Phone-Card-Holder-ID-Holder-RFID-Wallet-for-iPhone-Galaxy-and-All-Smartphones/521186672",
        "price": "$10.99",
        "stars": "4.5",
        "ratings": "26 ",
        "img": "i5.walmartimages.com/asr/348c6aea-ca3b-44c7-8d92-88f9ac60d8fa_1.41a1d759e73d173d93ac73c355029bc9.jpeg?odnWidth=612&odnHeight=612&odnBg=ffffff",
        "tags": [
            [
                "Galaxy A10e Cases",
                "/browse/cell-phones/galaxy-a10e-cases/1105910_133161_1997952_7579365_4725617_3097788"
            ],
            [
                "Folio Phone Case",
                "/browse/cell-phones/folio-phone-case/1105910_133161_1997952_5447121_3295331"
            ],
            [
                "Phone Credit Card Holders",
                "/browse/cell-phones/phone-credit-card-holders/1105910_133161_4109690"
            ],
            [
                "Fashion Phone Cases",
                "/browse/cell-phones/fashion-phone-cases/1105910_133161_1997952_5447121_6032570"
            ],
            [
                "Credit Card Phone Cases",
                "/browse/cell-phones/credit-card-phone-cases/1105910_133161_1997952_3341734_6351642"
            ],
            [
                "Phone Cases with Cash Slot",
                "/browse/cell-phones/phone-cases-with-cash-slot/1105910_133161_1997952_3341734_6441141"
            ],
            [
                "Slim Wallet Phone Cases",
                "/browse/cell-phones/slim-wallet-phone-cases/1105910_133161_1997952_5447121_3430044_6945119"
            ],
            [
                "All Wallet Phone Cases",
                "/browse/cell-phones/all-wallet-phone-cases/1105910_133161_1997952_5447121_3430044_9532247"
            ]
        ]
    },
    {
        "title": "Refurbished Apple iPhone 6s 16GB, Space Gray - Unlocked GSM",
        "url": "https://www.walmart.com/ip/Refurbished-Apple-iPhone-6s-16GB-Space-Gray-Unlocked-GSM/101205139",
        "price": "$99.94",
        "stars": "3.0",
        "ratings": "40 ",
        "img": "",
        "tags": [
            [
                "Refurbished Phones",
                "/browse/refurbished-phones/1105910_1159786"
            ],
            [
                "All iPhones",
                "/browse/cell-phones/all-iphones/1105910_7551331_1127173_1231258"
            ],
            [
                "Apple iOS Prepaid Phones",
                "/browse/cell-phones/apple-ios-prepaid-phones/1105910_4527935_1072335_1231295_1231296"
            ],
            [
                "Refurbished iPhone 6",
                "/browse/cell-phones/refurbished-iphone-6/1105910_7551331_1127173_4907762_4411164"
            ],
            [
                "Apple iOS Unlocked Phones",
                "/browse/cell-phones/apple-ios-unlocked-phones/1105910_1231203_1231204_5874259"
            ],
            [
                "All AT&T Phones",
                "/browse/cell-phones/all-att-phones/1105910_3253219_7892706_7058892"
            ]
        ]
    },
    {
        "title": "Samsung Galaxy A21 Case, Evocel [Belt Clip Holster] [Kickstand] [HD Screen Protector] [Dual Layer] Generation Series Phone Case for Samsung Galaxy A21, Black",
        "url": "https://www.walmart.com/ip/Samsung-Galaxy-A21-Case-Evocel-Belt-Clip-Holster-Kickstand-HD-Screen-Protector-Dual-Layer-Generation-Series-Phone-Case-A21-Black/183004035",
        "price": "$10.99",
        "stars": "4.4",
        "ratings": "8 ",
        "img": "i5.walmartimages.com/asr/2e4fc1f1-bad7-4318-ab00-b43429225ef7.b757b9620452783b5a4ecdb3d5250758.jpeg?odnWidth=612&odnHeight=612&odnBg=ffffff",
        "tags": []
    },
    {
        "title": "Net10 $40 Unlimited 30-Day Plan e-PIN Top Up (Email Delivery)",
        "url": "https://www.walmart.com/ip/Net10-40-Unlimited-30-Day-Plan-e-PIN-Top-Up-Email-Delivery/244787677",
        "price": "$38.00",
        "stars": "3.0",
        "ratings": "1 ",
        "img": "i5.walmartimages.com/asr/bb623348-dc96-48de-8532-c0a10904ecf9.e4d2f00f18b21c630485f531df7b03a4.jpeg?odnWidth=612&odnHeight=612&odnBg=ffffff",
        "tags": [
            [
                "Prepaid Plans",
                "/browse/cell-phones/prepaid-plans/1105910_4960552_1081104"
            ],
            [
                "Android Prepaid Phones",
                "/browse/cell-phones/android-prepaid-phones/1105910_4527935_1072335_1231295_1231297"
            ],
            [
                "Straight Talk Prepaid Plans",
                "/browse/cell-phones/straight-talk-prepaid-plans/1105910_4960552_1481853"
            ],
            [
                "All Samsung Galaxy Prepaid Phones",
                "/browse/cell-phones/all-samsung-galaxy-prepaid-phones/1105910_7551331_1986562_1231304_2746348"
            ],
            [
                "NET10 Wireless Prepaid Phones",
                "/browse/cell-phones/net10-wireless-prepaid-phones/1105910_3253219_8806056_3249098"
            ],
            [
                "Total Wireless Prepaid Plans",
                "/browse/cell-phones/total-wireless-prepaid-plans/1105910_4960552_4569456"
            ]
        ]
    },
    {
        "title": "Universal Aluminum Portable Desktop Phone Stand Holder iPhone Cellphone Tablet",
        "url": "https://www.walmart.com/ip/Universal-Aluminum-Portable-Desktop-Phone-Stand-Holder-iPhone-Cellphone-Tablet/172471938",
        "price": "$15.89",
        "stars": "5.0",
        "ratings": "34 ",
        "img": "i5.walmartimages.com/asr/d2436db2-677f-4698-bc21-a8bad0f4fbf3_1.7b7bd66556dae85c8c72e70536b35fb3.jpeg?odnWidth=612&odnHeight=612&odnBg=ffffff",
        "tags": [
            [
                "Phone Stands",
                "/browse/cell-phones/phone-stands/1105910_133161_2075348"
            ],
            [
                "Phone Tripods",
                "/browse/cell-phones/phone-tripods/1105910_133161_9274827_3953830"
            ],
            [
                "Cup Phone Car Holders",
                "/browse/cell-phones/cup-phone-car-holders/1105910_133161_1072308_4199608_4958877"
            ],
            [
                "Basic Phone Cases",
                "/browse/cell-phones/basic-phone-cases/1105910_133161_1997952_3341734_5271560"
            ],
            [
                "All Phone Car Holders",
                "/browse/cell-phones/all-phone-car-holders/1105910_133161_1072308_5978976"
            ],
            [
                "All Phone Cases",
                "/browse/cell-phones/all-phone-cases/1105910_133161_1997952_7954087"
            ]
        ]
    },
    {
        "title": "Motorola H730 Bluetooth Headset System",
        "url": "https://www.walmart.com/ip/Motorola-H730-Bluetooth-Headset-System/157493921",
        "price": "$39.49",
        "stars": "3.1",
        "ratings": "42 ",
        "img": "",
        "tags": [
            [
                "Plantronics Headsets",
                "/browse/cell-phones/plantronics-headsets/1105910_133161_9253164_5692065_1982311"
            ],
            [
                "Jabra Headsets",
                "/browse/cell-phones/jabra-headsets/1105910_133161_9253164_5692065_2626643"
            ],
            [
                "All Phone Headsets",
                "/browse/cell-phones/all-phone-headsets/1105910_133161_9253164_3195015"
            ],
            [
                "Motorola Phone Cases",
                "/browse/cell-phones/motorola-phone-cases/1105910_133161_1997952_3726920_3738484"
            ],
            [
                "Wired Headsets",
                "/browse/cell-phones/wired-headsets/1105910_133161_9253164_4800447"
            ],
            [
                "Motorola Phone Car Accessories",
                "/browse/cell-phones/motorola-phone-car-accessories/1105910_133161_9140496_9514638_6415858"
            ],
            [
                "Motorola Headsets",
                "/browse/cell-phones/motorola-headsets/1105910_133161_9253164_5692065_7435190"
            ],
            [
                "Blueparrott Headsets",
                "/browse/cell-phones/blueparrott-headsets/1105910_133161_9253164_5692065_9020102"
            ]
        ]
    },
    {
        "title": "Magnetic Mount, WizGear Universal Stick On (2 PACK) Dashboard Magnetic Car Mount Holder, for Cell Phones and Mini Tablets with Fast Swift-snap Technology, Magnetic Cell Phone Mount",
        "url": "https://www.walmart.com/ip/Magnetic-Mount-WizGear-Universal-Stick-On-2-PACK-Dashboard-Car-Mount-Holder-Cell-Phones-Mini-Tablets-Fast-Swift-snap-Technology-Phone/425884147",
        "price": "$15.99",
        "stars": "5.0",
        "ratings": "12 ",
        "img": "i5.walmartimages.com/asr/69249665-2c73-4545-b17d-59d0a1e7fe4f_1.25db66ba8d9e749c2cff6c113f081765.jpeg?odnWidth=612&odnHeight=612&odnBg=ffffff",
        "tags": [
            [
                "Vent Phone Car Holders",
                "/browse/cell-phones/vent-phone-car-holders/1105910_133161_1072308_4199608_2779850"
            ],
            [
                "Scosche Phone Car Holders",
                "/browse/cell-phones/scosche-phone-car-holders/1105910_133161_1072308_1847750_4320346"
            ],
            [
                "Cup Phone Car Holders",
                "/browse/cell-phones/cup-phone-car-holders/1105910_133161_1072308_4199608_4958877"
            ],
            [
                "All Phone Car Holders",
                "/browse/cell-phones/all-phone-car-holders/1105910_133161_1072308_5978976"
            ],
            [
                "iOttie Phone Car Holders",
                "/browse/cell-phones/iottie-phone-car-holders/1105910_133161_1072308_1847750_6974002"
            ],
            [
                "Magnetic Phone Car Holders",
                "/browse/cell-phones/magnetic-phone-car-holders/1105910_133161_1072308_4199608_8887794"
            ],
            [
                "Windshield Phone Car Holders",
                "/browse/cell-phones/windshield-phone-car-holders/1105910_133161_1072308_4199608_9023686"
            ],
            [
                "Mpow Phone Car Holders",
                "/browse/cell-phones/mpow-phone-car-holders/1105910_133161_1072308_1847750_9756648"
            ]
        ]
    },
    {
        "title": "OtterBox Defender Series Pro Phone Case for Apple iPhone Xs, iPhone X - Black",
        "url": "https://www.walmart.com/ip/OtterBox-Defender-Series-Pro-Phone-Case-for-Apple-iPhone-Xs-iPhone-X-Black/625979675",
        "price": "$44.96",
        "stars": "4.3",
        "ratings": "12 ",
        "img": "i5.walmartimages.com/asr/275e42db-ceb9-40d9-b27e-5e7c3455713b_2.af634aad65536516c4789b0de3a5ba7e.jpeg?odnWidth=612&odnHeight=612&odnBg=ffffff",
        "tags": [
            [
                "Otterbox iPhone XS Max Cases",
                "/browse/cell-phones/otterbox-iphone-xs-max-cases/1105910_133161_1997952_3726920_4783047_1802592_2297360"
            ],
            [
                "iPhone X Cases",
                "/browse/cell-phones/iphone-x-cases/1105910_133161_1997952_7579365_4213955_5059798"
            ],
            [
                "Basic Phone Cases",
                "/browse/cell-phones/basic-phone-cases/1105910_133161_1997952_3341734_5271560"
            ],
            [
                "iPhone XS Cases",
                "/browse/cell-phones/iphone-xs-cases/1105910_133161_1997952_7579365_4213955_5300019"
            ],
            [
                "All Otterbox Phone Cases",
                "/browse/cell-phones/all-otterbox-phone-cases/1105910_133161_1997952_3726920_4783047_5935854"
            ],
            [
                "iPhone XS Max Cases",
                "/browse/cell-phones/iphone-xs-max-cases/1105910_133161_1997952_7579365_4213955_7658846"
            ],
            [
                "Rugged Phone Cases",
                "/browse/cell-phones/rugged-phone-cases/1105910_133161_1997952_5447121_9150120"
            ],
            [
                "Otterbox iPhone XS Cases",
                "/browse/cell-phones/otterbox-iphone-xs-cases/1105910_133161_1997952_3726920_4783047_1802592_9647021"
            ]
        ]
    },
    {
        "title": "U.S. Cellular $45 e-PIN Top Up (Email Delivery)",
        "url": "https://www.walmart.com/ip/U-S-Cellular-45-e-PIN-Top-Up-Email-Delivery/40549566",
        "price": "$45.00",
        "stars": "4.7",
        "ratings": "13 ",
        "img": "i5.walmartimages.com/asr/35aa802e-c92d-4f97-ac72-8fbbae77980a.26cf79e86ca548c73561780f7ee2daa2.jpeg?odnWidth=612&odnHeight=612&odnBg=ffffff",
        "tags": [
            [
                "Android Prepaid Phones",
                "/browse/cell-phones/android-prepaid-phones/1105910_4527935_1072335_1231295_1231297"
            ],
            [
                "Boost Mobile Prepaid Plans",
                "/browse/cell-phones/boost-mobile-prepaid-plans/1105910_4960552_1979801"
            ],
            [
                "All Samsung Galaxy Prepaid Phones",
                "/browse/cell-phones/all-samsung-galaxy-prepaid-phones/1105910_7551331_1986562_1231304_2746348"
            ],
            [
                "US Cellular Phones",
                "/browse/cell-phones/us-cellular-phones/1105910_3253219_1810856_4021589"
            ],
            [
                "Net10 Prepaid Plans",
                "/browse/cell-phones/net10-prepaid-plans/1105910_4960552_6970946"
            ],
            [
                "Galaxy A10e Prepaid Phones",
                "/browse/cell-phones/galaxy-a10e-prepaid-phones/1105910_7551331_1986562_1231202_5197829_3799663_7319129"
            ],
            [
                "US Cellular Prepaid Plans",
                "/browse/cell-phones/us-cellular-prepaid-plans/1105910_4960552_8956904"
            ]
        ]
    }
]