[
    {
        "title": "EpicDealz Hi-Speed USB 2.0 A to B Universal Printer Cable (6 Feet) HP Canon Black",
        "url": "https://www.walmart.com/ip/EpicDealz-Hi-Speed-USB-2-0-A-to-B-Universal-Printer-Cable-6-Feet-HP-Canon-Black/183399016",
        "price": "$5.99",
        "stars": "4.2",
        "ratings": "22 ",
        "img": "i5.walmartimages.com/asr/7c4e089a-7c8e-4bae-970e-3a6b43b6f63d_1.9c17c17452da83b5e1570dd6b3c607be.jpeg?odnWidth=612&odnHeight=612&odnBg=ffffff",
        "tags": [
            [
                "All Phone Cables",
                "/browse/cell-phones/all-phone-cables/1105910_133161_6842958_1413855"
            ],
            [
                "Micro USB Cable",
                "/browse/cell-phones/micro-usb-cable/1105910_133161_1072306_5756081_2033340"
            ],
            [
                "Apple Phone Chargers",
                "/browse/cell-phones/apple-phone-chargers/1105910_133161_1072306_5297453_5115891"
            ],
            [
                "iPhone Adapter and Cables",
                "/browse/cell-phones/iphone-adapter-cables/1105910_133161_1024881_6193872"
            ],
            [
                "Apple Phone Cables",
                "/browse/cell-phones/apple-phone-cables/1105910_133161_6842958_4335636_7121255"
            ],
            [
                "All Phone Chargers",
                "/browse/cell-phones/all-phone-chargers/1105910_133161_1072306_7133056"
            ]
        ]
    },
    {
        "title": "Roku Ultra LT Streaming Media Player 2019 (Manufacturer Refurbished)",
        "url": "https://www.walmart.com/ip/Roku-Ultra-LT-Streaming-Media-Player-2019-Manufacturer-Refurbished/736882887",
        "price": "$59.00",
        "stars": "4.9",
        "ratings": "24 ",
        "img": "i5.walmartimages.com/asr/3118a54f-7c3f-4d4e-b414-79bde3f4585c_1.6853bad8a781af2bb6a92f09d8b4c2cf.jpeg?odnWidth=612&odnHeight=612&odnBg=ffffff",
        "tags": [
            [
                "Streaming Devices",
                "/browse/electronics/streaming-devices/3944_77622_7549938_1229631_1085065"
            ],
            [
                "Roku Express",
                "/browse/electronics/roku-express/3944_77622_7549938_1229631_1430926"
            ],
            [
                "Only at Walmart Electronics",
                "/browse/electronics/only-at-walmart-electronics/3944_7838866_7148103"
            ],
            [
                "Roku Ultra",
                "/browse/electronics/roku-ultra/3944_77622_7549938_1229631_7205812"
            ],
            [
                "Roku",
                "/browse/electronics/roku/3944_4131277_8296010"
            ],
            [
                "Roku Streaming Stick",
                "/browse/electronics/roku-streaming-stick/3944_77622_7549938_1229631_9177705"
            ]
        ]
    },
    {
        "title": "Upgrade Deluxe - Portable Foldable Comfortable TV Tray Table - Laptop, Eating, Drawing Tray Table Stand - Adjustable Height & Angle Tray - Sliding Adjustable Cup Holder - Upgraded Stability - Black",
        "url": "https://www.walmart.com/ip/Upgrade-Deluxe-Portable-Foldable-Comfortable-TV-Tray-Table-Laptop-Eating-Drawing-Stand-Adjustable-Height-Angle-Sliding-Cup-Holder-Upgraded-Stability-/343642135",
        "price": "$53.95",
        "stars": "4.2",
        "ratings": "21 ",
        "img": "i5.walmartimages.com/asr/a859f71b-dbc7-4940-9013-138505ef1b4d_1.e1ac2d75e4b1e58690656317432f8d8f.jpeg?odnWidth=612&odnHeight=612&odnBg=ffffff",
        "tags": [
            [
                "Folding Tables & Chairs",
                "/browse/home/folding-tables-chairs/4044_103150_97116_1026080"
            ],
            [
                "TV Tray Tables",
                "/browse/home/tv-tray-tables/4044_103150_4038_1043808"
            ],
            [
                "Small living room ideas",
                "/browse/home/small-living-room-ideas/4044_1879527_9330810_2601656"
            ],
            [
                "Folding Tables",
                "/browse/home/folding-tables/4044_103150_4037_2802813"
            ],
            [
                "Shop All Folding Tables",
                "/browse/home/shop-all-folding-tables/4044_103150_4037_1370390_1535004_3707189"
            ],
            [
                "Wood Folding Tables",
                "/browse/home/wood-folding-tables/4044_103150_4037_1370390_1371716_6631447"
            ],
            [
                "White Folding Tables",
                "/browse/home/white-folding-tables/4044_103150_4037_1370390_1535004_7425341"
            ],
            [
                "C Tables",
                "/browse/home/c-tables/4044_103150_4038_4991400_8722327"
            ]
        ]
    },
    {
        "title": "AC Adapter Charger for Samsung Chromebook XE500C13 XE500C13-K01US, By Galaxy Bang USA\u00c2\u00ae",
        "url": "https://www.walmart.com/ip/AC-Adapter-Charger-for-Samsung-Chromebook-XE500C13-XE500C13-K01US-By-Galaxy-Bang-USA/568913415",
        "price": "$15.99",
        "stars": "4.5",
        "ratings": "22 ",
        "img": "i5.walmartimages.com/asr/426c2323-3153-4981-9fe7-ccb75ad57626.0becde01fb48e0aa852edac9f80938a5.jpeg?odnWidth=612&odnHeight=612&odnBg=ffffff",
        "tags": [
            [
                "All Samsung Laptops",
                "/browse/electronics/all-samsung-laptops/3944_3951_1089430_1230093_1230100_1586849"
            ],
            [
                "Premium Ultra Thin Laptops",
                "/browse/electronics/premium-ultra-thin-laptops/3944_3951_4991337_4954263_3829983"
            ],
            [
                "Acer",
                "/browse/electronics/acer/3944_6007298_1469597_5602761"
            ],
            [
                "Premium Google Computers",
                "/browse/electronics/premium-google-computers/3944_3951_4991337_5933389_8512993"
            ],
            [
                "Premium Business Computers",
                "/browse/electronics/premium-business-computers/3944_3951_4991337_8613603"
            ],
            [
                "Premium Home Computers",
                "/browse/electronics/premium-home-computers/3944_3951_4991337_9025941"
            ],
            [
                "Premium Samsung Computers",
                "/browse/electronics/premium-samsung-computers/3944_3951_4991337_5933389_9210604"
            ],
            [
                "All Acer",
                "/browse/electronics/all-acer/3944_4131277_3769940_9709474"
            ]
        ]
    },
    {
        "title": "HP 932 Ink Cartridge, Black (CN057AN)",
        "url": "https://www.walmart.com/ip/HP-932-Ink-Cartridge-Black-CN057AN/21169416",
        "price": "$23.39",
        "stars": "4.3",
        "ratings": "110 ",
        "img": "i5.walmartimages.com/asr/d203494f-8f04-4ec9-870a-8588a449850f.1495ac6d2df529a59f067e7b0b8a3dce.jpeg?odnWidth=612&odnHeight=612&odnBg=ffffff",
        "tags": [
            [
                "HP Printer Ink and Toner",
                "/browse/electronics/hp-printer-ink-toner/3944_4131277_7559616_3252233"
            ],
            [
                "Brother Printers",
                "/browse/electronics/brother-printers/3944_4131277_8298959_3298126"
            ],
            [
                "Dell Gaming Laptops",
                "/browse/electronics/dell-gaming-laptops/3944_3951_7052607_1849032_4519159"
            ],
            [
                "Brother Printer Ink and Toner",
                "/browse/electronics/brother-printer-ink-toner/3944_4131277_8298959_6104760"
            ],
            [
                "All Gaming Laptops",
                "/browse/electronics/all-gaming-laptops/3944_3951_1089430_1230091_1094888_6943676"
            ],
            [
                "Canon",
                "/browse/electronics/canon/3944_4131277_7135121"
            ],
            [
                "HP Standard Yield Printer Ink Cartridge",
                "/browse/electronics/hp-standard-yield-printer-ink-cartridge/3944_3951_37807_8789020"
            ],
            [
                "Printer Toner",
                "/browse/electronics/printer-toner/3944_3951_37807_8910633"
            ]
        ]
    },
    {
        "title": "Jetstream AC3000 Tri-Band WiFi Gaming Router with 1GB RAM and 800 MHz Dual-Core Processing - Walmart Exclusive!",
        "url": "https://www.walmart.com/ip/Jetstream-AC3000-Tri-Band-WiFi-Gaming-Router-with-1GB-RAM-and-800-MHz-Dual-Core-Processing-Walmart-Exclusive/822584452",
        "price": "$69.99",
        "stars": "3.4",
        "ratings": "116 ",
        "img": "",
        "tags": [
            [
                "TP-Link Routers",
                "/browse/electronics/tp-link-routers/3944_3951_126297_1487015"
            ],
            [
                "Netgear",
                "/browse/electronics/netgear/3944_4131277_3248764"
            ],
            [
                "Netgear Routers",
                "/browse/electronics/netgear-routers/3944_3951_126297_4436654"
            ],
            [
                "Traditional Routers for Light Internet Use",
                "/browse/electronics/traditional-routers-for-light-internet-use/3944_3951_126297_1073784_5450801_6360281"
            ],
            [
                "Only at Walmart Electronics",
                "/browse/electronics/only-at-walmart-electronics/3944_7838866_7148103"
            ],
            [
                "Traditional Routers for Heavy Internet Use",
                "/browse/electronics/traditional-routers-for-heavy-internet-use/3944_3951_126297_1073784_5450801_9416000"
            ],
            [
                "Traditional Routers for Moderate Internet Use",
                "/browse/electronics/traditional-routers-for-moderate-internet-use/3944_3951_126297_1073784_5450801_9769523"
            ]
        ]
    },
    {
        "title": "Brother Genuine Standard Yield Black Ink Cartridge, LC101BK, Replacement Black Ink, Page Yield Up To 300 Pages, LC101",
        "url": "https://www.walmart.com/ip/Brother-Genuine-Standard-Yield-Black-Ink-Cartridge-LC101BK-Replacement-Black-Ink-Page-Yield-Up-To-300-Pages-LC101/32292270",
        "price": "$12.49",
        "stars": "4.2",
        "ratings": "114 ",
        "img": "i5.walmartimages.com/asr/ade9e438-c2a2-405b-87c2-da35a3908f3c_1.43cf6560fdc9155bad32f8ba5c321a8d.jpeg?odnWidth=612&odnHeight=612&odnBg=ffffff",
        "tags": [
            [
                "Laser Printers",
                "/browse/electronics/laser-printers/3944_3951_37807_163957_2058579"
            ],
            [
                "Inkjet Printers",
                "/browse/electronics/inkjet-printers/3944_3951_37807_163957_2713574"
            ],
            [
                "Brother Printers",
                "/browse/electronics/brother-printers/3944_4131277_8298959_3298126"
            ],
            [
                "All-in-One Printers",
                "/browse/electronics/all-in-one-printers/3944_3951_37807_163957_4175270"
            ],
            [
                "Brother Printer Ink and Toner",
                "/browse/electronics/brother-printer-ink-toner/3944_4131277_8298959_6104760"
            ],
            [
                "Brother Printer January 2020",
                "/browse/electronics/brother-printer-january-2020/3944_3951_37807_163957_7958696"
            ],
            [
                "Printer Toner",
                "/browse/electronics/printer-toner/3944_3951_37807_8910633"
            ]
        ]
    },
    {
        "title": "Magnetic Charging Cable 3-in-1 with Micro-USB, USB-C, & Lighting for iOS",
        "url": "https://www.walmart.com/ip/Magnetic-Charging-Cable-3-in-1-with-Micro-USB-USB-C-amp-Lighting-for-iOS/831056683",
        "price": "$4.99",
        "stars": "4.3",
        "ratings": "25 ",
        "img": "",
        "tags": [
            [
                "Networking Cables & Accessories",
                "/browse/electronics/networking-cables-accessories/3944_3951_126297_1074144"
            ],
            [
                "All Tablet Accessories",
                "/browse/electronics/all-tablet-accessories/3944_1078524_1225368_1087422"
            ],
            [
                "Apple Accessories",
                "/browse/electronics/apple-accessories/3944_1229722_1230413"
            ],
            [
                "TV Cables & Connectors",
                "/browse/electronics/tv-cables-connectors/3944_1060825_133270_4537"
            ],
            [
                "Cables, Adapters, & Chargers",
                "/browse/electronics/cables-adapters-chargers/3944_1078524_1225368_5562682"
            ],
            [
                "USB Computer Cable",
                "/browse/electronics/usb-computer-cable/3944_3951_132959_4463_7257264"
            ]
        ]
    },
    {
        "title": "High-Performance AC3000 Tri-band WiFi System",
        "url": "https://www.walmart.com/ip/High-Performance-AC3000-Tri-band-WiFi-System/903560993",
        "price": "$229.99",
        "stars": "4.3",
        "ratings": "6 ",
        "img": "i5.walmartimages.com/asr/b0513601-7c32-4d64-984c-48bbd6fe12b4.fb84c901d44044b2697ac8980e07e792.jpeg?odnWidth=612&odnHeight=612&odnBg=ffffff",
        "tags": [
            [
                "Netgear",
                "/browse/electronics/netgear/3944_4131277_3248764"
            ],
            [
                "Mesh Routers for Heavy Internet Use",
                "/browse/electronics/mesh-routers-for-heavy-internet-use/3944_3951_126297_1073784_8460867_3292271"
            ],
            [
                "Linksys Velop",
                "/browse/electronics/linksys-velop/3944_3951_126297_4739608"
            ],
            [
                "Linksys Routers",
                "/browse/electronics/linksys-routers/3944_3951_126297_5931166"
            ],
            [
                "Smart Network Hubs & Routers that work with Google Assistant",
                "/browse/electronics/smart-network-hubs-routers-that-work-with-google-assistant/3944_1229875_9259047_6761149"
            ],
            [
                "Mesh Routers for Moderate Internet Use",
                "/browse/electronics/mesh-routers-for-moderate-internet-use/3944_3951_126297_1073784_8460867_8999536"
            ],
            [
                "Mesh Networking",
                "/browse/electronics/mesh-networking/3944_1229875_9258082"
            ]
        ]
    },
    {
        "title": "HP Desktop Computer Bundle Tower PC Core 2 Duo Processor 4GB RAM 160GB Hard Drive DVD-RW Wifi with Windows 10 and a 19\" LCD Monitor-Refurbished Computer with 1 Year Warranty!",
        "url": "https://www.walmart.com/ip/HP-Desktop-Computer-Bundle-Tower-PC-Core-2-Duo-Processor-4GB-RAM-160GB-Hard-Drive-DVD-RW-Wifi-Windows-10-19-LCD-Monitor-Refurbished-1-Year-Warranty/634796876",
        "price": "$145.96",
        "stars": "2.8",
        "ratings": "142 ",
        "img": "",
        "tags": [
            [
                "Desktop PC Towers Only",
                "/browse/electronics/desktop-pc-towers-only/3944_3951_132982_1231068_1224739"
            ],
            [
                "Refurbished Desktops",
                "/browse/electronics/refurbished-desktops/3944_3951_132982_1231068_1230174"
            ],
            [
                "HP Desktop Computers",
                "/browse/electronics/hp-desktop-computers/3944_3951_132982_1230175_1230176"
            ],
            [
                "Dell Desktop Computers",
                "/browse/electronics/dell-desktop-computers/3944_3951_132982_1230175_1230177"
            ],
            [
                "All Desktop Computers",
                "/browse/electronics/all-desktop-computers/3944_3951_132982_1231618"
            ],
            [
                "Dell",
                "/browse/electronics/dell/3944_4131277_1297820"
            ],
            [
                "HP Desktops",
                "/browse/electronics/hp-desktops/3944_4131277_7559616_6220103"
            ],
            [
                "All Dell",
                "/browse/electronics/all-dell/3944_4131277_8535837"
            ]
        ]
    }
]