[
    {
        "title": "MINI Drone Toy UFO Quadrocopter Flying Aerobatic Gift for Kids",
        "url": "https://www.walmart.com/ip/MINI-Drone-Toy-UFO-Quadrocopter-Flying-Aerobatic-Gift-for-Kids/979959599",
        "price": "$15.99",
        "stars": 0,
        "ratings": 0,
        "img": "",
        "tags": [
            [
                "Connected Dorm Room",
                "/browse/seasonal/connected-dorm-room/1085632_8174172_6292484_2548864"
            ],
            [
                "Tax Free Apparel Tech & School Supplies",
                "/browse/tax-free-apparel-tech-school-supplies/1085632_3096686"
            ],
            [
                "Tax Free Apparel & School Supplies",
                "/browse/tax-free-apparel-school-supplies/1085632_4861825"
            ],
            [
                "Mother's Day Electronics Gifts",
                "/browse/seasonal/mothers-day-electronics-gifts/1085632_1093554_5742102"
            ],
            [
                "Audio",
                "/browse/seasonal/audio/1085632_8174172_6292484_5759323"
            ],
            [
                "Tax Free Shop All",
                "/browse/tax-free-shop-all/1085632_6767877"
            ],
            [
                "Electronics Gifts for Grads",
                "/browse/seasonal/electronics-gifts-for-grads/1085632_1105121_7594959"
            ],
            [
                "Last Minute Gifts",
                "/browse/last-minute-gifts/1085632_7803702"
            ]
        ]
    },
    {
        "title": "Flying Toys RC Flying Ball Infrared Induction Helicopter Colorful Flying Drone Indoor and Outdoor Games Toys Birthday Xmas Gifts for Boys and Girls",
        "url": "https://www.walmart.com/ip/Flying-Toys-RC-Flying-Ball-Infrared-Induction-Helicopter-Colorful-Flying-Drone-Indoor-and-Outdoor-Games-Toys-Birthday-Xmas-Gifts-for-Boys-and-Girls/626945752",
        "price": "$11.99",
        "stars": "4.0",
        "ratings": "1 ",
        "img": "i5.walmartimages.com/asr/da210e4f-ffdc-4f38-a458-e36affac8df0.96d5d7bf149d4d46342e880ad6ab5f4e.jpeg?odnWidth=612&odnHeight=612&odnBg=ffffff",
        "tags": []
    },
    {
        "title": "Hand Operated Drones for Kids or Adults, Hand-Controlled Flying Ball, Infrared Induction Interactive Mini Drone Helicopter with LED Lights and, Flying Toys for Boys or Girls (Blue)",
        "url": "https://www.walmart.com/ip/Hand-Operated-Drones-Kids-Adults-Hand-Controlled-Flying-Ball-Infrared-Induction-Interactive-Mini-Drone-Helicopter-LED-Lights-and-Toys-Boys-Girls-Blue/145514740",
        "price": "$19.99",
        "stars": 0,
        "ratings": 0,
        "img": "i5.walmartimages.com/asr/b6afb129-a20c-45cd-8779-48ffe033a70e_1.4e03a140e44f4f18b779126b3cd4f6e5.jpeg?odnWidth=612&odnHeight=612&odnBg=ffffff",
        "tags": [
            [
                "Air Hogs Drones",
                "/browse/electronics/air-hogs-drones/3944_5525941_5960206_1396048"
            ],
            [
                "HD Drones",
                "/browse/electronics/hd-drones/3944_5525941_1677970_1837338"
            ],
            [
                "Foldable Drones",
                "/browse/electronics/foldable-drones/3944_5525941_2616723"
            ],
            [
                "Beginner Drones",
                "/browse/electronics/beginner-drones/3944_5525941_4346614_2881959"
            ],
            [
                "All Drones with Cameras",
                "/browse/electronics/all-drones-with-cameras/3944_5525941_1677970_3044927"
            ],
            [
                "Intermediate Drones",
                "/browse/electronics/intermediate-drones/3944_5525941_4346614_6345846"
            ],
            [
                "Shop All Drones",
                "/browse/electronics/shop-all-drones/3944_5525941_8120586"
            ],
            [
                "Advanced Drones",
                "/browse/electronics/advanced-drones/3944_5525941_4346614_8463965"
            ]
        ]
    },
    {
        "title": "UFO Drone Flying Ball Gesture Control for Kids 360\ufffd\ufffdRotating Flying Toys Mini Drone with LED Lights Altitude Hold for Adults Beginners",
        "url": "https://www.walmart.com/ip/UFO-Drone-Flying-Ball-Gesture-Control-for-Kids-360-Rotating-Flying-Toys-Mini-Drone-with-LED-Lights-Altitude-Hold-for-Adults-Beginners/846600223",
        "price": "$26.99",
        "stars": 0,
        "ratings": 0,
        "img": "i5.walmartimages.com/asr/f67c0c2f-7b24-4688-806e-de8c79d97077_1.5670d65aa7e1739350ccbc83708d7bc2.jpeg?odnWidth=612&odnHeight=612&odnBg=ffffff",
        "tags": [
            [
                "All Hoverboards",
                "/browse/toys/all-hoverboards/4171_133073_6774653_3545894_2310222"
            ],
            [
                "Only at Walmart Toys",
                "/browse/toys/only-at-walmart-toys/4171_6331649_4497497"
            ],
            [
                "Nerf Elite",
                "/browse/toys/nerf-elite/4171_14521_936979_6929634_7879959_5342667"
            ],
            [
                "Electric Transportation",
                "/browse/toys/electric-transportation/4171_133073_6221094"
            ],
            [
                "Toys for Kids 8 to 11 Years",
                "/browse/toys/toys-for-kids-8-to-11-years/4171_3318550_617942_8104028"
            ],
            [
                "LEGO Classic",
                "/browse/toys/lego-classic/4171_4186_1105635_8491615"
            ]
        ]
    },
    {
        "title": "LNKOO Flying Toys Mini Drone, Hand-Operated Flying Ball, Interactive Infrared Induction Helicopter Ball 360\u00b0 Rotating Shinning LED Lights, Flying Toy Boys Girls Kids Holiday Birthday Christmas Gift",
        "url": "https://www.walmart.com/ip/LNKOO-Flying-Toys-Mini-Drone-Hand-Operated-Ball-Interactive-Infrared-Induction-Helicopter-Ball-360-Rotating-Shinning-LED-Lights-Toy-Boys-Girls-Kids-H/984557770",
        "price": "$16.99",
        "stars": 0,
        "ratings": 0,
        "img": "",
        "tags": [
            [
                "Air Hogs Drones",
                "/browse/electronics/air-hogs-drones/3944_5525941_5960206_1396048"
            ],
            [
                "HD Drones",
                "/browse/electronics/hd-drones/3944_5525941_1677970_1837338"
            ],
            [
                "Foldable Drones",
                "/browse/electronics/foldable-drones/3944_5525941_2616723"
            ],
            [
                "Beginner Drones",
                "/browse/electronics/beginner-drones/3944_5525941_4346614_2881959"
            ],
            [
                "All Drones with Cameras",
                "/browse/electronics/all-drones-with-cameras/3944_5525941_1677970_3044927"
            ],
            [
                "Intermediate Drones",
                "/browse/electronics/intermediate-drones/3944_5525941_4346614_6345846"
            ],
            [
                "Shop All Drones",
                "/browse/electronics/shop-all-drones/3944_5525941_8120586"
            ],
            [
                "Advanced Drones",
                "/browse/electronics/advanced-drones/3944_5525941_4346614_8463965"
            ]
        ]
    },
    {
        "title": "Low-Noise Quick Release Propeller 4726 Props for Mavic Mini FPV Drone Quadcopter 8pcs/set",
        "url": "https://www.walmart.com/ip/Low-Noise-Quick-Release-Propeller-4726-Props-for-Mavic-Mini-FPV-Drone-Quadcopter-8pcs-set/161827739",
        "price": "$10.89",
        "stars": 0,
        "ratings": 0,
        "img": "i5.walmartimages.com/asr/ed2b80f8-b39f-4610-97cc-8e30aa7e4ca5_1.6509c0114dc9b93d65bfcf8ad885fe1b.jpeg?odnWidth=612&odnHeight=612&odnBg=ffffff",
        "tags": [
            [
                "GoPro Accessories",
                "/browse/electronics/gopro-accessories/3944_133277_1230678_1231341"
            ],
            [
                "Drones with Cameras",
                "/browse/electronics/drones-with-cameras/3944_133277_1231385"
            ],
            [
                "HD Drones",
                "/browse/electronics/hd-drones/3944_5525941_1677970_1837338"
            ],
            [
                "Drone Accessories",
                "/browse/electronics/drone-accessories/3944_133277_2972544"
            ],
            [
                "DJI Drones",
                "/browse/electronics/dji-drones/3944_5525941_5960206_3976514"
            ],
            [
                "Other Camera Accessories",
                "/browse/electronics/other-camera-accessories/3944_133277_132913_4539"
            ],
            [
                "Drone Batteries and Chargers",
                "/browse/electronics/drone-batteries-chargers/3944_5525941_4049093_6633994"
            ],
            [
                "Shop All Drones",
                "/browse/electronics/shop-all-drones/3944_5525941_8120586"
            ]
        ]
    },
    {
        "title": "Marvel Iron Man Avengers Age of Ultron 3.5 Channel Flying Figure Infrared Helicopter",
        "url": "https://www.walmart.com/ip/Marvel-Iron-Man-Avengers-Age-of-Ultron-3-5-Channel-Flying-Figure-Infrared-Helicopter/335998759",
        "price": "$36.98",
        "stars": "1.0",
        "ratings": "1 ",
        "img": "",
        "tags": [
            [
                "Air Hogs Drones",
                "/browse/electronics/air-hogs-drones/3944_5525941_5960206_1396048"
            ],
            [
                "HD Drones",
                "/browse/electronics/hd-drones/3944_5525941_1677970_1837338"
            ],
            [
                "Foldable Drones",
                "/browse/electronics/foldable-drones/3944_5525941_2616723"
            ],
            [
                "Beginner Drones",
                "/browse/electronics/beginner-drones/3944_5525941_4346614_2881959"
            ],
            [
                "All Drones with Cameras",
                "/browse/electronics/all-drones-with-cameras/3944_5525941_1677970_3044927"
            ],
            [
                "Intermediate Drones",
                "/browse/electronics/intermediate-drones/3944_5525941_4346614_6345846"
            ],
            [
                "Shop All Drones",
                "/browse/electronics/shop-all-drones/3944_5525941_8120586"
            ],
            [
                "Advanced Drones",
                "/browse/electronics/advanced-drones/3944_5525941_4346614_8463965"
            ]
        ]
    },
    {
        "title": "COLORFUL FLYING BALL Drone Helicopter ,Watch your friends and family be amazed how beautiful the drone is when lit up",
        "url": "https://www.walmart.com/ip/COLORFUL-FLYING-BALL-Drone-Helicopter-Watch-your-friends-and-family-be-amazed-how-beautiful-the-drone-is-when-lit-up/798023823",
        "price": "$24.88",
        "stars": 0,
        "ratings": 0,
        "img": "i5.walmartimages.com/asr/ecc48845-0b86-4507-9a59-56e915357418_1.e02943456feff9c3ca3d350f1e36f835.jpeg?odnWidth=612&odnHeight=612&odnBg=ffffff",
        "tags": [
            [
                "Air Hogs Drones",
                "/browse/electronics/air-hogs-drones/3944_5525941_5960206_1396048"
            ],
            [
                "HD Drones",
                "/browse/electronics/hd-drones/3944_5525941_1677970_1837338"
            ],
            [
                "Foldable Drones",
                "/browse/electronics/foldable-drones/3944_5525941_2616723"
            ],
            [
                "Beginner Drones",
                "/browse/electronics/beginner-drones/3944_5525941_4346614_2881959"
            ],
            [
                "All Drones with Cameras",
                "/browse/electronics/all-drones-with-cameras/3944_5525941_1677970_3044927"
            ],
            [
                "Intermediate Drones",
                "/browse/electronics/intermediate-drones/3944_5525941_4346614_6345846"
            ],
            [
                "Shop All Drones",
                "/browse/electronics/shop-all-drones/3944_5525941_8120586"
            ],
            [
                "Advanced Drones",
                "/browse/electronics/advanced-drones/3944_5525941_4346614_8463965"
            ]
        ]
    },
    {
        "title": "2020 FlyNova Flying Toy, Hand Operated Drones for Kids and Adults -UF0 Drone Flying Toy Hand Controlled, with 360\u00b0 Rotating and Shinning LED Lights - Blue",
        "url": "https://www.walmart.com/ip/2020-FlyNova-Flying-Toy-Hand-Operated-Drones-Kids-Adults-UF0-Drone-Toy-Controlled-360-Rotating-Shinning-LED-Lights-Blue/995746857",
        "price": "$16.37",
        "stars": 0,
        "ratings": 0,
        "img": "i5.walmartimages.com/asr/2cd07b72-2631-4b79-b24a-6e613ec50006_1.86f82fce5e356ea0a42119fd92c96c09.jpeg?odnWidth=612&odnHeight=612&odnBg=ffffff",
        "tags": [
            [
                "Air Hogs Drones",
                "/browse/electronics/air-hogs-drones/3944_5525941_5960206_1396048"
            ],
            [
                "HD Drones",
                "/browse/electronics/hd-drones/3944_5525941_1677970_1837338"
            ],
            [
                "Foldable Drones",
                "/browse/electronics/foldable-drones/3944_5525941_2616723"
            ],
            [
                "Beginner Drones",
                "/browse/electronics/beginner-drones/3944_5525941_4346614_2881959"
            ],
            [
                "All Drones with Cameras",
                "/browse/electronics/all-drones-with-cameras/3944_5525941_1677970_3044927"
            ],
            [
                "Intermediate Drones",
                "/browse/electronics/intermediate-drones/3944_5525941_4346614_6345846"
            ],
            [
                "Shop All Drones",
                "/browse/electronics/shop-all-drones/3944_5525941_8120586"
            ],
            [
                "Advanced Drones",
                "/browse/electronics/advanced-drones/3944_5525941_4346614_8463965"
            ]
        ]
    },
    {
        "title": "Skin For Amazon Fire TV Stick 4K - Neon Palms | MightySkins Protective, Durable, and Unique Vinyl Decal wrap cover | Easy To Apply, Remove, and Change Styles",
        "url": "https://www.walmart.com/ip/Skin-For-Amazon-Fire-TV-Stick-4K-Neon-Palms-MightySkins-Protective-Durable-Unique-Vinyl-Decal-wrap-cover-Easy-To-Apply-Remove-Change-Styles/376612259",
        "price": "$9.99",
        "stars": 0,
        "ratings": 0,
        "img": "i5.walmartimages.com/asr/351a8a0c-c965-4444-ab88-58d4f1609799_1.b49150b32ab4d3bfa4160fa5ece4421e.jpeg?odnWidth=612&odnHeight=612&odnBg=ffffff",
        "tags": [
            [
                "HD Drones",
                "/browse/electronics/hd-drones/3944_5525941_1677970_1837338"
            ],
            [
                "Foldable Drones",
                "/browse/electronics/foldable-drones/3944_5525941_2616723"
            ],
            [
                "Drone Accessories",
                "/browse/electronics/drone-accessories/3944_133277_2972544"
            ],
            [
                "All Drones with Cameras",
                "/browse/electronics/all-drones-with-cameras/3944_5525941_1677970_3044927"
            ],
            [
                "Drone Cases",
                "/browse/electronics/drone-cases/3944_5525941_4049093_5296741"
            ],
            [
                "RC Drones",
                "/browse/electronics/rc-drones/3944_5525941_6042620"
            ],
            [
                "Shop All Drones",
                "/browse/electronics/shop-all-drones/3944_5525941_8120586"
            ],
            [
                "Advanced Drones",
                "/browse/electronics/advanced-drones/3944_5525941_4346614_8463965"
            ]
        ]
    }
]