[
    {
        "title": "Welch Allyn 6000-915HS HS1-M 2D Barcode Scanner Brand New",
        "url": "https://www.walmart.com/ip/Welch-Allyn-6000-915HS-HS1-M-2D-Barcode-Scanner-Brand-New/711097311",
        "price": "$382.07",
        "stars": 0,
        "ratings": 0,
        "img": "i5.walmartimages.com/asr/cb134fdb-9122-4c49-b201-e256ccecc409_1.05a96e3f19c733147cd82d4c5ad897f3.jpeg?odnWidth=612&odnHeight=612&odnBg=ffffff",
        "tags": [
            [
                "Computer Cleaners",
                "/browse/office-supplies/computer-cleaners/1229749_1070964_1072399"
            ],
            [
                "Cash Registers",
                "/browse/office-supplies/cash-registers/1229749_2447475_6494636_1085031"
            ],
            [
                "Projectors & Presentation Equipment",
                "/browse/office-supplies/projectors-presentation-equipment/1229749_5041772_130472"
            ],
            [
                "Walkie Talkies & 2-Way Radios",
                "/browse/office-supplies/walkie-talkies-2-way-radios/1229749_1070964_3977_164120"
            ],
            [
                "Internet Phone Products (VoIP)",
                "/browse/office-supplies/internet-phone-products-voip/1229749_1070964_3977_164222"
            ],
            [
                "Video Presenters",
                "/browse/office-supplies/video-presenters/1229749_5041772_4239530"
            ],
            [
                "Label Makers",
                "/browse/office-supplies/label-makers/1229749_4339346_5500982"
            ],
            [
                "All Phones",
                "/browse/office-supplies/all-phones/1229749_1070964_3977_77478"
            ]
        ]
    },
    {
        "title": "SanDisk 64GB Ultra USB 3.0 Flash Drive - 130MB/s - SDCZ48-064G-AW46",
        "url": "https://www.walmart.com/ip/SanDisk-64GB-Ultra-USB-3-0-Flash-Drive-130MB-s-SDCZ48-064G-AW46/52079118",
        "price": "$14.10",
        "stars": "4.5",
        "ratings": "24 ",
        "img": "i5.walmartimages.com/asr/88963e44-d822-4377-a35b-7ea3ee6da701_1.1adca1274d0a4acf21ca222f84d5b1aa.jpeg?odnWidth=612&odnHeight=612&odnBg=ffffff",
        "tags": [
            [
                "Hard Drives & Storage",
                "/browse/electronics/hard-drives-storage/3944_3951_1073804_514537"
            ],
            [
                "SanDisk Hard Drives",
                "/browse/electronics/sandisk-hard-drives/3944_3951_132959_5146908"
            ],
            [
                "WD External Hard Drives",
                "/browse/electronics/wd-external-hard-drives/3944_3951_132959_1956376_6422919"
            ],
            [
                "All External Hard Drives",
                "/browse/electronics/all-external-hard-drives/3944_3951_132959_1956376_7955905"
            ],
            [
                "1TB External Hard Drives",
                "/browse/electronics/1tb-external-hard-drives/3944_3951_132959_1956376_8153914"
            ],
            [
                "Solid State Drives",
                "/browse/electronics/solid-state-drives/3944_3951_1073804_9168964"
            ],
            [
                "onn. Computer Accessories",
                "/browse/electronics/onn-computer-accessories/3944_7838866_3004279_2376133_9826274"
            ]
        ]
    },
    {
        "title": "Drafting Chair Tall Office Chair Adjustable Height with Lumbar Support Arms Footrest Mid Back Desk Chair Swivel Rolling Mesh Computer Chair for Adults Standing Desk Drafting Stool(Black)",
        "url": "https://www.walmart.com/ip/Drafting-Chair-Tall-Office-Adjustable-Height-Lumbar-Support-Arms-Footrest-Mid-Back-Desk-Swivel-Rolling-Mesh-Computer-Adults-Standing-Stool-Black/354167167",
        "price": "$79.99",
        "stars": "3.9",
        "ratings": "7 ",
        "img": "i5.walmartimages.com/asr/2c74568d-53b3-4b0b-a05d-4cff8d128085.6b6fd516f1fa7e6339a21a2c8a4536b2.jpeg?odnWidth=612&odnHeight=612&odnBg=ffffff",
        "tags": [
            [
                "Sewing Tables",
                "/browse/arts-crafts-sewing/sewing-tables/1334134_1094704_1030599"
            ],
            [
                "Craft & Hobby Storage Bags & Cases",
                "/browse/arts-crafts-sewing/craft-hobby-storage-bags-cases/1334134_6355365_1285843_1335039"
            ],
            [
                "Mixed Media Paper",
                "/browse/arts-crafts-sewing/mixed-media-paper/1334134_5899871_9677556_1680813"
            ],
            [
                "Paper Mache",
                "/browse/arts-crafts-sewing/paper-mache/1334134_6172404_8479577_1944101"
            ],
            [
                "Drafting Tables",
                "/browse/arts-crafts-sewing/drafting-tables/1334134_6355365_5190638"
            ],
            [
                "All Beading and Jewelry Making",
                "/browse/arts-crafts-sewing/all-beading-jewelry-making/1334134_4533160_6262436"
            ],
            [
                "Beading Kits",
                "/browse/arts-crafts-sewing/beading-kits/1334134_4533160_9799323_6322647"
            ],
            [
                "Scrapbooking Embellishments",
                "/browse/arts-crafts-sewing/scrapbooking-embellishments/1334134_8495017_8268489"
            ]
        ]
    },
    {
        "title": "Plantronics M90 Bluetooth Wireless Universal Headset HD Audio - Shiny Black (Renewed)",
        "url": "https://www.walmart.com/ip/Plantronics-M90-Bluetooth-Wireless-Universal-Headset-HD-Audio-Shiny-Black-Renewed/489646589",
        "price": "$21.99",
        "stars": "4.0",
        "ratings": "24 ",
        "img": "i5.walmartimages.com/asr/e457b4ab-f57a-4963-b43f-60e962318042_1.1869dec2d1bee7bde924979e1ca2acb5.jpeg?odnWidth=612&odnHeight=612&odnBg=ffffff",
        "tags": [
            [
                "Plantronics Headsets",
                "/browse/cell-phones/plantronics-headsets/1105910_133161_9253164_5692065_1982311"
            ],
            [
                "Jabra Headsets",
                "/browse/cell-phones/jabra-headsets/1105910_133161_9253164_5692065_2626643"
            ],
            [
                "All Phone Headsets",
                "/browse/cell-phones/all-phone-headsets/1105910_133161_9253164_3195015"
            ],
            [
                "Wired Headsets",
                "/browse/cell-phones/wired-headsets/1105910_133161_9253164_4800447"
            ],
            [
                "Motorola Phone Car Accessories",
                "/browse/cell-phones/motorola-phone-car-accessories/1105910_133161_9140496_9514638_6415858"
            ],
            [
                "Motorola Headsets",
                "/browse/cell-phones/motorola-headsets/1105910_133161_9253164_5692065_7435190"
            ],
            [
                "Mophie Power Banks",
                "/browse/cell-phones/mophie-power-banks/1105910_133161_1087421_7881465"
            ],
            [
                "Blueparrott Headsets",
                "/browse/cell-phones/blueparrott-headsets/1105910_133161_9253164_5692065_9020102"
            ]
        ]
    },
    {
        "title": "White Micro USB 3.0 to USB Charge and Sync Data Cable for Samsung Galaxy S5/ Galaxy Note 3 (1M/3FT) - Super Duper Fast!!",
        "url": "https://www.walmart.com/ip/White-Micro-USB-3-0-to-USB-Charge-and-Sync-Data-Cable-for-Samsung-Galaxy-S5-Galaxy-Note-3-1M-3FT-Super-Duper-Fast/162341779",
        "price": "$7.00",
        "stars": "4.4",
        "ratings": "16 ",
        "img": "i5.walmartimages.com/asr/434dba71-2e76-4919-b0ac-d035e5b2c475_1.658d19f7862c6559fd6b73ded997ac2f.jpeg?odnWidth=612&odnHeight=612&odnBg=ffffff",
        "tags": [
            [
                "Battery Extenders",
                "/browse/cell-phones/battery-extenders/1105910_133161_1072307"
            ],
            [
                "Samsung Phone Chargers",
                "/browse/cell-phones/samsung-phone-chargers/1105910_133161_9140496_4701125_1280477"
            ],
            [
                "Micro USB Cable",
                "/browse/cell-phones/micro-usb-cable/1105910_133161_1072306_5756081_2033340"
            ],
            [
                "All Phone Chargers",
                "/browse/cell-phones/all-phone-chargers/1105910_133161_1072306_7133056"
            ],
            [
                "Phone Wall Power Adapters",
                "/browse/cell-phones/phone-wall-power-adapters/1105910_133161_7453243_7991519"
            ],
            [
                "Lightning Cable",
                "/browse/cell-phones/lightning-cable/1105910_133161_1072306_1791370_8216443"
            ]
        ]
    },
    {
        "title": "onn. Mini and Micro HDMI to HDMI Adapter Black",
        "url": "https://www.walmart.com/ip/onn-Mini-and-Micro-HDMI-to-HDMI-Adapter-Black/881189922",
        "price": "$16.88",
        "stars": "4.3",
        "ratings": "28 ",
        "img": "i5.walmartimages.com/asr/34ca14b6-52cd-44be-be02-7d4fa1a69695.d9c95f38f5ac743707e5e88a6146ab3b.jpeg?odnWidth=612&odnHeight=612&odnBg=ffffff",
        "tags": [
            [
                "Speaker Cables & Connectors",
                "/browse/electronics/speaker-cables-connectors/3944_77622_8375901_1230415_1230431_1076626"
            ],
            [
                "onn. Phone Cables",
                "/browse/electronics/onn-phone-cables/3944_7838866_3004279_2376133_9766217_1898577"
            ],
            [
                "HDMI to VGA Adapters",
                "/browse/electronics/hdmi-to-vga-adapters/3944_1060825_133270_7412812_2745067"
            ],
            [
                "HDMI Cables",
                "/browse/electronics/hdmi-cables/3944_1060825_133270_7412812_3534100"
            ],
            [
                "TV Cables & Connectors",
                "/browse/electronics/tv-cables-connectors/3944_1060825_133270_4537"
            ],
            [
                "onn. Camera Accessories",
                "/browse/electronics/onn-camera-accessories/3944_133277_132913_4323092_5259738"
            ],
            [
                "onn. TV & Video Accessories",
                "/browse/electronics/onn-tv-video-accessories/3944_7838866_3004279_2376133_9766217_6428762"
            ],
            [
                "onn. Computer Accessories",
                "/browse/electronics/onn-computer-accessories/3944_7838866_3004279_2376133_9826274"
            ]
        ]
    },
    {
        "title": "NETGEAR N300 (8x4) WiFi Cable Modem Router Combo C3000, DOCSIS 3.0 | Certified for Xfinity by Comcast, Spectrum, COX & more (C3000)",
        "url": "https://www.walmart.com/ip/NETGEAR-N300-8x4-WiFi-Cable-Modem-Router-Combo-C3000-DOCSIS-3-0-Certified-for-Xfinity-by-Comcast-Spectrum-COX-more-C3000/36009476",
        "price": "$108.00",
        "stars": "4.5",
        "ratings": "481 ",
        "img": "",
        "tags": [
            [
                "Modems",
                "/browse/electronics/modems/3944_3951_126297_126304"
            ],
            [
                "Gateway Routers for Light Internet Use",
                "/browse/electronics/gateway-routers-for-light-internet-use/3944_3951_126297_1073784_1565724_1805764"
            ],
            [
                "Netgear",
                "/browse/electronics/netgear/3944_4131277_3248764"
            ],
            [
                "Gateway Routers for Moderate Internet Use",
                "/browse/electronics/gateway-routers-for-moderate-internet-use/3944_3951_126297_1073784_1565724_3660101"
            ],
            [
                "Traditional Routers for Light Internet Use",
                "/browse/electronics/traditional-routers-for-light-internet-use/3944_3951_126297_1073784_5450801_6360281"
            ],
            [
                "Smart Network Hubs & Routers that work with Google Assistant",
                "/browse/electronics/smart-network-hubs-routers-that-work-with-google-assistant/3944_1229875_9259047_6761149"
            ],
            [
                "Traditional Routers for Moderate Internet Use",
                "/browse/electronics/traditional-routers-for-moderate-internet-use/3944_3951_126297_1073784_5450801_9769523"
            ]
        ]
    },
    {
        "title": "Linksys EA6350 AC1200+ Dual-Band Wi-Fi Router",
        "url": "https://www.walmart.com/ip/Linksys-EA6350-AC1200-Dual-Band-Wi-Fi-Router/38296395",
        "price": "$62.80",
        "stars": "3.8",
        "ratings": "437 ",
        "img": "",
        "tags": [
            [
                "Father's Day Electronics",
                "/browse/seasonal/fathers-day-electronics/1085632_1094344_2365074"
            ],
            [
                "Connected Dorm Room",
                "/browse/seasonal/connected-dorm-room/1085632_8174172_6292484_2548864"
            ],
            [
                "Shop All Glass",
                "/browse/seasonal/shop-all-glass/1085632_1071204_4976191"
            ],
            [
                "Mother's Day Electronics Gifts",
                "/browse/seasonal/mothers-day-electronics-gifts/1085632_1093554_5742102"
            ],
            [
                "Audio",
                "/browse/seasonal/audio/1085632_8174172_6292484_5759323"
            ],
            [
                "Electronics",
                "/browse/seasonal/electronics/1085632_7330718_7288624"
            ],
            [
                "Electronics Gifts for Grads",
                "/browse/seasonal/electronics-gifts-for-grads/1085632_1105121_7594959"
            ],
            [
                "Back to School Home Audio Visual",
                "/browse/seasonal/back-to-school-home-audio-visual/1085632_1071204_7767149_8665149"
            ]
        ]
    },
    {
        "title": "WiFi Range Extender 300Mbps Wireless Repeater Internet Signal Booster 2.4GHz Amplifier for High Speed Long Range",
        "url": "https://www.walmart.com/ip/WiFi-Range-Extender-300Mbps-Wireless-Repeater-Internet-Signal-Booster-2-4GHz-Amplifier-for-High-Speed-Long-Range/277963881",
        "price": "$15.59",
        "stars": "4.1",
        "ratings": "8 ",
        "img": "",
        "tags": [
            [
                "Connected Dorm Room",
                "/browse/seasonal/connected-dorm-room/1085632_8174172_6292484_2548864"
            ],
            [
                "Tax Free Apparel Tech & School Supplies",
                "/browse/tax-free-apparel-tech-school-supplies/1085632_3096686"
            ],
            [
                "Tax Free Apparel & School Supplies",
                "/browse/tax-free-apparel-school-supplies/1085632_4861825"
            ],
            [
                "Mother's Day Electronics Gifts",
                "/browse/seasonal/mothers-day-electronics-gifts/1085632_1093554_5742102"
            ],
            [
                "Audio",
                "/browse/seasonal/audio/1085632_8174172_6292484_5759323"
            ],
            [
                "Tax Free Shop All",
                "/browse/tax-free-shop-all/1085632_6767877"
            ],
            [
                "Electronics Gifts for Grads",
                "/browse/seasonal/electronics-gifts-for-grads/1085632_1105121_7594959"
            ],
            [
                "Last Minute Gifts",
                "/browse/last-minute-gifts/1085632_7803702"
            ]
        ]
    },
    {
        "title": "Razer Naga Trinity: RGB Chroma Enable - Gaming Mouse",
        "url": "https://www.walmart.com/ip/Razer-Naga-Trinity-RGB-Chroma-Enable-Gaming-Mouse/470618698",
        "price": "$65.72",
        "stars": "4.5",
        "ratings": "35 ",
        "img": "i5.walmartimages.com/asr/b92450e8-7f4b-446f-934d-dcb9f3f7da40_1.befc67155c9ab7f719a3d5c148387d89.jpeg?odnWidth=612&odnHeight=612&odnBg=ffffff",
        "tags": [
            [
                "Wireless Mouse",
                "/browse/electronics/wireless-mouse/3944_3951_132959_1008621_4842284_164214"
            ],
            [
                "Mouse Pads & Wrist Rests",
                "/browse/electronics/mouse-pads-wrist-rests/3944_3951_132959_1008621_4842284_4718636"
            ],
            [
                "Wired Mouse",
                "/browse/electronics/wired-mouse/3944_3951_132959_1008621_4842284_7047428"
            ],
            [
                "Razer",
                "/browse/electronics/razer/3944_4131277_8032453"
            ],
            [
                "PC Gaming Keyboards",
                "/browse/electronics/pc-gaming-keyboards/3944_3951_7052607_9433123_9135152"
            ],
            [
                "Gaming Mouse",
                "/browse/electronics/gaming-mouse/3944_3951_132959_1008621_4842284_9144425"
            ],
            [
                "Ergonomic & Trackball Mouse",
                "/browse/electronics/ergonomic-trackball-mouse/3944_3951_132959_1008621_4842284_9354061"
            ]
        ]
    }
]