[
    {
        "title": "Insten 65W 19V 3.42A AC Adapter charger Power Supply Cord for Acer Chromebook 15 14 13 11 C720 Aspire P3 S5 S7 V3 R3 R5 One Cloudbook AO1 AO1-431 Iconia Spin Swift Switch Laptop Replacement Charger",
        "url": "https://www.walmart.com/ip/Insten-65W-19V-3-42A-AC-Adapter-charger-Power-Supply-Cord-Acer-Chromebook-15-14-13-11-C720-Aspire-P3-S5-S7-V3-R3-R5-One-Cloudbook-AO1-AO1-431-Iconia-/227405969",
        "price": "$12.48",
        "stars": "4.0",
        "ratings": "30 ",
        "img": "i5.walmartimages.com/asr/2728161b-55ae-43a7-9b37-705dc0ff7ba6_1.7542db00c6906f7b80f0472fae912c34.jpeg?odnWidth=612&odnHeight=612&odnBg=ffffff",
        "tags": [
            [
                "Batteries & Chargers",
                "/browse/electronics/batteries-chargers/3944_96469_133271_1072786"
            ],
            [
                "Cables & Connectors",
                "/browse/electronics/cables-connectors/3944_96469_133271_1072824"
            ],
            [
                "Acer",
                "/browse/electronics/acer/3944_6007298_1469597_5602761"
            ],
            [
                "Computer Power Supplies",
                "/browse/electronics/computer-power-supplies/3944_3951_1073804_5964844"
            ],
            [
                "Premium Business Computers",
                "/browse/electronics/premium-business-computers/3944_3951_4991337_8613603"
            ],
            [
                "Shop All onn.",
                "/browse/electronics/shop-all-onn/3944_7838866_3004279_2376133_9354764"
            ],
            [
                "All Acer",
                "/browse/electronics/all-acer/3944_4131277_3769940_9709474"
            ],
            [
                "onn. Computer Accessories",
                "/browse/electronics/onn-computer-accessories/3944_7838866_3004279_2376133_9826274"
            ]
        ]
    },
    {
        "title": "Acer LED monitor Full HD (1080p) 21.5\" - K222HQL",
        "url": "https://www.walmart.com/ip/Acer-LED-monitor-Full-HD-1080p-21-5-K222HQL/177106913",
        "price": "$79.00",
        "stars": "3.5",
        "ratings": "6 ",
        "img": "",
        "tags": [
            [
                "LCD Monitors",
                "/browse/electronics/lcd-monitors/3944_3951_1230331_1230335"
            ],
            [
                "LED Monitors",
                "/browse/electronics/led-monitors/3944_3951_1230331_1230336"
            ],
            [
                "HP Accessories",
                "/browse/electronics/hp-accessories/3944_4131277_7559616_5365608"
            ],
            [
                "22 Inch Computer Monitors",
                "/browse/electronics/22-inch-computer-monitors/3944_3951_1230331_7157038_5400044"
            ],
            [
                "Acer",
                "/browse/electronics/acer/3944_6007298_1469597_5602761"
            ],
            [
                "24 Inch Computer Monitor",
                "/browse/electronics/24-inch-computer-monitor/3944_3951_1230331_7157038_7431668"
            ],
            [
                "20 Inch Computer Monitor",
                "/browse/electronics/20-inch-computer-monitor/3944_3951_1230331_7157038_8458193"
            ],
            [
                "All Acer",
                "/browse/electronics/all-acer/3944_4131277_3769940_9709474"
            ]
        ]
    },
    {
        "title": "Insten Wrist Comfort Mouse Pad with Wrist Rest for Optical / Trackball Mouse, Blue",
        "url": "https://www.walmart.com/ip/Insten-Wrist-Comfort-Mouse-Pad-with-Wrist-Rest-for-Optical-Trackball-Mouse-Blue/28882657",
        "price": "$5.99",
        "stars": "4.0",
        "ratings": "62 ",
        "img": "i5.walmartimages.com/asr/5e9c9b02-6123-45fd-b39d-5321ae0e97ef_1.9e4dfcc097d6bea53b9ee8155dc46cd1.jpeg?odnWidth=612&odnHeight=612&odnBg=ffffff",
        "tags": [
            [
                "Wireless Mouse",
                "/browse/electronics/wireless-mouse/3944_3951_132959_1008621_4842284_164214"
            ],
            [
                "HP Accessories",
                "/browse/electronics/hp-accessories/3944_4131277_7559616_5365608"
            ],
            [
                "PC Gaming Mouse & Mouse Pads",
                "/browse/electronics/pc-gaming-mouse-mouse-pads/3944_3951_7052607_9433123_6377687"
            ],
            [
                "Wired Mouse",
                "/browse/electronics/wired-mouse/3944_3951_132959_1008621_4842284_7047428"
            ],
            [
                "Only at Walmart Electronics",
                "/browse/electronics/only-at-walmart-electronics/3944_7838866_7148103"
            ],
            [
                "Ergonomic & Trackball Mouse",
                "/browse/electronics/ergonomic-trackball-mouse/3944_3951_132959_1008621_4842284_9354061"
            ],
            [
                "onn. Computer Accessories",
                "/browse/electronics/onn-computer-accessories/3944_7838866_3004279_2376133_9826274"
            ]
        ]
    },
    {
        "title": "Apple Magic Keyboard with Numeric Keypad - US English",
        "url": "https://www.walmart.com/ip/Apple-Magic-Keyboard-with-Numeric-Keypad-US-English/577905008",
        "price": "$119.00",
        "stars": "4.3",
        "ratings": "26 ",
        "img": "i5.walmartimages.com/asr/fc0d0f98-1d4a-470a-8308-da37b053bc04_1.c9d837aa352e65005f56397a01246eff.jpeg?odnWidth=612&odnHeight=612&odnBg=ffffff",
        "tags": [
            [
                "iPad Keyboards",
                "/browse/electronics/ipad-keyboards/3944_1078524_1084930_1230408"
            ],
            [
                "Wireless Mouse",
                "/browse/electronics/wireless-mouse/3944_3951_132959_1008621_4842284_164214"
            ],
            [
                "Apple",
                "/browse/electronics/apple/3944_4131277_4253599"
            ],
            [
                "Wireless Keyboards",
                "/browse/electronics/wireless-keyboards/3944_3951_132959_1008621_7450208_4442"
            ],
            [
                "Headphones",
                "/browse/electronics/headphones/3944_133251_1095191_4480"
            ],
            [
                "Premium Computer Accessories",
                "/browse/electronics/premium-computer-accessories/3944_3951_4991337_4954263_5240299"
            ],
            [
                "Wired Mouse",
                "/browse/electronics/wired-mouse/3944_3951_132959_1008621_4842284_7047428"
            ],
            [
                "Wired Keyboards",
                "/browse/electronics/wired-keyboards/3944_3951_132959_1008621_7450208_9661112"
            ]
        ]
    },
    {
        "title": "Brother Printer LC2033PKS Mult",
        "url": "https://www.walmart.com/ip/Brother-Printer-LC2033PKS-Mult/38668984",
        "price": "$32.99",
        "stars": "4.8",
        "ratings": "68 ",
        "img": "",
        "tags": [
            [
                "Laser Printers",
                "/browse/electronics/laser-printers/3944_3951_37807_163957_2058579"
            ],
            [
                "Inkjet Printers",
                "/browse/electronics/inkjet-printers/3944_3951_37807_163957_2713574"
            ],
            [
                "Brother Printers",
                "/browse/electronics/brother-printers/3944_4131277_8298959_3298126"
            ],
            [
                "All-in-One Printers",
                "/browse/electronics/all-in-one-printers/3944_3951_37807_163957_4175270"
            ],
            [
                "Brother Printer Ink and Toner",
                "/browse/electronics/brother-printer-ink-toner/3944_4131277_8298959_6104760"
            ],
            [
                "Brother Printer January 2020",
                "/browse/electronics/brother-printer-january-2020/3944_3951_37807_163957_7958696"
            ],
            [
                "Printer Toner",
                "/browse/electronics/printer-toner/3944_3951_37807_8910633"
            ]
        ]
    },
    {
        "title": "2.5\" SATA USB 3.0 1TB External Hard Drives Portable Desktop Mobile Hard Disk Box",
        "url": "https://www.walmart.com/ip/2-5-SATA-USB-3-0-1TB-External-Hard-Drives-Portable-Desktop-Mobile-Hard-Disk-Box/541295775",
        "price": "$12.39",
        "stars": "4.0",
        "ratings": "4 ",
        "img": "i5.walmartimages.com/asr/ced67b37-2c70-4125-8e29-613758980e45_1.4e261eec62628e4a52f678500040fe86.jpeg?odnWidth=612&odnHeight=612&odnBg=ffffff",
        "tags": [
            [
                "Hard Drive Accessories",
                "/browse/electronics/hard-drive-accessories/3944_3951_1073804_1075964"
            ],
            [
                "2TB External Hard Drives",
                "/browse/electronics/2tb-external-hard-drives/3944_3951_132959_1956376_2388631"
            ],
            [
                "Toshiba Hard Drives",
                "/browse/electronics/toshiba-hard-drives/3944_3951_132959_2977552"
            ],
            [
                "Seagate External Hard Drives",
                "/browse/electronics/seagate-external-hard-drives/3944_3951_132959_1956376_3011786"
            ],
            [
                "Hard Drives & Storage",
                "/browse/electronics/hard-drives-storage/3944_3951_1073804_514537"
            ],
            [
                "WD External Hard Drives",
                "/browse/electronics/wd-external-hard-drives/3944_3951_132959_1956376_6422919"
            ],
            [
                "1TB External Hard Drives",
                "/browse/electronics/1tb-external-hard-drives/3944_3951_132959_1956376_8153914"
            ]
        ]
    },
    {
        "title": "Linksys EA7500 Max-Stream AC1900 MU-MIMO Gigabit Wi-Fi Router",
        "url": "https://www.walmart.com/ip/Linksys-EA7500-Max-Stream-AC1900-MU-MIMO-Gigabit-Wi-Fi-Router/49910740",
        "price": "$118.00",
        "stars": "4.4",
        "ratings": "325 ",
        "img": "i5.walmartimages.com/asr/03a991c5-7a6f-463b-aa31-19909dca625a_1.735c222fcbf59d5c48ed9aab5153b42c.jpeg?odnWidth=612&odnHeight=612&odnBg=ffffff",
        "tags": [
            [
                "Access Points, Hubs & Switches",
                "/browse/electronics/access-points-hubs-switches/3944_3951_126297_1074147"
            ],
            [
                "Netgear",
                "/browse/electronics/netgear/3944_4131277_3248764"
            ],
            [
                "Netgear Routers",
                "/browse/electronics/netgear-routers/3944_3951_126297_4436654"
            ],
            [
                "Linksys Velop",
                "/browse/electronics/linksys-velop/3944_3951_126297_4739608"
            ],
            [
                "Linksys Routers",
                "/browse/electronics/linksys-routers/3944_3951_126297_5931166"
            ],
            [
                "Traditional Routers for Light Internet Use",
                "/browse/electronics/traditional-routers-for-light-internet-use/3944_3951_126297_1073784_5450801_6360281"
            ],
            [
                "Smart Network Hubs & Routers that work with Google Assistant",
                "/browse/electronics/smart-network-hubs-routers-that-work-with-google-assistant/3944_1229875_9259047_6761149"
            ],
            [
                "Traditional Routers for Moderate Internet Use",
                "/browse/electronics/traditional-routers-for-moderate-internet-use/3944_3951_126297_1073784_5450801_9769523"
            ]
        ]
    },
    {
        "title": "Logitech HD Pro Webcam C920, Widescreen Video Calling and Recording, 1080p Camera, Desktop or Laptop Webcam",
        "url": "https://www.walmart.com/ip/Logitech-HD-Pro-Webcam-C920-Widescreen-Video-Calling-and-Recording-1080p-Camera-Desktop-or-Laptop-Webcam/671718678",
        "price": "$98.99",
        "stars": "4.0",
        "ratings": "8 ",
        "img": "i5.walmartimages.com/asr/76b6333f-042c-4ae0-a4e4-83491c604bf3.0e6592c095ae09af30208c715f901ca5.jpeg?odnWidth=612&odnHeight=612&odnBg=ffffff",
        "tags": [
            [
                "Wireless Home Speakers",
                "/browse/electronics/wireless-home-speakers/3944_77622_8375901_1230415_1230429"
            ],
            [
                "Nintendo",
                "/browse/electronics/nintendo/3944_4131277_3137068"
            ],
            [
                "All Camcorders",
                "/browse/electronics/all-camcorders/3944_133277_4549"
            ],
            [
                "Webcams",
                "/browse/electronics/webcams/3944_1229875_6357978_5718781_9232158_7208431"
            ],
            [
                "Razer",
                "/browse/electronics/razer/3944_4131277_8032453"
            ],
            [
                "PC Gaming Keyboards",
                "/browse/electronics/pc-gaming-keyboards/3944_3951_7052607_9433123_9135152"
            ]
        ]
    },
    {
        "title": "Logitech M720 Triathlon Multi-Computer Wireless Mouse",
        "url": "https://www.walmart.com/ip/Logitech-M720-Triathlon-Multi-Computer-Wireless-Mouse/55541168",
        "price": "$38.58",
        "stars": "4.4",
        "ratings": "155 ",
        "img": "",
        "tags": [
            [
                "Wireless Keyboards",
                "/browse/electronics/wireless-keyboards/3944_3951_132959_1008621_7450208_4442"
            ],
            [
                "Wireless Keyboard & Mouse Combos",
                "/browse/electronics/wireless-keyboard-mouse-combos/3944_3951_132959_1008621_7197407_5672621"
            ],
            [
                "PC Gaming Mouse & Mouse Pads",
                "/browse/electronics/pc-gaming-mouse-mouse-pads/3944_3951_7052607_9433123_6377687"
            ],
            [
                "Wired Mouse",
                "/browse/electronics/wired-mouse/3944_3951_132959_1008621_4842284_7047428"
            ],
            [
                "Razer",
                "/browse/electronics/razer/3944_4131277_8032453"
            ],
            [
                "Ergonomic & Trackball Mouse",
                "/browse/electronics/ergonomic-trackball-mouse/3944_3951_132959_1008621_4842284_9354061"
            ],
            [
                "Wired Keyboards",
                "/browse/electronics/wired-keyboards/3944_3951_132959_1008621_7450208_9661112"
            ]
        ]
    },
    {
        "title": "Lenovo USB-C 65W AC Adapter (UL) - 65 W Output - 5 V DC Output Voltage - USB",
        "url": "https://www.walmart.com/ip/Lenovo-USB-C-65W-AC-Adapter-UL-65-W-Output-5-V-DC-Output-Voltage-USB/388433282",
        "price": "$21.00",
        "stars": "4.7",
        "ratings": "239 ",
        "img": "",
        "tags": [
            [
                "Cables & Connectors",
                "/browse/electronics/cables-connectors/3944_96469_133271_1072824"
            ],
            [
                "Speaker Cables & Connectors",
                "/browse/electronics/speaker-cables-connectors/3944_77622_8375901_1230415_1230431_1076626"
            ],
            [
                "Lenovo",
                "/browse/electronics/lenovo/3944_4131277_3008179"
            ],
            [
                "Memory Upgrades",
                "/browse/electronics/memory-upgrades/3944_3951_1073804_423298"
            ],
            [
                "Computer Power Supplies",
                "/browse/electronics/computer-power-supplies/3944_3951_1073804_5964844"
            ],
            [
                "PC Gaming Keyboards",
                "/browse/electronics/pc-gaming-keyboards/3944_3951_7052607_9433123_9135152"
            ],
            [
                "Shop All onn.",
                "/browse/electronics/shop-all-onn/3944_7838866_3004279_2376133_9354764"
            ],
            [
                "onn. Computer Accessories",
                "/browse/electronics/onn-computer-accessories/3944_7838866_3004279_2376133_9826274"
            ]
        ]
    }
]