[
    {
        "title": "SADES ME333 Gaming Headset GT Stereo HiFi Gaming Headset Headphone with Microphone for PS4 Xbox360 PC Mac SmartPhone",
        "url": "https://www.walmart.com/ip/SADES-ME333-Gaming-Headset-GT-Stereo-HiFi-Gaming-Headset-Headphone-with-Microphone-for-PS4-Xbox360-PC-Mac-SmartPhone/190081550",
        "price": "$19.94",
        "stars": "3.9",
        "ratings": "168 ",
        "img": "i5.walmartimages.com/asr/1954f865-8b58-4a90-a301-3d8c613d90ba_1.b005c6155ddd59210a760ed53d157570.jpeg?odnWidth=612&odnHeight=612&odnBg=ffffff",
        "tags": [
            [
                "Over-Ear and On-Ear Headphones",
                "/browse/electronics/over-ear-on-ear-headphones/3944_133251_1095191_1230614_1230477"
            ],
            [
                "All PC Microphones",
                "/browse/electronics/all-pc-microphones/3944_3951_132959_645320_424722"
            ],
            [
                "Headphones",
                "/browse/electronics/headphones/3944_133251_1095191_4480"
            ],
            [
                "Noise Cancelling Headsets",
                "/browse/electronics/noise-cancelling-headsets/3944_3951_132959_6834263_6829460_4906098"
            ],
            [
                "All PC Headsets",
                "/browse/electronics/all-pc-headsets/3944_3951_132959_6834263_6829460_5849297"
            ],
            [
                "Sony",
                "/browse/electronics/sony/3944_4131277_7675262"
            ],
            [
                "Razer",
                "/browse/electronics/razer/3944_4131277_8032453"
            ]
        ]
    },
    {
        "title": "AGPTEK 3.5mm Male Jack to USB and Data Cable for SYRYN Waterproof MP3 Player, Headphones, Black",
        "url": "https://www.walmart.com/ip/AGPTEK-3-5mm-Male-Jack-to-USB-and-Data-Cable-for-SYRYN-Waterproof-MP3-Player-Headphones-Black/387700796",
        "price": "$8.99",
        "stars": "4.3",
        "ratings": "23 ",
        "img": "i5.walmartimages.com/asr/bea37098-ab4c-4854-bb86-a55cfe6cc426_1.6acbd46b981c7c291b83dca61c43f9c2.png?odnWidth=612&odnHeight=612&odnBg=ffffff",
        "tags": []
    },
    {
        "title": "Canon, CNMPGI280XLPBK, PG-280 XL Pigment Black Ink Cartridge, 1 Each",
        "url": "https://www.walmart.com/ip/Canon-CNMPGI280XLPBK-PG-280-XL-Pigment-Black-Ink-Cartridge-1-Each/452363677",
        "price": "$24.99",
        "stars": "4.9",
        "ratings": "8 ",
        "img": "i5.walmartimages.com/asr/8e144252-633c-4f4e-b8a3-7eb8babcaf1e_1.c0dd1d4effe5f8f7889e8fb1c293ac11.jpeg?odnWidth=612&odnHeight=612&odnBg=ffffff",
        "tags": [
            [
                "Cables & Connectors",
                "/browse/electronics/cables-connectors/3944_96469_133271_1072824"
            ],
            [
                "Inkjet Printers",
                "/browse/electronics/inkjet-printers/3944_3951_37807_163957_2713574"
            ],
            [
                "HP Printer Ink and Toner",
                "/browse/electronics/hp-printer-ink-toner/3944_4131277_7559616_3252233"
            ],
            [
                "All-in-One Printers",
                "/browse/electronics/all-in-one-printers/3944_3951_37807_163957_4175270"
            ],
            [
                "Brother Printer Ink and Toner",
                "/browse/electronics/brother-printer-ink-toner/3944_4131277_8298959_6104760"
            ],
            [
                "Canon",
                "/browse/electronics/canon/3944_4131277_7135121"
            ],
            [
                "Canon Printer",
                "/browse/electronics/canon-printer/3944_3951_37807_163957_7855987"
            ]
        ]
    },
    {
        "title": "3 Pack 10ft, 6ft, 4ft, Micro USB FAST Charging Charger Data Cable Cord For Samsung Galaxy S7 Active, S7 Edge, Note 5/4, S6, J7 V, J7 PRO, J7 Sky Pro, Perx Prime, J3 Aura Orbit Emerge Eclipse",
        "url": "https://www.walmart.com/ip/3-Pack-10ft-6ft-4ft-Micro-USB-FAST-Charging-Charger-Data-Cable-Cord-For-Samsung-Galaxy-S7-Active-Edge-Note-5-4-S6-J7-V-PRO-Sky-Pro-Perx-Prime-J3-Aura/571257410",
        "price": "$10.98",
        "stars": "3.8",
        "ratings": "24 ",
        "img": "i5.walmartimages.com/asr/5d1a922e-1a03-4b59-999b-a670cac987d9_1.6045d22fa7d03902fb67c7fe88d49798.jpeg?odnWidth=612&odnHeight=612&odnBg=ffffff",
        "tags": [
            [
                "Micro USB Cable",
                "/browse/cell-phones/micro-usb-cable/1105910_133161_1072306_5756081_2033340"
            ],
            [
                "Apple Phone Chargers",
                "/browse/cell-phones/apple-phone-chargers/1105910_133161_1072306_5297453_5115891"
            ],
            [
                "iPhone Adapter and Cables",
                "/browse/cell-phones/iphone-adapter-cables/1105910_133161_1024881_6193872"
            ],
            [
                "Apple Phone Cables",
                "/browse/cell-phones/apple-phone-cables/1105910_133161_6842958_4335636_7121255"
            ],
            [
                "All Phone Chargers",
                "/browse/cell-phones/all-phone-chargers/1105910_133161_1072306_7133056"
            ],
            [
                "Lightning Cable",
                "/browse/cell-phones/lightning-cable/1105910_133161_1072306_1791370_8216443"
            ]
        ]
    },
    {
        "title": "Bluetooth Headphones Over Ear, LUXMO Wireless Noise Cancelling Headphones Foldable Stereo Headset with Mic, Rechargeable Headphones Handsfree Headphones for PC, Laptops and Smartphones",
        "url": "https://www.walmart.com/ip/Bluetooth-Headphones-Over-Ear-LUXMO-Wireless-Noise-Cancelling-Foldable-Stereo-Headset-Mic-Rechargeable-Handsfree-PC-Laptops-Smartphones/514555021",
        "price": "$20.99",
        "stars": "4.0",
        "ratings": "4 ",
        "img": "i5.walmartimages.com/asr/7f1ea788-3503-4919-b455-bc0213d00298.371dd7dc7c3fba349f38bf327bf4909d.jpeg?odnWidth=612&odnHeight=612&odnBg=ffffff",
        "tags": [
            [
                "Portable Audio",
                "/browse/electronics/portable-audio/3944_96469_1037719"
            ],
            [
                "Over-Ear and On-Ear Headphones",
                "/browse/electronics/over-ear-on-ear-headphones/3944_133251_1095191_1230614_1230477"
            ],
            [
                "Wireless and Bluetooth Headphones",
                "/browse/electronics/wireless-bluetooth-headphones/3944_133251_1095191_1230614_1230478"
            ],
            [
                "Beats by Dr. Dre Headphones",
                "/browse/electronics/beats-by-dr-dre-headphones/3944_133251_1095191_1231498_1231499"
            ],
            [
                "Apple",
                "/browse/electronics/apple/3944_4131277_4253599"
            ],
            [
                "Electronics Tax Time",
                "/browse/electronics-tax-time/3944_4439225"
            ],
            [
                "Beats by Dr. Dre",
                "/browse/electronics/beats-by-dr-dre/3944_4131277_6072226"
            ],
            [
                "True Wireless Headphones",
                "/browse/electronics/true-wireless-headphones/3944_133251_1095191_1230614_8443225"
            ]
        ]
    },
    {
        "title": "AMD Ryzen 5 2600 6-Core 3.9 GHz AM4 Processor",
        "url": "https://www.walmart.com/ip/AMD-Ryzen-5-2600-6-Core-3-9-GHz-AM4-Processor/312473574",
        "price": "$140.09",
        "stars": "4.2",
        "ratings": "30 ",
        "img": "i5.walmartimages.com/asr/3616f20a-9729-4fc6-b469-a25fdd2871a6_1.e79f10b07e57ad4f72079fe410c1a471.png?odnWidth=612&odnHeight=612&odnBg=ffffff",
        "tags": [
            [
                "Cases & Towers",
                "/browse/electronics/cases-towers/3944_3951_1073804_1023540"
            ],
            [
                "Graphics Cards",
                "/browse/electronics/graphics-cards/3944_3951_1073804_1043744"
            ],
            [
                "Motherboards",
                "/browse/electronics/motherboards/3944_3951_1073804_1074085"
            ],
            [
                "PC Gaming Graphic Cards",
                "/browse/electronics/pc-gaming-graphic-cards/3944_3951_7052607_9101511_3909958"
            ],
            [
                "Memory Upgrades",
                "/browse/electronics/memory-upgrades/3944_3951_1073804_423298"
            ],
            [
                "Computer Power Supplies",
                "/browse/electronics/computer-power-supplies/3944_3951_1073804_5964844"
            ],
            [
                "PC Gaming Motherboards",
                "/browse/electronics/pc-gaming-motherboards/3944_3951_7052607_9101511_7636880"
            ],
            [
                "MSI",
                "/browse/electronics/msi/3944_4131277_9578028"
            ]
        ]
    },
    {
        "title": "Verbatim, VER94834, 4X DVD+RW Rewritable Discs Spindle, 30, Silver",
        "url": "https://www.walmart.com/ip/Verbatim-VER94834-4X-DVD-RW-Rewritable-Discs-Spindle-30-Silver/12321796",
        "price": "$21.43",
        "stars": "4.8",
        "ratings": "143 ",
        "img": "i5.walmartimages.com/asr/613d9670-f886-4fdd-a94f-deff7ec604b1_1.544ca476696bb45747502d5c71227e86.jpeg?odnWidth=612&odnHeight=612&odnBg=ffffff",
        "tags": [
            [
                "Blank Cassettes",
                "/browse/electronics/blank-cassettes/3944_96469_1043563"
            ],
            [
                "CD & Media Storage",
                "/browse/electronics/cd-media-storage/3944_3951_132959_645319_106546"
            ],
            [
                "DVR & DVD Recorders",
                "/browse/electronics/dvr-dvd-recorders/3944_77622_7549938_1229631_1225174"
            ],
            [
                "CD Players",
                "/browse/electronics/cd-players/3944_96469_4534"
            ],
            [
                "USB Flash Drives",
                "/browse/electronics/usb-flash-drives/3944_3951_132959_529295"
            ],
            [
                "HP Accessories",
                "/browse/electronics/hp-accessories/3944_4131277_7559616_5365608"
            ],
            [
                "DVD & Blu-ray Players",
                "/browse/electronics/dvd-blu-ray-players/3944_77622_7549938_1229631_95987"
            ]
        ]
    },
    {
        "title": "Dell Optiplex 7010 Desktop Computer - Intel Core i7 3.8GHz, 16GB DDR3, New 1TB SSD, Windows 10 Pro 64-Bit, WiFi, USB 3.0, DVDRW, 2X Display Port",
        "url": "https://www.walmart.com/ip/Dell-Optiplex-7010-Desktop-Computer-Intel-Core-i7-3-8GHz-16GB-DDR3-New-1TB-SSD-Windows-10-Pro-64-Bit-WiFi-USB-3-0-DVDRW-2X-Display-Port/349216088",
        "price": "$339.95",
        "stars": "3.7",
        "ratings": "6 ",
        "img": "",
        "tags": [
            [
                "Desktop PC Towers with Monitor",
                "/browse/electronics/desktop-pc-towers-with-monitor/3944_3951_132982_1231068_1172201"
            ],
            [
                "Business Desktops",
                "/browse/electronics/business-desktops/3944_3951_132982_1231068_1230173"
            ],
            [
                "HP Desktop Computers",
                "/browse/electronics/hp-desktop-computers/3944_3951_132982_1230175_1230176"
            ],
            [
                "Dell Desktop Computers",
                "/browse/electronics/dell-desktop-computers/3944_3951_132982_1230175_1230177"
            ],
            [
                "All Desktop Computers",
                "/browse/electronics/all-desktop-computers/3944_3951_132982_1231618"
            ],
            [
                "Dell",
                "/browse/electronics/dell/3944_4131277_1297820"
            ],
            [
                "HP Desktops",
                "/browse/electronics/hp-desktops/3944_4131277_7559616_6220103"
            ],
            [
                "All Dell",
                "/browse/electronics/all-dell/3944_4131277_8535837"
            ]
        ]
    },
    {
        "title": "SanDisk Ultra CZ48 256GB USB 3.0 Flash Drive SDCZ48-256G",
        "url": "https://www.walmart.com/ip/SanDisk-Ultra-CZ48-256GB-USB-3-0-Flash-Drive-SDCZ48-256G/522678945",
        "price": "$39.94",
        "stars": "4.8",
        "ratings": "30 ",
        "img": "i5.walmartimages.com/asr/bde8496b-d295-4c12-ac34-05b900965eb3_1.fc90ae559b7045898b408277d5ef5c6e.jpeg?odnWidth=612&odnHeight=612&odnBg=ffffff",
        "tags": [
            [
                "2TB External Hard Drives",
                "/browse/electronics/2tb-external-hard-drives/3944_3951_132959_1956376_2388631"
            ],
            [
                "Hard Drives & Storage",
                "/browse/electronics/hard-drives-storage/3944_3951_1073804_514537"
            ],
            [
                "SanDisk Hard Drives",
                "/browse/electronics/sandisk-hard-drives/3944_3951_132959_5146908"
            ],
            [
                "WD External Hard Drives",
                "/browse/electronics/wd-external-hard-drives/3944_3951_132959_1956376_6422919"
            ],
            [
                "All External Hard Drives",
                "/browse/electronics/all-external-hard-drives/3944_3951_132959_1956376_7955905"
            ],
            [
                "Solid State Drives",
                "/browse/electronics/solid-state-drives/3944_3951_1073804_9168964"
            ],
            [
                "onn. Computer Accessories",
                "/browse/electronics/onn-computer-accessories/3944_7838866_3004279_2376133_9826274"
            ]
        ]
    },
    {
        "title": "USB Headset with Microphone Noise Cancelling & Audio Controls, Wideband Computer Headphones Fits for Business UC Skype Lync Softphone Call Center Office, Clearer Voice, Super Light, Ultra Comfort",
        "url": "https://www.walmart.com/ip/USB-Headset-Microphone-Noise-Cancelling-Audio-Controls-Wideband-Computer-Headphones-Fits-Business-UC-Skype-Lync-Softphone-Call-Center-Office-Clearer-/982737005",
        "price": "$13.97",
        "stars": "3.0",
        "ratings": "2 ",
        "img": "i5.walmartimages.com/asr/8de15adb-3c24-43f3-bf27-4c7f4f117c00.bb7bf963326de68f883bf04cc1ba3cbc.jpeg?odnWidth=612&odnHeight=612&odnBg=ffffff",
        "tags": [
            [
                "Over-Ear and On-Ear Headphones",
                "/browse/electronics/over-ear-on-ear-headphones/3944_133251_1095191_1230614_1230477"
            ],
            [
                "Wireless and Bluetooth Headphones",
                "/browse/electronics/wireless-bluetooth-headphones/3944_133251_1095191_1230614_1230478"
            ],
            [
                "All PC Microphones",
                "/browse/electronics/all-pc-microphones/3944_3951_132959_645320_424722"
            ],
            [
                "Headphones",
                "/browse/electronics/headphones/3944_133251_1095191_4480"
            ],
            [
                "All PC Headsets",
                "/browse/electronics/all-pc-headsets/3944_3951_132959_6834263_6829460_5849297"
            ],
            [
                "PC Gaming Headsets",
                "/browse/electronics/pc-gaming-headsets/3944_3951_7052607_9433123_6790712"
            ],
            [
                "Razer",
                "/browse/electronics/razer/3944_4131277_8032453"
            ]
        ]
    }
]