[
    {
        "title": "HD 1080P Webcam, Built-in Noise-Cancelling Microphone Stream Webcam with 110\u00b0 Wide Angle Lens for Video Conferencing, Online Work, Home Office, YouTube, Recording and Streaming, Plug and Play",
        "url": "https://www.walmart.com/ip/HD-1080P-Webcam-Built-in-Noise-Cancelling-Microphone-Stream-Webcam-110-Wide-Angle-Lens-Video-Conferencing-Online-Work-Home-Office-YouTube-Recording-S/708387861",
        "price": "$18.97",
        "stars": "3.9",
        "ratings": "12 ",
        "img": "i5.walmartimages.com/asr/cb021513-3401-4c50-8fc0-993caa78457a.ff5a4136cb728594bc0c3460ba46e43d.jpeg?odnWidth=612&odnHeight=612&odnBg=ffffff",
        "tags": [
            [
                "Surveillance Cameras",
                "/browse/electronics/surveillance-cameras/3944_133277_1224850"
            ],
            [
                "Wireless Cameras",
                "/browse/electronics/wireless-cameras/3944_1229875_6357978_5718781_9232158_2852655"
            ],
            [
                "All Camcorders",
                "/browse/electronics/all-camcorders/3944_133277_4549"
            ],
            [
                "Laptop Stands",
                "/browse/electronics/laptop-stands/3944_3951_132959_4680327"
            ],
            [
                "Webcam Privacy Covers",
                "/browse/electronics/webcam-privacy-covers/3944_3951_1089430_1230184_7005593"
            ],
            [
                "Webcams",
                "/browse/electronics/webcams/3944_1229875_6357978_5718781_9232158_7208431"
            ]
        ]
    },
    {
        "title": "Fujifilm Instax Mini 7S Instant Camera (with 10-pack film) - White",
        "url": "https://www.walmart.com/ip/Fujifilm-Instax-Mini-7S-Instant-Camera-with-10-pack-film-White/20512790",
        "price": "$59.00",
        "stars": "4.6",
        "ratings": "365 ",
        "img": "",
        "tags": [
            [
                "Point & Shoot Cameras",
                "/browse/electronics/point-shoot-cameras/3944_133277_1166834"
            ],
            [
                "Fujifilm Cameras",
                "/browse/electronics/fujifilm-cameras/3944_133277_1231331_1231335"
            ],
            [
                "Camera Bags & Cases",
                "/browse/electronics/camera-bags-cases/3944_133277_132913_978661_3591695"
            ],
            [
                "All Cameras",
                "/browse/electronics/all-cameras/3944_133277_4468"
            ],
            [
                "Fujifilm Instax",
                "/browse/electronics/fujifilm-instax/3944_133277_1231331_5022517"
            ],
            [
                "Fujifilm",
                "/browse/electronics/fujifilm/3944_4131277_7767956"
            ],
            [
                "Polaroid Film & Camera Film",
                "/browse/electronics/polaroid-film-camera-film/3944_133277_132913_7818657"
            ]
        ]
    },
    {
        "title": "Wireless IP Camera HD 1080P WiFi 5X ZOOM CCTV Outdoor Home Security IR Webcam US",
        "url": "https://www.walmart.com/ip/Wireless-IP-Camera-HD-1080P-WiFi-5X-ZOOM-CCTV-Outdoor-Home-Security-IR-Webcam-US/280143929",
        "price": "$28.89",
        "stars": "5.0",
        "ratings": "1 ",
        "img": "",
        "tags": [
            [
                "Garage Door Openers",
                "/browse/home-improvement/garage-door-openers/1072864_1067618_1230774_1044059"
            ],
            [
                "Doorbells",
                "/browse/home-improvement/doorbells/1072864_1067612_1230759_1067613_1067789"
            ],
            [
                "Motion Detectors",
                "/browse/home-improvement/motion-detectors/1072864_1068865_1231087_1231006"
            ],
            [
                "Security Lighting",
                "/browse/home-improvement/security-lighting/1072864_1068865_1231087_1231012"
            ],
            [
                "Monitors & Displays",
                "/browse/home-improvement/monitors-displays/1072864_1068865_1231087_1231010_1231015"
            ],
            [
                "Home Alarm Systems",
                "/browse/home-improvement/home-alarm-systems/1072864_1068865_1231001_1231086"
            ],
            [
                "All Door Hardware",
                "/browse/home-improvement/all-door-hardware/1072864_1067612_1230759_4223545"
            ],
            [
                "All Home Security",
                "/browse/home-improvement/all-home-security/1072864_1068865_971281"
            ]
        ]
    },
    {
        "title": "ULTRA MAX 400 35mm Color Film Roll",
        "url": "https://www.walmart.com/ip/ULTRA-MAX-400-35mm-Color-Film-Roll/191001571",
        "price": "$9.58",
        "stars": "5.0",
        "ratings": "1 ",
        "img": "i5.walmartimages.com/asr/7a583faa-2f2d-4a89-b92e-d4660f25e0bb_1.1d9a89fe239df924b174cefcdb2abccb.jpeg?odnWidth=612&odnHeight=612&odnBg=ffffff",
        "tags": [
            [
                "Instant Film Cameras",
                "/browse/electronics/instant-film-cameras/3944_133277_1070984"
            ],
            [
                "Camera Bags & Cases",
                "/browse/electronics/camera-bags-cases/3944_133277_132913_978661_3591695"
            ],
            [
                "Polaroid Cameras",
                "/browse/electronics/polaroid-cameras/3944_133277_1231331_4402585"
            ],
            [
                "All Cameras",
                "/browse/electronics/all-cameras/3944_133277_4468"
            ],
            [
                "Other Camera Accessories",
                "/browse/electronics/other-camera-accessories/3944_133277_132913_4539"
            ],
            [
                "Fujifilm Instax",
                "/browse/electronics/fujifilm-instax/3944_133277_1231331_5022517"
            ],
            [
                "Fujifilm",
                "/browse/electronics/fujifilm/3944_4131277_7767956"
            ]
        ]
    },
    {
        "title": "Lightning to SD Card Camera Reader, Certified Tail Camera Card Reader for Hunting for Apple iPhone / iPad (UPGRADED VERSION) - White",
        "url": "https://www.walmart.com/ip/Lightning-to-SD-Card-Camera-Reader-Certified-Tail-Camera-Card-Reader-for-Hunting-for-Apple-iPhone-iPad-UPGRADED-VERSION-White/949442816",
        "price": "$14.99",
        "stars": "3.8",
        "ratings": "20 ",
        "img": "",
        "tags": [
            [
                "Hubs & USB Gadgets",
                "/browse/electronics/hubs-usb-gadgets/3944_3951_132959_1074266"
            ],
            [
                "Apple Accessories",
                "/browse/electronics/apple-accessories/3944_1229722_1230413"
            ],
            [
                "USB Wireless Network Adapters",
                "/browse/electronics/usb-wireless-network-adapters/3944_3951_126297_232899"
            ],
            [
                "Premium Computer Accessories",
                "/browse/electronics/premium-computer-accessories/3944_3951_4991337_4954263_5240299"
            ],
            [
                "onn. Camera Accessories",
                "/browse/electronics/onn-camera-accessories/3944_133277_132913_4323092_5259738"
            ],
            [
                "All Computer Cables & Connectors",
                "/browse/electronics/all-computer-cables-connectors/3944_3951_132959_4463_6477783"
            ],
            [
                "USB Computer Cable",
                "/browse/electronics/usb-computer-cable/3944_3951_132959_4463_7257264"
            ]
        ]
    },
    {
        "title": "Arlo Pro 2 1080P HD Security Camera System VMS4230P - 2 Wire-Free Rechargeable Battery Cameras with Two-Way Audio, Indoor/Outdoor, Night Vision, Motion Detection, Activity Zones, 3-Second Look Back",
        "url": "https://www.walmart.com/ip/Arlo-Pro-2-1080P-HD-Security-Camera-System-VMS4230P-Wire-Free-Rechargeable-Battery-Cameras-Two-Way-Audio-Indoor-Outdoor-Night-Vision-Motion-Detection/419265817",
        "price": "$329.99",
        "stars": "4.2",
        "ratings": "33 ",
        "img": "i5.walmartimages.com/asr/dd2ff806-b2cd-4142-831a-fc6dbdc738a6_1.8fbbe8558cf75d0704037c3ce1e52976.jpeg?odnWidth=612&odnHeight=612&odnBg=ffffff",
        "tags": [
            [
                "Surveillance Cameras",
                "/browse/electronics/surveillance-cameras/3944_133277_1224850"
            ],
            [
                "IFTTT Compatible",
                "/browse/electronics/ifttt-compatible/3944_1229875_3363825_1528848"
            ],
            [
                "Arlo",
                "/browse/electronics/arlo/3944_4131277_3210925"
            ],
            [
                "Arlo Pro 2",
                "/browse/electronics/arlo-pro-2/3944_1229875_6357978_5718781_9232158_3294897"
            ],
            [
                "Indoor Security Cameras",
                "/browse/electronics/indoor-security-cameras/3944_1229875_6357978_5718781_9232158_4993152"
            ],
            [
                "Smart Security Cameras",
                "/browse/electronics/smart-security-cameras/3944_1229875_6357978_5718781_9232158_7064887"
            ],
            [
                "Smart Surveillance Cameras & Motion Detectors that work with Google Assistant",
                "/browse/electronics/smart-surveillance-cameras-motion-detectors-that-work-with-google-assistant/3944_1229875_9259047_9295408"
            ],
            [
                "Arlo Security Cameras",
                "/browse/electronics/arlo-security-cameras/3944_1229875_6357978_5718781_9232158_9316834"
            ]
        ]
    },
    {
        "title": "HD IP Camera Wireless Home Security Camera 360\u00b0 WI-FI Cloud Camera Two Way Audio Night Vision CCTV Camera",
        "url": "https://www.walmart.com/ip/HD-IP-Camera-Wireless-Home-Security-Camera-360-WI-FI-Cloud-Camera-Two-Way-Audio-Night-Vision-CCTV-Camera/967013450",
        "price": "$28.99",
        "stars": "3.2",
        "ratings": "33 ",
        "img": "i5.walmartimages.com/asr/e47b2b40-a1e6-40ef-807f-f9e94510f517_1.9a3c15e1f0cfe48edaea78176863c72c.jpeg?odnWidth=612&odnHeight=612&odnBg=ffffff",
        "tags": [
            [
                "Doorbells",
                "/browse/home-improvement/doorbells/1072864_1067612_1230759_1067613_1067789"
            ],
            [
                "Motion Detectors",
                "/browse/home-improvement/motion-detectors/1072864_1068865_1231087_1231006"
            ],
            [
                "Security Lighting",
                "/browse/home-improvement/security-lighting/1072864_1068865_1231087_1231012"
            ],
            [
                "Monitors & Displays",
                "/browse/home-improvement/monitors-displays/1072864_1068865_1231087_1231010_1231015"
            ],
            [
                "Home Alarm Systems",
                "/browse/home-improvement/home-alarm-systems/1072864_1068865_1231001_1231086"
            ],
            [
                "All Door Hardware",
                "/browse/home-improvement/all-door-hardware/1072864_1067612_1230759_4223545"
            ],
            [
                "Garage Door Opener Parts",
                "/browse/home-improvement/garage-door-opener-parts/1072864_1067618_5820918"
            ],
            [
                "All Home Security",
                "/browse/home-improvement/all-home-security/1072864_1068865_971281"
            ]
        ]
    },
    {
        "title": "Andoer 4K 1080P 48MP WiFi Digital Video Camera Camcorder Recorder with 0.39X Wide Angle Macro Lens External Microphone Novatek 96660 Chip 3inch Capacitive Touchscreen IR Infrared Night Sight",
        "url": "https://www.walmart.com/ip/Andoer-4K-1080P-48MP-WiFi-Digital-Video-Camera-Camcorder-Recorder-0-39X-Wide-Angle-Macro-Lens-External-Microphone-Novatek-96660-Chip-3inch-Capacitive/959482702",
        "price": "$139.89",
        "stars": "4.2",
        "ratings": "9 ",
        "img": "i5.walmartimages.com/asr/ed73616d-09b7-477f-98da-bab6ec430dcf_1.1dc1611ff89780e020f39f5ff5818780.jpeg?odnWidth=612&odnHeight=612&odnBg=ffffff",
        "tags": [
            [
                "Sports & Action Camcorders",
                "/browse/electronics/sports-action-camcorders/3944_133277_1100765"
            ],
            [
                "Point & Shoot Cameras",
                "/browse/electronics/point-shoot-cameras/3944_133277_1166834"
            ],
            [
                "Waterproof Cameras",
                "/browse/electronics/waterproof-cameras/3944_133277_1166835"
            ],
            [
                "Sony Cameras",
                "/browse/electronics/sony-cameras/3944_133277_1231331_1231334"
            ],
            [
                "Kodak Cameras",
                "/browse/electronics/kodak-cameras/3944_133277_1231331_1231337"
            ],
            [
                "Traditional Camcorders",
                "/browse/electronics/traditional-camcorders/3944_133277_1230700_1231340"
            ],
            [
                "Camcorder Microphones",
                "/browse/electronics/camcorder-microphones/3944_133277_1231377_1231390"
            ],
            [
                "All Cameras",
                "/browse/electronics/all-cameras/3944_133277_4468"
            ]
        ]
    },
    {
        "title": "Fujifilm Instax Mini 9 Camera Ice Blue + Accessories kit for Fujifilm Instax Mini 9 Camera Includes; Instant camera + Fuji Instax Film (20 PK) + Sky Camera Case + Frames + Selfie lens + Album And More",
        "url": "https://www.walmart.com/ip/Fujifilm-Instax-Mini-9-Camera-Ice-Blue-Accessories-kit-Includes-Instant-camera-Fuji-Film-20-PK-Sky-Case-Frames-Selfie-lens-Album-And-More/963102823",
        "price": "$97.99",
        "stars": "4.4",
        "ratings": "31 ",
        "img": "i5.walmartimages.com/asr/8702622a-9cd4-488c-b60f-9866f7d01779_1.e7ed01abb26b8fad50da08df6f22d86e.jpeg?odnWidth=612&odnHeight=612&odnBg=ffffff",
        "tags": [
            [
                "Instant Film Cameras",
                "/browse/electronics/instant-film-cameras/3944_133277_1070984"
            ],
            [
                "Point & Shoot Cameras",
                "/browse/electronics/point-shoot-cameras/3944_133277_1166834"
            ],
            [
                "Fujifilm Cameras",
                "/browse/electronics/fujifilm-cameras/3944_133277_1231331_1231335"
            ],
            [
                "Camera Bags & Cases",
                "/browse/electronics/camera-bags-cases/3944_133277_132913_978661_3591695"
            ],
            [
                "All Cameras",
                "/browse/electronics/all-cameras/3944_133277_4468"
            ],
            [
                "Fujifilm",
                "/browse/electronics/fujifilm/3944_4131277_7767956"
            ],
            [
                "Polaroid Film & Camera Film",
                "/browse/electronics/polaroid-film-camera-film/3944_133277_132913_7818657"
            ]
        ]
    },
    {
        "title": "2020 New Limited Edition Aerial Drone Professional HD4069P 4K 90\u00b0 Adjustable Camera Folding Drone Wireless Wifi 360 Degree Roll FPV Selfie RC Drone Quadcopters RTF",
        "url": "https://www.walmart.com/ip/2020-New-Limited-Edition-Aerial-Drone-Professional-HD4069P-4K-90-Adjustable-Camera-Folding-Wireless-Wifi-360-Degree-Roll-FPV-Selfie-RC-Quadcopters-RT/573119022",
        "price": "$39.99",
        "stars": "2.2",
        "ratings": "6 ",
        "img": "",
        "tags": []
    }
]