[
    {
        "title": "Sceptre 55\" Class 4K UHD LED TV HDR U550CV-U",
        "url": "https://www.walmart.com/ip/Sceptre-55-Class-4K-UHD-LED-TV-HDR-U550CV-U/46784939",
        "price": "$239.99",
        "stars": "3.9",
        "ratings": "4315 ",
        "img": "",
        "tags": [
            [
                "4K Ultra HDTVs",
                "/browse/electronics/4k-ultra-hdtvs/3944_1060825_3289709_1180168"
            ],
            [
                "Smart TVs",
                "/browse/electronics/smart-tvs/3944_1060825_1229815_1229817"
            ],
            [
                "LED TVs",
                "/browse/electronics/led-tvs/3944_1060825_1229815_1229821"
            ],
            [
                "55 Inch TVs",
                "/browse/electronics/55-inch-tvs/3944_1060825_2489948_3168047"
            ],
            [
                "50 Inch TVs",
                "/browse/electronics/50-inch-tvs/3944_1060825_2489948_5472490"
            ],
            [
                "4K HDR TVs",
                "/browse/electronics/4k-hdr-tvs/3944_1060825_1229815_6853163"
            ],
            [
                "Only at Walmart Electronics",
                "/browse/electronics/only-at-walmart-electronics/3944_7838866_7148103"
            ],
            [
                "Roku TVs",
                "/browse/electronics/roku-tvs/3944_1060825_1229815_9085580"
            ]
        ]
    },
    {
        "title": "RCA 32\" Class HD (720P) LED TV (RLDED3258A)",
        "url": "https://www.walmart.com/ip/RCA-32-Class-HD-720P-LED-TV-RLDED3258A/54898730",
        "price": "$84.99",
        "stars": "4.2",
        "ratings": "1718 ",
        "img": "i5.walmartimages.com/asr/3e94a10b-b889-4ecc-9d2c-ace12aa95341_3.997ddf1d59b9786ad1f38ccc1e1f5b4e.jpeg?odnWidth=612&odnHeight=612&odnBg=ffffff",
        "tags": [
            [
                "LED TVs",
                "/browse/electronics/led-tvs/3944_1060825_1229815_1229821"
            ],
            [
                "RCA",
                "/browse/electronics/rca/3944_4131277_1776549"
            ],
            [
                "RCA 32 Inch TVs",
                "/browse/electronics/rca-32-inch-tvs/3944_1060825_7006231_5436110"
            ],
            [
                "Sceptre TVs",
                "/browse/electronics/sceptre-tvs/3944_1060825_1939756_5735890"
            ],
            [
                "720 Resolution HDTVs",
                "/browse/electronics/720-resolution-hdtvs/3944_1060825_3289709_6343657"
            ],
            [
                "32 Inch TVs",
                "/browse/electronics/32-inch-tvs/3944_1060825_2489948_7156390"
            ],
            [
                "Sceptre",
                "/browse/electronics/sceptre/3944_4131277_9297591"
            ],
            [
                "RCA TVs",
                "/browse/electronics/rca-tvs/3944_1060825_1939756_9947264"
            ]
        ]
    },
    {
        "title": "RCA 50\" Class 4K Ultra HD (2160P) LED TV (RLDED5098-UHD)",
        "url": "https://www.walmart.com/ip/RCA-50-Class-4K-Ultra-HD-2160P-LED-TV-RLDED5098-UHD/54898727",
        "price": "$219.99",
        "stars": "3.9",
        "ratings": "1254 ",
        "img": "i5.walmartimages.com/asr/e45bc40e-5810-415e-a092-b3348b2b754c_1.efcdbbad0a6340ec186037e5ac2f0cda.jpeg?odnWidth=612&odnHeight=612&odnBg=ffffff",
        "tags": [
            [
                "4K Ultra HDTVs",
                "/browse/electronics/4k-ultra-hdtvs/3944_1060825_3289709_1180168"
            ],
            [
                "Smart TVs",
                "/browse/electronics/smart-tvs/3944_1060825_1229815_1229817"
            ],
            [
                "LED TVs",
                "/browse/electronics/led-tvs/3944_1060825_1229815_1229821"
            ],
            [
                "RCA",
                "/browse/electronics/rca/3944_4131277_1776549"
            ],
            [
                "4K RCA TVs",
                "/browse/electronics/4k-rca-tvs/3944_1060825_9465212_3089811"
            ],
            [
                "50 Inch TVs",
                "/browse/electronics/50-inch-tvs/3944_1060825_2489948_5472490"
            ],
            [
                "Roku TVs",
                "/browse/electronics/roku-tvs/3944_1060825_1229815_9085580"
            ],
            [
                "RCA TVs",
                "/browse/electronics/rca-tvs/3944_1060825_1939756_9947264"
            ]
        ]
    },
    {
        "title": "RCA 65\" Class 4K Ultra HD (2160P) LED TV (RTU6549)",
        "url": "https://www.walmart.com/ip/RCA-65-Class-4K-Ultra-HD-2160P-LED-TV-RTU6549/55540605",
        "price": "$369.99",
        "stars": "3.7",
        "ratings": "607 ",
        "img": "i5.walmartimages.com/asr/4152e103-8373-4d2a-b7e7-3d3fd3b4e288_1.b945593f29f640a55df89623f2b0eb7c.jpeg?odnWidth=612&odnHeight=612&odnBg=ffffff",
        "tags": [
            [
                "4K Ultra HDTVs",
                "/browse/electronics/4k-ultra-hdtvs/3944_1060825_3289709_1180168"
            ],
            [
                "LED TVs",
                "/browse/electronics/led-tvs/3944_1060825_1229815_1229821"
            ],
            [
                "RCA",
                "/browse/electronics/rca/3944_4131277_1776549"
            ],
            [
                "4K RCA TVs",
                "/browse/electronics/4k-rca-tvs/3944_1060825_9465212_3089811"
            ],
            [
                "65 Inch TVs",
                "/browse/electronics/65-inch-tvs/3944_1060825_2489948_3421074"
            ],
            [
                "4K HDR TVs",
                "/browse/electronics/4k-hdr-tvs/3944_1060825_1229815_6853163"
            ],
            [
                "RCA 65 Inch TVs",
                "/browse/electronics/rca-65-inch-tvs/3944_1060825_7006231_7107354"
            ],
            [
                "RCA TVs",
                "/browse/electronics/rca-tvs/3944_1060825_1939756_9947264"
            ]
        ]
    },
    {
        "title": "Sceptre 43\" Class 1080P FHD LED TV X435BV-F",
        "url": "https://www.walmart.com/ip/Sceptre-43-Class-1080P-FHD-LED-TV-X435BV-F/698772381",
        "price": "$149.99",
        "stars": "4.1",
        "ratings": "1129 ",
        "img": "i5.walmartimages.com/asr/4aec06b3-20b5-4ece-8b23-fbf78bbdd445_2.fe38b7e9faaec9be274d1bc4fad3cac2.jpeg?odnWidth=612&odnHeight=612&odnBg=ffffff",
        "tags": [
            [
                "LED TVs",
                "/browse/electronics/led-tvs/3944_1060825_1229815_1229821"
            ],
            [
                "40 Inch TVs",
                "/browse/electronics/40-inch-tvs/3944_1060825_2489948_2996127"
            ],
            [
                "Sceptre TVs",
                "/browse/electronics/sceptre-tvs/3944_1060825_1939756_5735890"
            ],
            [
                "43 Inch TVs",
                "/browse/electronics/43-inch-tvs/3944_1060825_2489948_5999833"
            ],
            [
                "720 Resolution HDTVs",
                "/browse/electronics/720-resolution-hdtvs/3944_1060825_3289709_6343657"
            ],
            [
                "32 Inch TVs",
                "/browse/electronics/32-inch-tvs/3944_1060825_2489948_7156390"
            ],
            [
                "1080 Resolution HDTVs",
                "/browse/electronics/1080-resolution-hdtvs/3944_1060825_3289709_7918505"
            ],
            [
                "Sceptre",
                "/browse/electronics/sceptre/3944_4131277_9297591"
            ]
        ]
    },
    {
        "title": "RCA 55\" Class 4K Ultra HD (2160P) HDR Roku Smart LED TV (RTRU5527-W)",
        "url": "https://www.walmart.com/ip/RCA-55-Class-4K-Ultra-HD-2160P-HDR-Roku-Smart-LED-TV-RTRU5527-W/813012685",
        "price": "$279.99",
        "stars": "4.2",
        "ratings": "595 ",
        "img": "i5.walmartimages.com/asr/6cc170ed-9df6-4994-8401-498d688bdca6_1.86aa4a836db9fee83305f10a139b79ca.jpeg?odnWidth=612&odnHeight=612&odnBg=ffffff",
        "tags": [
            [
                "4K Ultra HDTVs",
                "/browse/electronics/4k-ultra-hdtvs/3944_1060825_3289709_1180168"
            ],
            [
                "LED TVs",
                "/browse/electronics/led-tvs/3944_1060825_1229815_1229821"
            ],
            [
                "RCA",
                "/browse/electronics/rca/3944_4131277_1776549"
            ],
            [
                "4K RCA TVs",
                "/browse/electronics/4k-rca-tvs/3944_1060825_9465212_3089811"
            ],
            [
                "55 Inch TVs",
                "/browse/electronics/55-inch-tvs/3944_1060825_2489948_3168047"
            ],
            [
                "4K HDR TVs",
                "/browse/electronics/4k-hdr-tvs/3944_1060825_1229815_6853163"
            ],
            [
                "Roku TVs",
                "/browse/electronics/roku-tvs/3944_1060825_1229815_9085580"
            ],
            [
                "RCA TVs",
                "/browse/electronics/rca-tvs/3944_1060825_1939756_9947264"
            ]
        ]
    },
    {
        "title": "SAMSUNG 40\" Class FHD (1080P) Smart LED TV UN40N5200 (2019 Model)",
        "url": "https://www.walmart.com/ip/SAMSUNG-40-Class-FHD-1080P-Smart-LED-TV-UN40N5200-2019-Model/697559735",
        "price": null,
        "stars": "4.6",
        "ratings": "997 ",
        "img": "i5.walmartimages.com/asr/f193075a-e1b9-405b-9b84-f1ea97a61f6c_1.b75ef5d998f996e32d919d2057cb3da7.jpeg?odnWidth=612&odnHeight=612&odnBg=ffffff",
        "tags": [
            [
                "Smart TVs",
                "/browse/electronics/smart-tvs/3944_1060825_1229815_1229817"
            ],
            [
                "LED TVs",
                "/browse/electronics/led-tvs/3944_1060825_1229815_1229821"
            ],
            [
                "VIZIO",
                "/browse/electronics/vizio/3944_4131277_2035783"
            ],
            [
                "40 Inch TVs",
                "/browse/electronics/40-inch-tvs/3944_1060825_2489948_2996127"
            ],
            [
                "All Vizio TVs",
                "/browse/electronics/all-vizio-tvs/3944_1060825_2044181_5198414"
            ],
            [
                "VIZIO Smart TVs",
                "/browse/electronics/vizio-smart-tvs/3944_1060825_7985618_5794698"
            ],
            [
                "1080 Resolution HDTVs",
                "/browse/electronics/1080-resolution-hdtvs/3944_1060825_3289709_7918505"
            ],
            [
                "Vizio TVs All Sizes",
                "/browse/electronics/vizio-tvs-all-sizes/3944_1060825_7006231_8850404"
            ]
        ]
    },
    {
        "title": "SAMSUNG 65\" Class 4K Crystal UHD (2160P) LED Smart TV with HDR UN65TU8200 2020",
        "url": "https://www.walmart.com/ip/SAMSUNG-65-Class-4K-Crystal-UHD-2160P-LED-Smart-TV-with-HDR-UN65TU8200-2020/502994017",
        "price": "$698.00",
        "stars": "4.6",
        "ratings": "1806 ",
        "img": "i5.walmartimages.com/asr/d8d2442a-a3ba-46ce-ac84-59e82f4a234c.a48519f23fe1aaa14ea85a6196e4b204.jpeg?odnWidth=612&odnHeight=612&odnBg=ffffff",
        "tags": [
            [
                "4K Ultra HDTVs",
                "/browse/electronics/4k-ultra-hdtvs/3944_1060825_3289709_1180168"
            ],
            [
                "Smart TVs",
                "/browse/electronics/smart-tvs/3944_1060825_1229815_1229817"
            ],
            [
                "Samsung Smart TVs",
                "/browse/electronics/samsung-smart-tvs/3944_1060825_7985618_1658369"
            ],
            [
                "65 Inch TVs",
                "/browse/electronics/65-inch-tvs/3944_1060825_2489948_3421074"
            ],
            [
                "4K Samsung TVs",
                "/browse/electronics/4k-samsung-tvs/3944_1060825_9465212_6776711"
            ],
            [
                "4K HDR TVs",
                "/browse/electronics/4k-hdr-tvs/3944_1060825_1229815_6853163"
            ],
            [
                "Samsung TVs",
                "/browse/electronics/samsung-tvs/3944_1060825_1939756_7136694"
            ],
            [
                "Samsung UHD Smart TVs",
                "/browse/electronics/samsung-uhd-smart-tvs/3944_1060825_2044181_2603009_4838636_9548238"
            ]
        ]
    },
    {
        "title": "Roku Premiere HD/4K/HDR Streaming Media Player, Simple Remote and Premium HDMI Cable",
        "url": "https://www.walmart.com/ip/Roku-Premiere-HD-4K-HDR-Streaming-Media-Player-Simple-Remote-and-Premium-HDMI-Cable/886364048",
        "price": "$27.00",
        "stars": "4.5",
        "ratings": "11052 ",
        "img": "i5.walmartimages.com/asr/93c3099e-d407-4d8f-9c7c-677a0ff16d84.b085b08aa1b3db95bcc9b0ce05d14ec5.jpeg?odnWidth=612&odnHeight=612&odnBg=ffffff",
        "tags": [
            [
                "Streaming Devices",
                "/browse/electronics/streaming-devices/3944_77622_7549938_1229631_1085065"
            ],
            [
                "4K Ultra HDTVs",
                "/browse/electronics/4k-ultra-hdtvs/3944_1060825_3289709_1180168"
            ],
            [
                "LED TVs",
                "/browse/electronics/led-tvs/3944_1060825_1229815_1229821"
            ],
            [
                "Google Home Compatible",
                "/browse/electronics/google-home-compatible/3944_1229875_3363825_7103376"
            ],
            [
                "Only at Walmart Electronics",
                "/browse/electronics/only-at-walmart-electronics/3944_7838866_7148103"
            ],
            [
                "Roku Ultra",
                "/browse/electronics/roku-ultra/3944_77622_7549938_1229631_7205812"
            ],
            [
                "Roku",
                "/browse/electronics/roku/3944_4131277_8296010"
            ],
            [
                "Roku TVs",
                "/browse/electronics/roku-tvs/3944_1060825_1229815_9085580"
            ]
        ]
    },
    {
        "title": "SAMSUNG 32\" Class FHD (1080P) Smart LED TV (UN32N5300)",
        "url": "https://www.walmart.com/ip/SAMSUNG-32-Class-FHD-1080P-Smart-LED-TV-UN32N5300/172813797",
        "price": "$237.99",
        "stars": "4.5",
        "ratings": "514 ",
        "img": "i5.walmartimages.com/asr/2b2943fd-73d6-4d7b-9c54-e22db0c660f1_4.e79d68ec3a718064170de6cbd82e6030.jpeg?odnWidth=612&odnHeight=612&odnBg=ffffff",
        "tags": [
            [
                "Smart TVs",
                "/browse/electronics/smart-tvs/3944_1060825_1229815_1229817"
            ],
            [
                "LED TVs",
                "/browse/electronics/led-tvs/3944_1060825_1229815_1229821"
            ],
            [
                "All Vizio TVs",
                "/browse/electronics/all-vizio-tvs/3944_1060825_2044181_5198414"
            ],
            [
                "VIZIO Smart TVs",
                "/browse/electronics/vizio-smart-tvs/3944_1060825_7985618_5794698"
            ],
            [
                "720 Resolution HDTVs",
                "/browse/electronics/720-resolution-hdtvs/3944_1060825_3289709_6343657"
            ],
            [
                "32 Inch TVs",
                "/browse/electronics/32-inch-tvs/3944_1060825_2489948_7156390"
            ],
            [
                "Vizio TVs All Sizes",
                "/browse/electronics/vizio-tvs-all-sizes/3944_1060825_7006231_8850404"
            ],
            [
                "Roku TVs",
                "/browse/electronics/roku-tvs/3944_1060825_1229815_9085580"
            ]
        ]
    }
]