[
    {
        "title": "Refurbished Jetstream ROC 2.4GHz Quadcopter Drone with a Controller, VR Headset, and HD Camera (EDJT400VR-RB)",
        "url": "https://www.walmart.com/ip/Refurbished-Jetstream-ROC-2-4GHz-Quadcopter-Drone-with-a-Controller-VR-Headset-and-HD-Camera-EDJT400VR-RB/232388705",
        "price": "$79.00",
        "stars": 0,
        "ratings": 0,
        "img": "i5.walmartimages.com/asr/9da96867-b686-4218-8e50-299e7a7c5636_1.94bd15e51b641fe32f93a68f0d978a74.jpeg?odnWidth=612&odnHeight=612&odnBg=ffffff",
        "tags": [
            [
                "HD Drones",
                "/browse/electronics/hd-drones/3944_5525941_1677970_1837338"
            ],
            [
                "Foldable Drones",
                "/browse/electronics/foldable-drones/3944_5525941_2616723"
            ],
            [
                "Beginner Drones",
                "/browse/electronics/beginner-drones/3944_5525941_4346614_2881959"
            ],
            [
                "RC Drones",
                "/browse/electronics/rc-drones/3944_5525941_6042620"
            ],
            [
                "Intermediate Drones",
                "/browse/electronics/intermediate-drones/3944_5525941_4346614_6345846"
            ],
            [
                "Protocol Drones",
                "/browse/electronics/protocol-drones/3944_5525941_5960206_7986424"
            ],
            [
                "Shop All Drones",
                "/browse/electronics/shop-all-drones/3944_5525941_8120586"
            ],
            [
                "Advanced Drones",
                "/browse/electronics/advanced-drones/3944_5525941_4346614_8463965"
            ]
        ]
    },
    {
        "title": "Best Gifts Mini Drone for Kids Adults, Flying Ball Hand Controlled Quadcopter Light Up Flying Toys, UFO Flying Ball Drone Toys with 360\u00b0Rotating Helicopter Outdoor Toys Holiday Birthday Gifts",
        "url": "https://www.walmart.com/ip/Best-Gifts-Mini-Drone-Kids-Adults-Flying-Ball-Hand-Controlled-Quadcopter-Light-Up-Toys-UFO-Toys-360-Rotating-Helicopter-Outdoor-Holiday-Birthday/236125625",
        "price": "$10.69",
        "stars": "5.0",
        "ratings": "1 ",
        "img": "",
        "tags": [
            [
                "Air Hogs Drones",
                "/browse/electronics/air-hogs-drones/3944_5525941_5960206_1396048"
            ],
            [
                "Air Hog Drone",
                "/browse/air-hog-drone/3944_1569681"
            ],
            [
                "Foldable Drones",
                "/browse/electronics/foldable-drones/3944_5525941_2616723"
            ],
            [
                "Beginner Drones",
                "/browse/electronics/beginner-drones/3944_5525941_4346614_2881959"
            ],
            [
                "All Drones with Cameras",
                "/browse/electronics/all-drones-with-cameras/3944_5525941_1677970_3044927"
            ],
            [
                "Intermediate Drones",
                "/browse/electronics/intermediate-drones/3944_5525941_4346614_6345846"
            ],
            [
                "Shop All Drones",
                "/browse/electronics/shop-all-drones/3944_5525941_8120586"
            ],
            [
                "Advanced Drones",
                "/browse/electronics/advanced-drones/3944_5525941_4346614_8463965"
            ]
        ]
    },
    {
        "title": "YH YH-13HW 720P Camera Wifi FPV RC Drone 2.4G 4CH 6- Gyro G-Sensor Selfie Drone RTF Quadcopter UFO",
        "url": "https://www.walmart.com/ip/YH-YH-13HW-720P-Camera-Wifi-FPV-RC-Drone-2-4G-4CH-6-Gyro-G-Sensor-Selfie-Drone-RTF-Quadcopter-UFO/656019832",
        "price": "$30.46",
        "stars": 0,
        "ratings": 0,
        "img": "i5.walmartimages.com/asr/08a66ee4-1e21-403c-b77c-3f2730cc1040_1.60bec8d4adcdfb48250141788eb3b205.jpeg?odnWidth=612&odnHeight=612&odnBg=ffffff",
        "tags": [
            [
                "HD Drones",
                "/browse/electronics/hd-drones/3944_5525941_1677970_1837338"
            ],
            [
                "Foldable Drones",
                "/browse/electronics/foldable-drones/3944_5525941_2616723"
            ],
            [
                "Beginner Drones",
                "/browse/electronics/beginner-drones/3944_5525941_4346614_2881959"
            ],
            [
                "DJI Drones",
                "/browse/electronics/dji-drones/3944_5525941_5960206_3976514"
            ],
            [
                "RC Drones",
                "/browse/electronics/rc-drones/3944_5525941_6042620"
            ],
            [
                "Intermediate Drones",
                "/browse/electronics/intermediate-drones/3944_5525941_4346614_6345846"
            ],
            [
                "Shop All Drones",
                "/browse/electronics/shop-all-drones/3944_5525941_8120586"
            ],
            [
                "Advanced Drones",
                "/browse/electronics/advanced-drones/3944_5525941_4346614_8463965"
            ]
        ]
    },
    {
        "title": "DJI Phantom 3 Self-Tightening Propellers (Pack of 2 Propellers)",
        "url": "https://www.walmart.com/ip/DJI-Phantom-3-Self-Tightening-Propellers-Pack-of-2-Propellers/139757835",
        "price": "$8.00",
        "stars": "5.0",
        "ratings": "3 ",
        "img": "i5.walmartimages.com/asr/4c4880fa-c03a-46e9-bb83-6dab7a4d6580_1.49c3ae44d9e5473d35a761100a41c928.jpeg?odnWidth=612&odnHeight=612&odnBg=ffffff",
        "tags": [
            [
                "Drones with Cameras",
                "/browse/electronics/drones-with-cameras/3944_133277_1231385"
            ],
            [
                "Electronic Arts",
                "/browse/electronics/electronic-arts/3944_4131277_1701961"
            ],
            [
                "Drone Accessories",
                "/browse/electronics/drone-accessories/3944_133277_2972544"
            ],
            [
                "PC Gaming Graphic Cards",
                "/browse/electronics/pc-gaming-graphic-cards/3944_3951_7052607_9101511_3909958"
            ],
            [
                "Drone Propellers",
                "/browse/electronics/drone-propellers/3944_5525941_4049093_4394106"
            ],
            [
                "Drone Batteries and Chargers",
                "/browse/electronics/drone-batteries-chargers/3944_5525941_4049093_6633994"
            ],
            [
                "32 Inch Computer Monitor",
                "/browse/electronics/32-inch-computer-monitor/3944_3951_1230331_7157038_6764494"
            ],
            [
                "Lenovo Refurbished Laptops",
                "/browse/electronics/lenovo-refurbished-laptops/3944_3951_1089430_1230093_1230101_7074759"
            ]
        ]
    },
    {
        "title": "Flying Toys-RC Flying Glow Ball Toys for Kids Boys Girls Gifts Rechargeable Flashing LED Light Toys Infrared Induction Helicopter with Hand Controller for Indoor and Outdoor Games",
        "url": "https://www.walmart.com/ip/Flying-Toys-RC-Glow-Ball-Toys-Kids-Boys-Girls-Gifts-Rechargeable-Flashing-LED-Light-Infrared-Induction-Helicopter-Hand-Controller-Indoor-Outdoor-Game/311666443",
        "price": "$11.99",
        "stars": "5.0",
        "ratings": "3 ",
        "img": "",
        "tags": [
            [
                "Air Hogs Drones",
                "/browse/electronics/air-hogs-drones/3944_5525941_5960206_1396048"
            ],
            [
                "HD Drones",
                "/browse/electronics/hd-drones/3944_5525941_1677970_1837338"
            ],
            [
                "Foldable Drones",
                "/browse/electronics/foldable-drones/3944_5525941_2616723"
            ],
            [
                "Beginner Drones",
                "/browse/electronics/beginner-drones/3944_5525941_4346614_2881959"
            ],
            [
                "All Drones with Cameras",
                "/browse/electronics/all-drones-with-cameras/3944_5525941_1677970_3044927"
            ],
            [
                "Intermediate Drones",
                "/browse/electronics/intermediate-drones/3944_5525941_4346614_6345846"
            ],
            [
                "Shop All Drones",
                "/browse/electronics/shop-all-drones/3944_5525941_8120586"
            ],
            [
                "Advanced Drones",
                "/browse/electronics/advanced-drones/3944_5525941_4346614_8463965"
            ]
        ]
    },
    {
        "title": "Outtop Foam Throwing Glider Airplane Inertia Aircraft Toy Hand Launch Airplane Model",
        "url": "https://www.walmart.com/ip/Outtop-Foam-Throwing-Glider-Airplane-Inertia-Aircraft-Toy-Hand-Launch-Airplane-Model/584142151",
        "price": "$8.19",
        "stars": "2.5",
        "ratings": "4 ",
        "img": "i5.walmartimages.com/asr/b5a549de-9fef-4061-8e27-335498ec4646_1.3cf3b833b3ff389834a2a840a0a999f8.jpeg?odnWidth=612&odnHeight=612&odnBg=ffffff",
        "tags": [
            [
                "Air Hogs Drones",
                "/browse/electronics/air-hogs-drones/3944_5525941_5960206_1396048"
            ],
            [
                "HD Drones",
                "/browse/electronics/hd-drones/3944_5525941_1677970_1837338"
            ],
            [
                "Foldable Drones",
                "/browse/electronics/foldable-drones/3944_5525941_2616723"
            ],
            [
                "Beginner Drones",
                "/browse/electronics/beginner-drones/3944_5525941_4346614_2881959"
            ],
            [
                "All Drones with Cameras",
                "/browse/electronics/all-drones-with-cameras/3944_5525941_1677970_3044927"
            ],
            [
                "Intermediate Drones",
                "/browse/electronics/intermediate-drones/3944_5525941_4346614_6345846"
            ],
            [
                "Shop All Drones",
                "/browse/electronics/shop-all-drones/3944_5525941_8120586"
            ],
            [
                "Advanced Drones",
                "/browse/electronics/advanced-drones/3944_5525941_4346614_8463965"
            ]
        ]
    },
    {
        "title": "Wonderplay Induction +27MHZ, 2-way remote control cartoon helicopter",
        "url": "https://www.walmart.com/ip/Wonderplay-Induction-27MHZ-2-way-remote-control-cartoon-helicopter/552821730",
        "price": "$18.99",
        "stars": "3.7",
        "ratings": "3 ",
        "img": "i5.walmartimages.com/asr/7b59bee2-b9e1-41ce-9ed9-53d3f993415f_1.d9d5b997157cad3d38593847754011d1.jpeg?odnWidth=612&odnHeight=612&odnBg=ffffff",
        "tags": [
            [
                "Air Hogs Drones",
                "/browse/electronics/air-hogs-drones/3944_5525941_5960206_1396048"
            ],
            [
                "Foldable Drones",
                "/browse/electronics/foldable-drones/3944_5525941_2616723"
            ],
            [
                "Beginner Drones",
                "/browse/electronics/beginner-drones/3944_5525941_4346614_2881959"
            ],
            [
                "All Drones with Cameras",
                "/browse/electronics/all-drones-with-cameras/3944_5525941_1677970_3044927"
            ],
            [
                "Intermediate Drones",
                "/browse/electronics/intermediate-drones/3944_5525941_4346614_6345846"
            ],
            [
                "Stunt Drone",
                "/browse/electronics/stunt-drone/3944_5525941_7868570"
            ],
            [
                "Shop All Drones",
                "/browse/electronics/shop-all-drones/3944_5525941_8120586"
            ],
            [
                "Advanced Drones",
                "/browse/electronics/advanced-drones/3944_5525941_4346614_8463965"
            ]
        ]
    },
    {
        "title": "2 PackFlying Ball Toy Drones Hand-Controlled Drone Flying Toys Interactive Infrared Induction Helicopter Ball with 360\u00b0Rotating and Flashing LED Lights Charge 20 mins& play 7mins",
        "url": "https://www.walmart.com/ip/2-PackFlying-Ball-Toy-Drones-Hand-Controlled-Drone-Flying-Toys-Interactive-Infrared-Induction-Helicopter-360-Rotating-Flashing-LED-Lights-Charge-20-m/980743094",
        "price": "$16.99",
        "stars": "4.0",
        "ratings": "5 ",
        "img": "i5.walmartimages.com/asr/5de1074d-5b73-487a-a085-bbc91dc9bceb_1.1fbf41041191dc8a917c2c39b296fdc3.jpeg?odnWidth=612&odnHeight=612&odnBg=ffffff",
        "tags": [
            [
                "Air Hogs Drones",
                "/browse/electronics/air-hogs-drones/3944_5525941_5960206_1396048"
            ],
            [
                "Air Hog Drone",
                "/browse/air-hog-drone/3944_1569681"
            ],
            [
                "Beginner Drones",
                "/browse/electronics/beginner-drones/3944_5525941_4346614_2881959"
            ],
            [
                "All Drones with Cameras",
                "/browse/electronics/all-drones-with-cameras/3944_5525941_1677970_3044927"
            ],
            [
                "Intermediate Drones",
                "/browse/electronics/intermediate-drones/3944_5525941_4346614_6345846"
            ],
            [
                "Shop All Drones",
                "/browse/electronics/shop-all-drones/3944_5525941_8120586"
            ],
            [
                "Advanced Drones",
                "/browse/electronics/advanced-drones/3944_5525941_4346614_8463965"
            ],
            [
                "Nano Drones",
                "/browse/electronics/nano-drones/3944_5525941_8713344"
            ]
        ]
    },
    {
        "title": "Foldable GPS Drone with 4K Camera for Adults, Quadcopter with Brushless Motor, Auto Return Home, Follow Me, 26 Minutes Flight Time, Long Control Range, Includes Carrying Bag",
        "url": "https://www.walmart.com/ip/Foldable-GPS-Drone-4K-Camera-Adults-Quadcopter-Brushless-Motor-Auto-Return-Home-Follow-Me-26-Minutes-Flight-Time-Long-Control-Range-Includes-Carrying/302248353",
        "price": "$42.99",
        "stars": 0,
        "ratings": 0,
        "img": "i5.walmartimages.com/asr/afd300d6-fd9b-4732-8a00-7fa827de3654.6b9b9928fb409e74f7b13142c5707281.jpeg?odnWidth=612&odnHeight=612&odnBg=ffffff",
        "tags": []
    },
    {
        "title": "Air Racer 2.0 Indoor/ Outdoor Laser Battling Drones- 2 Pack - Red/Black",
        "url": "https://www.walmart.com/ip/Air-Racer-2-0-Indoor-Outdoor-Laser-Battling-Drones-2-Pack-Red-Black/701102267",
        "price": "$30.00",
        "stars": "3.4",
        "ratings": "42 ",
        "img": "i5.walmartimages.com/asr/990413a0-1077-488a-9bd2-50255c47abc6_1.580223e7c407043fd58eb431fd3cf3b8.jpeg?odnWidth=612&odnHeight=612&odnBg=ffffff",
        "tags": [
            [
                "Connected Dorm Room",
                "/browse/seasonal/connected-dorm-room/1085632_8174172_6292484_2548864"
            ],
            [
                "Tax Free Apparel Tech & School Supplies",
                "/browse/tax-free-apparel-tech-school-supplies/1085632_3096686"
            ],
            [
                "Tax Free Apparel & School Supplies",
                "/browse/tax-free-apparel-school-supplies/1085632_4861825"
            ],
            [
                "Mother's Day Electronics Gifts",
                "/browse/seasonal/mothers-day-electronics-gifts/1085632_1093554_5742102"
            ],
            [
                "Audio",
                "/browse/seasonal/audio/1085632_8174172_6292484_5759323"
            ],
            [
                "Tax Free Shop All",
                "/browse/tax-free-shop-all/1085632_6767877"
            ],
            [
                "Electronics Gifts for Grads",
                "/browse/seasonal/electronics-gifts-for-grads/1085632_1105121_7594959"
            ],
            [
                "Last Minute Gifts",
                "/browse/last-minute-gifts/1085632_7803702"
            ]
        ]
    }
]