[
    {
        "title": "Zimtown Tilt Swivel TV Wall Mount LED LCD for 26 32 37 39 42 46 50 55 TV Display",
        "url": "https://www.walmart.com/ip/Zimtown-Tilt-Swivel-TV-Wall-Mount-LED-LCD-for-26-32-37-39-42-46-50-55-TV-Display/761284282",
        "price": "$16.98",
        "stars": "4.3",
        "ratings": "14 ",
        "img": "i5.walmartimages.com/asr/518a5ba9-9ce5-4a43-b2b7-13ac3778c4e3_1.59048d3bc3a58128e688cc8eaddf78c2.jpeg?odnWidth=612&odnHeight=612&odnBg=ffffff",
        "tags": [
            [
                "LED TVs",
                "/browse/electronics/led-tvs/3944_1060825_1229815_1229821"
            ],
            [
                "onn. TVs",
                "/browse/electronics/onn-tvs/3944_1060825_1939756_1901258"
            ],
            [
                "Electronics Tax Time",
                "/browse/electronics-tax-time/3944_4439225"
            ],
            [
                "onn. TV & Video Accessories",
                "/browse/electronics/onn-tv-video-accessories/3944_7838866_3004279_2376133_9766217_6428762"
            ],
            [
                "Only at Walmart Electronics",
                "/browse/electronics/only-at-walmart-electronics/3944_7838866_7148103"
            ],
            [
                "32 Inch TVs",
                "/browse/electronics/32-inch-tvs/3944_1060825_2489948_7156390"
            ],
            [
                "Roku TVs",
                "/browse/electronics/roku-tvs/3944_1060825_1229815_9085580"
            ],
            [
                "Shop All onn.",
                "/browse/electronics/shop-all-onn/3944_7838866_3004279_2376133_9354764"
            ]
        ]
    },
    {
        "title": "Antenna TV Digital HD 100 Mile Range Skywire TV Indoor 1080P 4K 16ft Coax Cables",
        "url": "https://www.walmart.com/ip/Antenna-TV-Digital-HD-100-Mile-Range-Skywire-TV-Indoor-1080P-4K-16ft-Coax-Cables/349319944",
        "price": "$11.99",
        "stars": "2.7",
        "ratings": "143 ",
        "img": "",
        "tags": [
            [
                "Digital TV Converters",
                "/browse/electronics/digital-tv-converters/3944_1060825_133270_1070524"
            ],
            [
                "Streaming Devices",
                "/browse/electronics/streaming-devices/3944_77622_7549938_1229631_1085065"
            ],
            [
                "Indoor Antennas",
                "/browse/electronics/indoor-antennas/3944_1060825_133270_1208164"
            ],
            [
                "Outdoor Antennas",
                "/browse/electronics/outdoor-antennas/3944_1060825_133270_1208172"
            ],
            [
                "Roku Express",
                "/browse/electronics/roku-express/3944_77622_7549938_1229631_1430926"
            ],
            [
                "RCA",
                "/browse/electronics/rca/3944_4131277_1776549"
            ],
            [
                "onn. TV & Video Accessories",
                "/browse/electronics/onn-tv-video-accessories/3944_7838866_3004279_2376133_9766217_6428762"
            ],
            [
                "Roku",
                "/browse/electronics/roku/3944_4131277_8296010"
            ]
        ]
    },
    {
        "title": "TCL 65\" Class 6-Series 4K UHD Mini-LED QLED Dolby Vision HDR Roku Smart TV \u2013 65R635",
        "url": "https://www.walmart.com/ip/TCL-65-Class-6-Series-4K-UHD-Mini-LED-QLED-Dolby-Vision-HDR-Roku-Smart-TV-65R635/652557981",
        "price": "$899.99",
        "stars": "4.2",
        "ratings": "6 ",
        "img": "",
        "tags": []
    },
    {
        "title": "Ktaxon 100\" Electric Motorized Projector Screen HD Movie Projection Screen White 4:3 + Remote",
        "url": "https://www.walmart.com/ip/Ktaxon-100-Electric-Motorized-Projector-Screen-HD-Movie-Projection-Screen-White-4-3-Remote/130684133",
        "price": "$62.99",
        "stars": "4.4",
        "ratings": "13 ",
        "img": "i5.walmartimages.com/asr/20b4c7c6-20c8-4b10-935c-f1a0714997a6_1.90b73fb6afc2706478175967b4e7c678.jpeg?odnWidth=612&odnHeight=612&odnBg=ffffff",
        "tags": [
            [
                "Dry Erasers",
                "/browse/office-supplies/dry-erasers/1229749_5237975_2684798"
            ],
            [
                "Dry Erase Markers",
                "/browse/office-supplies/dry-erase-markers/1229749_9081741_3115238"
            ],
            [
                "Whiteboards",
                "/browse/office-supplies/whiteboards/1229749_1565348_4161504"
            ],
            [
                "Shop School Supplies by Color",
                "/browse/office-supplies/shop-school-supplies-by-color/1229749_1086045_4305904"
            ],
            [
                "Scanners",
                "/browse/office-supplies/scanners/1229749_1070964_4439"
            ],
            [
                "Projector Parts and Supplies",
                "/browse/office-supplies/projector-parts-supplies/1229749_5041772_4671225"
            ],
            [
                "Laser Pointers & Remotes",
                "/browse/office-supplies/laser-pointers-remotes/1229749_5041772_9095967"
            ],
            [
                "Chalkboard Erasers",
                "/browse/office-supplies/chalkboard-erasers/1229749_1086045_1718345_9499175"
            ]
        ]
    },
    {
        "title": "HDTV Antenna,TV Antenna Digital Amplified Indoor HD Up to 80 Miles Range, Amplifier Signal Booster Support 4K 1080P UHF VHF Freeview HDTV Channels with 16.5ft Coax Cable",
        "url": "https://www.walmart.com/ip/HDTV-Antenna-TV-Antenna-Digital-Amplified-Indoor-HD-Up-80-Miles-Range-Amplifier-Signal-Booster-Support-4K-1080P-UHF-VHF-Freeview-Channels-16-5ft-Coax/274645531",
        "price": "$19.99",
        "stars": "4.6",
        "ratings": "8 ",
        "img": "i5.walmartimages.com/asr/061d7604-eed0-43c2-aa2f-7152bb2eb090.f7928aac5109c72e1dab120513564bbb.jpeg?odnWidth=612&odnHeight=612&odnBg=ffffff",
        "tags": []
    },
    {
        "title": "New Smart TV Remote Control for Philips Smart LED LCD HDTV TV with Netflix Vudu Youtube Keys 32PFL4902/F7 40PFL4901/F7 55PFL6902/F7",
        "url": "https://www.walmart.com/ip/New-Smart-TV-Remote-Control-for-Philips-Smart-LED-LCD-HDTV-TV-with-Netflix-Vudu-Youtube-Keys-32PFL4902-F7-40PFL4901-F7-55PFL6902-F7/699395403",
        "price": "$7.85",
        "stars": "4.5",
        "ratings": "86 ",
        "img": "i5.walmartimages.com/asr/d6e774bc-be57-492d-8e4d-ce1ec9951fe9_1.cf1e284f105867d6d554f863183f21af.jpeg?odnWidth=612&odnHeight=612&odnBg=ffffff",
        "tags": [
            [
                "Blackweb TV & Video Accessories",
                "/browse/electronics/blackweb-tv-video-accessories/3944_4157978_5887057_1279916"
            ],
            [
                "Philips 4K TVs",
                "/browse/electronics/philips-4k-tvs/3944_1060825_2044181_3447117_1459198"
            ],
            [
                "RCA",
                "/browse/electronics/rca/3944_4131277_1776549"
            ],
            [
                "VIZIO",
                "/browse/electronics/vizio/3944_4131277_2035783"
            ],
            [
                "Philips TVs",
                "/browse/electronics/philips-tvs/3944_1060825_1939756_2318708"
            ],
            [
                "Blackweb",
                "/browse/electronics/blackweb/3944_4131277_4400017"
            ],
            [
                "Philips Smart TVs",
                "/browse/electronics/philips-smart-tvs/3944_1060825_7985618_5676527"
            ],
            [
                "Philips 5600 Series TVs",
                "/browse/electronics/philips-5600-series-tvs/3944_1060825_2044181_3447117_7015430"
            ]
        ]
    },
    {
        "title": "GE Pro Outdoor Yagi Antenna, 80 Mile Range, VHF/UHF Channels, 33685",
        "url": "https://www.walmart.com/ip/GE-Pro-Outdoor-Yagi-Antenna-80-Mile-Range-VHF-UHF-Channels-33685/52162885",
        "price": "$49.50",
        "stars": "4.3",
        "ratings": "189 ",
        "img": "i5.walmartimages.com/asr/9b0c1244-9bad-4433-ad5c-b30f3c3ffae9_1.f16cdde53e08a3163d343ba75afe5e27.jpeg?odnWidth=612&odnHeight=612&odnBg=ffffff",
        "tags": [
            [
                "Audio Visual Accessories",
                "/browse/electronics/audio-visual-accessories/3944_133251_1043559"
            ],
            [
                "Indoor Antennas",
                "/browse/electronics/indoor-antennas/3944_1060825_133270_1208164"
            ],
            [
                "Outdoor Antennas",
                "/browse/electronics/outdoor-antennas/3944_1060825_133270_1208172"
            ],
            [
                "Antenna Signal Amplifiers",
                "/browse/electronics/antenna-signal-amplifiers/3944_1060825_133270_1224691"
            ],
            [
                "RCA",
                "/browse/electronics/rca/3944_4131277_1776549"
            ],
            [
                "Receivers & Amplifiers",
                "/browse/electronics/receivers-amplifiers/3944_77622_8375901_96890_4478"
            ],
            [
                "Coaxial Cables",
                "/browse/electronics/coaxial-cables/3944_1060825_133270_5465689"
            ],
            [
                "onn. TV & Video Accessories",
                "/browse/electronics/onn-tv-video-accessories/3944_7838866_3004279_2376133_9766217_6428762"
            ]
        ]
    },
    {
        "title": "Mount-It! Tilting Flatscreen Wall Mount TV | Fits 32-55 Inch TVs | Max VESA 400 x 400",
        "url": "https://www.walmart.com/ip/Mount-It-Tilting-Flatscreen-Wall-Mount-TV-Fits-32-55-Inch-TVs-Max-VESA-400-x-400/864476808",
        "price": "$16.99",
        "stars": "4.4",
        "ratings": "15 ",
        "img": "i5.walmartimages.com/asr/0055a4d6-0223-4520-8bd6-160219e34672_1.ca032829c8fe85c089391b6566b0f712.jpeg?odnWidth=612&odnHeight=612&odnBg=ffffff",
        "tags": [
            [
                "4K Ultra HDTVs",
                "/browse/electronics/4k-ultra-hdtvs/3944_1060825_3289709_1180168"
            ],
            [
                "Smart TVs",
                "/browse/electronics/smart-tvs/3944_1060825_1229815_1229817"
            ],
            [
                "LED TVs",
                "/browse/electronics/led-tvs/3944_1060825_1229815_1229821"
            ],
            [
                "All TVs",
                "/browse/electronics/all-tvs/3944_1060825_447913"
            ],
            [
                "onn. TV & Video Accessories",
                "/browse/electronics/onn-tv-video-accessories/3944_7838866_3004279_2376133_9766217_6428762"
            ],
            [
                "Shop All onn.",
                "/browse/electronics/shop-all-onn/3944_7838866_3004279_2376133_9354764"
            ],
            [
                "Samsung UHD Smart TVs",
                "/browse/electronics/samsung-uhd-smart-tvs/3944_1060825_2044181_2603009_4838636_9548238"
            ],
            [
                "Samsung NU6900 Series UHD 4K Smart TVs",
                "/browse/electronics/samsung-nu6900-series-uhd-4k-smart-tvs/3944_1060825_2044181_2603009_4838636_9578489"
            ]
        ]
    },
    {
        "title": "Apple TV 4K 64GB",
        "url": "https://www.walmart.com/ip/Apple-TV-4K-64GB/847557984",
        "price": "$199.00",
        "stars": "4.7",
        "ratings": "207 ",
        "img": "i5.walmartimages.com/asr/56dad011-4beb-4586-a5d1-6c1290f6f99c_1.46d6850d424b5eb8cb2766f9c6cdc155.jpeg?odnWidth=612&odnHeight=612&odnBg=ffffff",
        "tags": [
            [
                "Apple TV",
                "/browse/electronics/apple-tv/3944_1229722_1229736"
            ],
            [
                "Roku Express",
                "/browse/electronics/roku-express/3944_77622_7549938_1229631_1430926"
            ],
            [
                "Refurbished Apple TV",
                "/browse/electronics/refurbished-apple-tv/3944_1229722_8199053_2066071"
            ],
            [
                "Apple",
                "/browse/electronics/apple/3944_4131277_4253599"
            ],
            [
                "Electronics Tax Time",
                "/browse/electronics-tax-time/3944_4439225"
            ],
            [
                "Only at Walmart Electronics",
                "/browse/electronics/only-at-walmart-electronics/3944_7838866_7148103"
            ],
            [
                "Roku",
                "/browse/electronics/roku/3944_4131277_8296010"
            ],
            [
                "Roku Streaming Stick",
                "/browse/electronics/roku-streaming-stick/3944_77622_7549938_1229631_9177705"
            ]
        ]
    },
    {
        "title": "FosPower 24K Gold Plated Toslink Digital Optical Audio Cable (S/PDIF) - Metal Connectors & Braided Nylon Jacket",
        "url": "https://www.walmart.com/ip/FosPower-24K-Gold-Plated-Toslink-Digital-Optical-Audio-Cable-S-PDIF-Metal-Connectors-Braided-Nylon-Jacket/818142575",
        "price": "$24.99",
        "stars": "4.7",
        "ratings": "64 ",
        "img": "i5.walmartimages.com/asr/0c49cc3f-b90d-44e0-b05d-761d23875b11_1.b309443119ed0349cc7e840a153cebd2.jpeg?odnWidth=612&odnHeight=612&odnBg=ffffff",
        "tags": [
            [
                "Digital TV Converters",
                "/browse/electronics/digital-tv-converters/3944_1060825_133270_1070524"
            ],
            [
                "Speaker Cables & Connectors",
                "/browse/electronics/speaker-cables-connectors/3944_77622_8375901_1230415_1230431_1076626"
            ],
            [
                "Blackweb",
                "/browse/electronics/blackweb/3944_4131277_4400017"
            ],
            [
                "TV Cables & Connectors",
                "/browse/electronics/tv-cables-connectors/3944_1060825_133270_4537"
            ],
            [
                "Smart Doorbells",
                "/browse/electronics/smart-doorbells/3944_1229875_6357978_1369584_4879211"
            ],
            [
                "Coaxial Cables",
                "/browse/electronics/coaxial-cables/3944_1060825_133270_5465689"
            ],
            [
                "onn. TV & Video Accessories",
                "/browse/electronics/onn-tv-video-accessories/3944_7838866_3004279_2376133_9766217_6428762"
            ],
            [
                "onn. Computer Accessories",
                "/browse/electronics/onn-computer-accessories/3944_7838866_3004279_2376133_9826274"
            ]
        ]
    }
]