[
    {
        "title": "Propel Maximum Blue X01 Micro Drone",
        "url": "https://www.walmart.com/ip/Propel-Maximum-Blue-X01-Micro-Drone/220705737",
        "price": "$44.95",
        "stars": "2.5",
        "ratings": "8 ",
        "img": "i5.walmartimages.com/asr/043bfebf-0eb0-4646-8649-0011c7aaa60c_1.897417f0d38ce17f13cd35b09138cd5f.jpeg?odnWidth=612&odnHeight=612&odnBg=ffffff",
        "tags": [
            [
                "All Drones with Cameras",
                "/browse/electronics/all-drones-with-cameras/3944_5525941_1677970_3044927"
            ],
            [
                "Racing Drones",
                "/browse/electronics/racing-drones/3944_5525941_3545435"
            ],
            [
                "RC Drones",
                "/browse/electronics/rc-drones/3944_5525941_6042620"
            ],
            [
                "Intermediate Drones",
                "/browse/electronics/intermediate-drones/3944_5525941_4346614_6345846"
            ],
            [
                "Stunt Drone",
                "/browse/electronics/stunt-drone/3944_5525941_7868570"
            ],
            [
                "Shop All Drones",
                "/browse/electronics/shop-all-drones/3944_5525941_8120586"
            ],
            [
                "Advanced Drones",
                "/browse/electronics/advanced-drones/3944_5525941_4346614_8463965"
            ],
            [
                "Nano Drones",
                "/browse/electronics/nano-drones/3944_5525941_8713344"
            ]
        ]
    },
    {
        "title": "Air Hogs - E-Charger - Dragon",
        "url": "https://www.walmart.com/ip/Air-Hogs-E-Charger-Dragon/55243162",
        "price": "$24.55",
        "stars": "2.0",
        "ratings": "2 ",
        "img": "i5.walmartimages.com/asr/1a684021-467a-439a-9f0a-96e46e52028f_1.01d1adda467f06305f530a0a9fb06424.jpeg?odnWidth=612&odnHeight=612&odnBg=ffffff",
        "tags": [
            [
                "Air Hogs Drones",
                "/browse/electronics/air-hogs-drones/3944_5525941_5960206_1396048"
            ],
            [
                "Air Hog Drone",
                "/browse/air-hog-drone/3944_1569681"
            ],
            [
                "Beginner Drones",
                "/browse/electronics/beginner-drones/3944_5525941_4346614_2881959"
            ],
            [
                "All Drones with Cameras",
                "/browse/electronics/all-drones-with-cameras/3944_5525941_1677970_3044927"
            ],
            [
                "Intermediate Drones",
                "/browse/electronics/intermediate-drones/3944_5525941_4346614_6345846"
            ],
            [
                "Shop All Drones",
                "/browse/electronics/shop-all-drones/3944_5525941_8120586"
            ],
            [
                "Advanced Drones",
                "/browse/electronics/advanced-drones/3944_5525941_4346614_8463965"
            ],
            [
                "Nano Drones",
                "/browse/electronics/nano-drones/3944_5525941_8713344"
            ]
        ]
    },
    {
        "title": "KY601S long battery life WIFI FPV RC Quadcopter Drone with Camera Foldable Selfie Drone(Black)",
        "url": "https://www.walmart.com/ip/KY601S-long-battery-life-WIFI-FPV-RC-Quadcopter-Drone-with-Camera-Foldable-Selfie-Drone-Black/506058081",
        "price": "$55.99",
        "stars": 0,
        "ratings": 0,
        "img": "i5.walmartimages.com/asr/25c91e8f-5b94-457a-acb3-ecaddab3d5a8.4a6f4a70504cddddafe105e312ecec75.jpeg?odnWidth=612&odnHeight=612&odnBg=ffffff",
        "tags": [
            [
                "HD Drones",
                "/browse/electronics/hd-drones/3944_5525941_1677970_1837338"
            ],
            [
                "Foldable Drones",
                "/browse/electronics/foldable-drones/3944_5525941_2616723"
            ],
            [
                "Beginner Drones",
                "/browse/electronics/beginner-drones/3944_5525941_4346614_2881959"
            ],
            [
                "DJI Drones",
                "/browse/electronics/dji-drones/3944_5525941_5960206_3976514"
            ],
            [
                "RC Drones",
                "/browse/electronics/rc-drones/3944_5525941_6042620"
            ],
            [
                "Intermediate Drones",
                "/browse/electronics/intermediate-drones/3944_5525941_4346614_6345846"
            ],
            [
                "Shop All Drones",
                "/browse/electronics/shop-all-drones/3944_5525941_8120586"
            ],
            [
                "Advanced Drones",
                "/browse/electronics/advanced-drones/3944_5525941_4346614_8463965"
            ]
        ]
    },
    {
        "title": "SSE Foldable Extender 4-12 Inches Tablet Stand Holder, Snap On / Off Bracket for DJI Mavic PRO and DJI Spark Controllers",
        "url": "https://www.walmart.com/ip/SSE-Foldable-Extender-4-12-Inches-Tablet-Stand-Holder-Snap-On-Off-Bracket-for-DJI-Mavic-PRO-and-DJI-Spark-Controllers/259997740",
        "price": "$12.99",
        "stars": "3.0",
        "ratings": "1 ",
        "img": "",
        "tags": [
            [
                "GoPro Accessories",
                "/browse/electronics/gopro-accessories/3944_133277_1230678_1231341"
            ],
            [
                "Drones with Cameras",
                "/browse/electronics/drones-with-cameras/3944_133277_1231385"
            ],
            [
                "HD Drones",
                "/browse/electronics/hd-drones/3944_5525941_1677970_1837338"
            ],
            [
                "Drone Accessories",
                "/browse/electronics/drone-accessories/3944_133277_2972544"
            ],
            [
                "Stands",
                "/browse/electronics/stands/3944_1078524_1225368_3560871"
            ],
            [
                "DJI Drones",
                "/browse/electronics/dji-drones/3944_5525941_5960206_3976514"
            ],
            [
                "Other Camera Accessories",
                "/browse/electronics/other-camera-accessories/3944_133277_132913_4539"
            ],
            [
                "Drone Batteries and Chargers",
                "/browse/electronics/drone-batteries-chargers/3944_5525941_4049093_6633994"
            ]
        ]
    },
    {
        "title": "dji phantom 3 advanced adv drone - new vision positioning module (part 36) -",
        "url": "https://www.walmart.com/ip/dji-phantom-3-advanced-adv-drone-new-vision-positioning-module-part-36/424232485",
        "price": "$64.29",
        "stars": 0,
        "ratings": 0,
        "img": "",
        "tags": [
            [
                "Foldable Drones",
                "/browse/electronics/foldable-drones/3944_5525941_2616723"
            ],
            [
                "Beginner Drones",
                "/browse/electronics/beginner-drones/3944_5525941_4346614_2881959"
            ],
            [
                "All Drones with Cameras",
                "/browse/electronics/all-drones-with-cameras/3944_5525941_1677970_3044927"
            ],
            [
                "DJI Drones",
                "/browse/electronics/dji-drones/3944_5525941_5960206_3976514"
            ],
            [
                "RC Drones",
                "/browse/electronics/rc-drones/3944_5525941_6042620"
            ],
            [
                "Intermediate Drones",
                "/browse/electronics/intermediate-drones/3944_5525941_4346614_6345846"
            ],
            [
                "Shop All Drones",
                "/browse/electronics/shop-all-drones/3944_5525941_8120586"
            ],
            [
                "Advanced Drones",
                "/browse/electronics/advanced-drones/3944_5525941_4346614_8463965"
            ]
        ]
    },
    {
        "title": "Glossy Glitter Skin for DJI Spark Drone & Controller Solids Collection",
        "url": "https://www.walmart.com/ip/Glossy-Glitter-Skin-for-DJI-Spark-Drone-Controller-Solids-Collection/733640105",
        "price": "$19.99",
        "stars": 0,
        "ratings": 0,
        "img": "i5.walmartimages.com/asr/36b386ba-83f8-4072-9aa3-0eda1fbe493c_1.65680cf60493b9775d19d39649df4720.jpeg?odnWidth=612&odnHeight=612&odnBg=ffffff",
        "tags": [
            [
                "HD Drones",
                "/browse/electronics/hd-drones/3944_5525941_1677970_1837338"
            ],
            [
                "Foldable Drones",
                "/browse/electronics/foldable-drones/3944_5525941_2616723"
            ],
            [
                "Drone Accessories",
                "/browse/electronics/drone-accessories/3944_133277_2972544"
            ],
            [
                "All Drones with Cameras",
                "/browse/electronics/all-drones-with-cameras/3944_5525941_1677970_3044927"
            ],
            [
                "Drone Cases",
                "/browse/electronics/drone-cases/3944_5525941_4049093_5296741"
            ],
            [
                "RC Drones",
                "/browse/electronics/rc-drones/3944_5525941_6042620"
            ],
            [
                "Shop All Drones",
                "/browse/electronics/shop-all-drones/3944_5525941_8120586"
            ],
            [
                "Advanced Drones",
                "/browse/electronics/advanced-drones/3944_5525941_4346614_8463965"
            ]
        ]
    },
    {
        "title": "Propellers Paddle Blade Holder Stabilizer Protector For DJI Mavic Mini Drone",
        "url": "https://www.walmart.com/ip/Propellers-Paddle-Blade-Holder-Stabilizer-Protector-For-DJI-Mavic-Mini-Drone/142036396",
        "price": "$7.77",
        "stars": 0,
        "ratings": 0,
        "img": "i5.walmartimages.com/asr/25ba40a7-5088-4189-a5c9-19190847a6f8.5609f41a581bfd650132e3de0995423f.jpeg?odnWidth=612&odnHeight=612&odnBg=ffffff",
        "tags": [
            [
                "GoPro Accessories",
                "/browse/electronics/gopro-accessories/3944_133277_1230678_1231341"
            ],
            [
                "Drones with Cameras",
                "/browse/electronics/drones-with-cameras/3944_133277_1231385"
            ],
            [
                "HD Drones",
                "/browse/electronics/hd-drones/3944_5525941_1677970_1837338"
            ],
            [
                "Drone Accessories",
                "/browse/electronics/drone-accessories/3944_133277_2972544"
            ],
            [
                "DJI Drones",
                "/browse/electronics/dji-drones/3944_5525941_5960206_3976514"
            ],
            [
                "Other Camera Accessories",
                "/browse/electronics/other-camera-accessories/3944_133277_132913_4539"
            ],
            [
                "Drone Batteries and Chargers",
                "/browse/electronics/drone-batteries-chargers/3944_5525941_4049093_6633994"
            ],
            [
                "Shop All Drones",
                "/browse/electronics/shop-all-drones/3944_5525941_8120586"
            ]
        ]
    },
    {
        "title": "DJI CP.PT.00000213.01 Tello Part 1 Battery",
        "url": "https://www.walmart.com/ip/DJI-CP-PT-00000213-01-Tello-Part-1-Battery/820534614",
        "price": "$18.50",
        "stars": "5.0",
        "ratings": "4 ",
        "img": "i5.walmartimages.com/asr/366af36e-d0f4-4ece-afb2-98a26f58cb41_1.b0b26ab8cd0dde54b9cdc7f36459e7ec.jpeg?odnWidth=612&odnHeight=612&odnBg=ffffff",
        "tags": [
            [
                "Drones with Cameras",
                "/browse/electronics/drones-with-cameras/3944_133277_1231385"
            ],
            [
                "HD Drones",
                "/browse/electronics/hd-drones/3944_5525941_1677970_1837338"
            ],
            [
                "Foldable Drones",
                "/browse/electronics/foldable-drones/3944_5525941_2616723"
            ],
            [
                "Drone Accessories",
                "/browse/electronics/drone-accessories/3944_133277_2972544"
            ],
            [
                "All Drones with Cameras",
                "/browse/electronics/all-drones-with-cameras/3944_5525941_1677970_3044927"
            ],
            [
                "DJI Drones",
                "/browse/electronics/dji-drones/3944_5525941_5960206_3976514"
            ],
            [
                "RC Drones",
                "/browse/electronics/rc-drones/3944_5525941_6042620"
            ],
            [
                "Drone Remote Controller Accessories",
                "/browse/electronics/drone-remote-controller-accessories/3944_5525941_4049093_7746362"
            ]
        ]
    },
    {
        "title": "Syma X15W Wifi FPV 0.3MP Camera RC Quadcopter G-sensor Barometer Set Height Headless Mode RTF Drone",
        "url": "https://www.walmart.com/ip/Syma-X15W-Wifi-FPV-0-3MP-Camera-RC-Quadcopter-G-sensor-Barometer-Set-Height-Headless-Mode-RTF-Drone/565211634",
        "price": "$28.33",
        "stars": "5.0",
        "ratings": "1 ",
        "img": "i5.walmartimages.com/asr/1005af0e-4d4f-412c-948f-812cc9092f30_1.fbd643b76b20e8574b2efe0f38b5046d.jpeg?odnWidth=612&odnHeight=612&odnBg=ffffff",
        "tags": [
            [
                "HD Drones",
                "/browse/electronics/hd-drones/3944_5525941_1677970_1837338"
            ],
            [
                "Foldable Drones",
                "/browse/electronics/foldable-drones/3944_5525941_2616723"
            ],
            [
                "Beginner Drones",
                "/browse/electronics/beginner-drones/3944_5525941_4346614_2881959"
            ],
            [
                "DJI Drones",
                "/browse/electronics/dji-drones/3944_5525941_5960206_3976514"
            ],
            [
                "RC Drones",
                "/browse/electronics/rc-drones/3944_5525941_6042620"
            ],
            [
                "Intermediate Drones",
                "/browse/electronics/intermediate-drones/3944_5525941_4346614_6345846"
            ],
            [
                "Shop All Drones",
                "/browse/electronics/shop-all-drones/3944_5525941_8120586"
            ],
            [
                "Advanced Drones",
                "/browse/electronics/advanced-drones/3944_5525941_4346614_8463965"
            ]
        ]
    },
    {
        "title": "Holy Stone HS200D RC Drone with Camera Quadcopter for Kids & Beginners RC Helicopter with Altitude Hold 3D Flips Heldless Mode",
        "url": "https://www.walmart.com/ip/Holy-Stone-HS200D-RC-Drone-with-Camera-Quadcopter-for-Kids-Beginners-RC-Helicopter-with-Altitude-Hold-3D-Flips-Heldless-Mode/353291111",
        "price": "$59.99",
        "stars": "4.6",
        "ratings": "10 ",
        "img": "i5.walmartimages.com/asr/9a51feb1-9dd9-43d6-9b35-5e7d7c37c297_1.34446398406b409e222d3e9e3a0e47f4.jpeg?odnWidth=612&odnHeight=612&odnBg=ffffff",
        "tags": [
            [
                "Mirrorless Cameras",
                "/browse/electronics/mirrorless-cameras/3944_133277_1230677"
            ],
            [
                "HD Drones",
                "/browse/electronics/hd-drones/3944_5525941_1677970_1837338"
            ],
            [
                "Foldable Drones",
                "/browse/electronics/foldable-drones/3944_5525941_2616723"
            ],
            [
                "Beginner Drones",
                "/browse/electronics/beginner-drones/3944_5525941_4346614_2881959"
            ],
            [
                "RC Drones",
                "/browse/electronics/rc-drones/3944_5525941_6042620"
            ],
            [
                "Intermediate Drones",
                "/browse/electronics/intermediate-drones/3944_5525941_4346614_6345846"
            ],
            [
                "Shop All Drones",
                "/browse/electronics/shop-all-drones/3944_5525941_8120586"
            ],
            [
                "Advanced Drones",
                "/browse/electronics/advanced-drones/3944_5525941_4346614_8463965"
            ]
        ]
    }
]