[
    {
        "title": "KOOTION 5 Pack 32GB USB 2.0 Flash Drive Thumb Drives Memory Stick, 5 Mixed Colors: Black, Blue, Green, Purple, Red",
        "url": "https://www.walmart.com/ip/KOOTION-5-Pack-32GB-USB-2-0-Flash-Drive-Thumb-Drives-Memory-Stick-5-Mixed-Colors-Black-Blue-Green-Purple-Red/169978103",
        "price": "$17.99",
        "stars": "4.5",
        "ratings": "39 ",
        "img": "i5.walmartimages.com/asr/dfa7b8d0-903c-4afe-9a19-2685d8bcd7dd_1.7b5a4159703d9e20693c7709498e44f2.jpeg?odnWidth=612&odnHeight=612&odnBg=ffffff",
        "tags": [
            [
                "Micro SD Cards",
                "/browse/electronics/micro-sd-cards/3944_133277_132913_63988_4590075"
            ],
            [
                "Hard Drives & Storage",
                "/browse/electronics/hard-drives-storage/3944_3951_1073804_514537"
            ],
            [
                "SanDisk Hard Drives",
                "/browse/electronics/sandisk-hard-drives/3944_3951_132959_5146908"
            ],
            [
                "SD Cards",
                "/browse/electronics/sd-cards/3944_133277_132913_63988_5930264"
            ],
            [
                "Laptop Bags, Cases & Sleeves",
                "/browse/electronics/laptop-bags-cases-sleeves/3944_3951_1089430_1230184_615980"
            ],
            [
                "All External Hard Drives",
                "/browse/electronics/all-external-hard-drives/3944_3951_132959_1956376_7955905"
            ],
            [
                "onn. Computer Accessories",
                "/browse/electronics/onn-computer-accessories/3944_7838866_3004279_2376133_9826274"
            ]
        ]
    },
    {
        "title": "LG 50\" Class 4K UHD 2160P Smart TV 50UN7300PUF 2020 Model",
        "url": "https://www.walmart.com/ip/LG-50-Class-4K-UHD-2160P-Smart-TV-50UN7300PUF-2020-Model/461041504",
        "price": null,
        "stars": "4.3",
        "ratings": "154 ",
        "img": "i5.walmartimages.com/asr/8d195cd1-431f-4b5d-a688-e0c71f6a7e43.d87e359b707316415e6ff17f238c360d.jpeg?odnWidth=612&odnHeight=612&odnBg=ffffff",
        "tags": [
            [
                "4K Ultra HDTVs",
                "/browse/electronics/4k-ultra-hdtvs/3944_1060825_3289709_1180168"
            ],
            [
                "LG",
                "/browse/electronics/lg/3944_4131277_1589293"
            ],
            [
                "4K LG TVs",
                "/browse/electronics/4k-lg-tvs/3944_1060825_9465212_2585147"
            ],
            [
                "55 Inch TVs",
                "/browse/electronics/55-inch-tvs/3944_1060825_2489948_3168047"
            ],
            [
                "50 Inch TVs",
                "/browse/electronics/50-inch-tvs/3944_1060825_2489948_5472490"
            ],
            [
                "4K HDR TVs",
                "/browse/electronics/4k-hdr-tvs/3944_1060825_1229815_6853163"
            ],
            [
                "LG Smart TVs",
                "/browse/electronics/lg-smart-tvs/3944_1060825_7985618_7058051"
            ],
            [
                "LG TVs",
                "/browse/electronics/lg-tvs/3944_1060825_1939756_9419691"
            ]
        ]
    },
    {
        "title": "VIZIO 58\" Class 4K UHD LED Smartcast Smart TV HDR V-Series V585-H",
        "url": "https://www.walmart.com/ip/VIZIO-58-Class-4K-UHD-LED-Smartcast-Smart-TV-HDR-V-Series-V585-H/636429500",
        "price": "$448.77",
        "stars": "4.7",
        "ratings": "17654 ",
        "img": "",
        "tags": [
            [
                "Vizio M-Series Quantum TVs",
                "/browse/electronics/vizio-m-series-quantum-tvs/3944_1060825_2044181_9600865_1959019_1970517"
            ],
            [
                "VIZIO",
                "/browse/electronics/vizio/3944_4131277_2035783"
            ],
            [
                "Gaming TVs",
                "/browse/electronics/gaming-tvs/3944_1060825_1229815_2452312"
            ],
            [
                "Vizio V-Series TVs",
                "/browse/electronics/vizio-v-series-tvs/3944_1060825_2044181_9600865_9470179_2613224"
            ],
            [
                "4K VIZIO TVs",
                "/browse/electronics/4k-vizio-tvs/3944_1060825_9465212_4682375"
            ],
            [
                "All Vizio TVs",
                "/browse/electronics/all-vizio-tvs/3944_1060825_2044181_5198414"
            ],
            [
                "4K HDR TVs",
                "/browse/electronics/4k-hdr-tvs/3944_1060825_1229815_6853163"
            ],
            [
                "Vizio 55 Inch TVs",
                "/browse/electronics/vizio-55-inch-tvs/3944_1060825_7006231_8018013"
            ]
        ]
    },
    {
        "title": "onn. 720p Portable Projector with Roku Streaming Stick",
        "url": "https://www.walmart.com/ip/onn-720p-Portable-Projector-with-Roku-Streaming-Stick/391979761",
        "price": "$168.00",
        "stars": "4.3",
        "ratings": "52 ",
        "img": "i5.walmartimages.com/asr/1d7940f8-49f8-4709-8738-c000e30d09fa.ec0c7271a09d5e100214ba44ea75360e.jpeg?odnWidth=612&odnHeight=612&odnBg=ffffff",
        "tags": [
            [
                "Dry Erasers",
                "/browse/office-supplies/dry-erasers/1229749_5237975_2684798"
            ],
            [
                "Dry Erase Markers",
                "/browse/office-supplies/dry-erase-markers/1229749_9081741_3115238"
            ],
            [
                "Whiteboards",
                "/browse/office-supplies/whiteboards/1229749_1565348_4161504"
            ],
            [
                "Shop School Supplies by Color",
                "/browse/office-supplies/shop-school-supplies-by-color/1229749_1086045_4305904"
            ],
            [
                "Scanners",
                "/browse/office-supplies/scanners/1229749_1070964_4439"
            ],
            [
                "Projector Parts and Supplies",
                "/browse/office-supplies/projector-parts-supplies/1229749_5041772_4671225"
            ],
            [
                "Laser Pointers & Remotes",
                "/browse/office-supplies/laser-pointers-remotes/1229749_5041772_9095967"
            ],
            [
                "Chalkboard Erasers",
                "/browse/office-supplies/chalkboard-erasers/1229749_1086045_1718345_9499175"
            ]
        ]
    },
    {
        "title": "Hyper Tough 8-Outlet 10ft Metal Surge 1780-Joule Protection with 2 Usb, Yellow",
        "url": "https://www.walmart.com/ip/Hyper-Tough-8-Outlet-10ft-Metal-Surge-1780-Joule-Protection-with-2-Usb-Yellow/342477775",
        "price": "$19.84",
        "stars": "4.4",
        "ratings": "20 ",
        "img": "i5.walmartimages.com/asr/74e77654-c3b6-449f-9237-967a73972cb4_1.34720088e1ff5ba46a77cfd31af5a9b6.jpeg?odnWidth=612&odnHeight=612&odnBg=ffffff",
        "tags": [
            [
                "All Extension Cords",
                "/browse/home-improvement/all-extension-cords/1072864_1067619_1231219_1072245"
            ],
            [
                "Indoor Extension Cords",
                "/browse/home-improvement/indoor-extension-cords/1072864_1067619_1231219_1231220"
            ],
            [
                "Indoor/Outdoor Extension Cords",
                "/browse/home-improvement/indoor-outdoor-extension-cords/1072864_1067619_1231219_1231222"
            ],
            [
                "Wall Outlet Adaptors",
                "/browse/home-improvement/wall-outlet-adaptors/1072864_1067619_1231213_1231245"
            ],
            [
                "Outlet Covers",
                "/browse/home-improvement/outlet-covers/1072864_1067619_1231223_5306726_3233521"
            ],
            [
                "Duplex Wall Plates",
                "/browse/home-improvement/duplex-wall-plates/1072864_1067619_1231223_5306726_3537532"
            ],
            [
                "Extension Cord Reels",
                "/browse/home-improvement/extension-cord-reels/1072864_1067619_9595845"
            ],
            [
                "Core Building Supplies Clearance Shelf",
                "/browse/home-improvement/core-building-supplies-clearance-shelf/1072864_1172176_9849217"
            ]
        ]
    },
    {
        "title": "HDMI Cable Compatible with iPhone iPad ,HDMI Adapter Cord for iPhone,1080P Digital AV Converter for iPhone 11/XR/XS/X/8/7/6 to TV/Projector,Plug and Play,6 Feet",
        "url": "https://www.walmart.com/ip/HDMI-Cable-Compatible-iPhone-iPad-HDMI-Adapter-Cord-iPhone-1080P-Digital-AV-Converter-11-XR-XS-X-8-7-6-TV-Projector-Plug-Play-6-Feet/428192726",
        "price": "$15.74",
        "stars": "3.9",
        "ratings": "18 ",
        "img": "",
        "tags": [
            [
                "Micro USB Cable",
                "/browse/cell-phones/micro-usb-cable/1105910_133161_1072306_5756081_2033340"
            ],
            [
                "iPhone 6 Plus Cases",
                "/browse/cell-phones/iphone-6-plus-cases/1105910_133161_1997952_7579365_4213955_2420471"
            ],
            [
                "iPhone HDMI cable",
                "/browse/cell-phones/iphone-hdmi-cable/1105910_133161_6842958_2854665_4788462"
            ],
            [
                "iPhone Adapter and Cables",
                "/browse/cell-phones/iphone-adapter-cables/1105910_133161_1024881_6193872"
            ],
            [
                "Apple Phone Cables",
                "/browse/cell-phones/apple-phone-cables/1105910_133161_6842958_4335636_7121255"
            ],
            [
                "Lightning Cable",
                "/browse/cell-phones/lightning-cable/1105910_133161_1072306_1791370_8216443"
            ],
            [
                "All Phone Adapters",
                "/browse/cell-phones/all-phone-adapters/1105910_133161_7453243_9946018"
            ]
        ]
    },
    {
        "title": "Sylvania Sdvd6655 Dvd Player With 1080p Upconversion",
        "url": "https://www.walmart.com/ip/Sylvania-Sdvd6655-Dvd-Player-With-1080p-Upconversion/52029730",
        "price": "$24.00",
        "stars": "2.9",
        "ratings": "99 ",
        "img": "i5.walmartimages.com/asr/4bf80358-88eb-495c-80e3-c20b0fb12b82_1.c28f9e9c4356ada7a55f52a6edfe1982.jpeg?odnWidth=612&odnHeight=612&odnBg=ffffff",
        "tags": [
            [
                "Streaming Devices",
                "/browse/electronics/streaming-devices/3944_77622_7549938_1229631_1085065"
            ],
            [
                "Wi-Fi Blu-ray Players",
                "/browse/electronics/wi-fi-blu-ray-players/3944_77622_7549938_1229631_1225176"
            ],
            [
                "LG",
                "/browse/electronics/lg/3944_4131277_1589293"
            ],
            [
                "CD/DVD Drives",
                "/browse/electronics/cd-dvd-drives/3944_3951_132959_645319_522484"
            ],
            [
                "Portable DVD Players",
                "/browse/electronics/portable-dvd-players/3944_77622_7549938_1229631_62056"
            ],
            [
                "onn. TV & Video Accessories",
                "/browse/electronics/onn-tv-video-accessories/3944_7838866_3004279_2376133_9766217_6428762"
            ],
            [
                "Home Theater Systems",
                "/browse/electronics/home-theater-systems/3944_77622_7549938_650659"
            ],
            [
                "Sony",
                "/browse/electronics/sony/3944_4131277_7675262"
            ]
        ]
    },
    {
        "title": "Wall Mount TV Bracket, Mounting Slim Tilt TV Bracket Holder for Most 26\"-55\" LED LCD Plasma Screen",
        "url": "https://www.walmart.com/ip/Wall-Mount-TV-Bracket-Mounting-Slim-Tilt-TV-Bracket-Holder-for-Most-26-55-LED-LCD-Plasma-Screen/787622697",
        "price": "$17.35",
        "stars": "2.8",
        "ratings": "6 ",
        "img": "i5.walmartimages.com/asr/8c8db3a3-60ac-4cc6-96a6-7396fe3d0c8d_1.369e8acb85a6e08569d57279f6ad4a05.jpeg?odnWidth=612&odnHeight=612&odnBg=ffffff",
        "tags": [
            [
                "4K Ultra HDTVs",
                "/browse/electronics/4k-ultra-hdtvs/3944_1060825_3289709_1180168"
            ],
            [
                "Smart TVs",
                "/browse/electronics/smart-tvs/3944_1060825_1229815_1229817"
            ],
            [
                "LED TVs",
                "/browse/electronics/led-tvs/3944_1060825_1229815_1229821"
            ],
            [
                "All TVs",
                "/browse/electronics/all-tvs/3944_1060825_447913"
            ],
            [
                "TV Antennas",
                "/browse/electronics/tv-antennas/3944_1060825_133270_4536"
            ],
            [
                "onn. TV & Video Accessories",
                "/browse/electronics/onn-tv-video-accessories/3944_7838866_3004279_2376133_9766217_6428762"
            ],
            [
                "Roku TVs",
                "/browse/electronics/roku-tvs/3944_1060825_1229815_9085580"
            ],
            [
                "Shop All onn.",
                "/browse/electronics/shop-all-onn/3944_7838866_3004279_2376133_9354764"
            ]
        ]
    },
    {
        "title": "Bose Solo 5 TV Bluetooth Soundbar System",
        "url": "https://www.walmart.com/ip/Bose-Solo-5-TV-Bluetooth-Soundbar-System/150424484",
        "price": "$199.00",
        "stars": "4.1",
        "ratings": "371 ",
        "img": "",
        "tags": [
            [
                "4K Ultra HDTVs",
                "/browse/electronics/4k-ultra-hdtvs/3944_1060825_3289709_1180168"
            ],
            [
                "Smart TVs",
                "/browse/electronics/smart-tvs/3944_1060825_1229815_1229817"
            ],
            [
                "Wireless Home Speakers",
                "/browse/electronics/wireless-home-speakers/3944_77622_8375901_1230415_1230429"
            ],
            [
                "VIZIO",
                "/browse/electronics/vizio/3944_4131277_2035783"
            ],
            [
                "Smart Speakers",
                "/browse/electronics/smart-speakers/3944_96469_5325946"
            ],
            [
                "Home Theater Systems",
                "/browse/electronics/home-theater-systems/3944_77622_7549938_650659"
            ],
            [
                "4K HDR TVs",
                "/browse/electronics/4k-hdr-tvs/3944_1060825_1229815_6853163"
            ],
            [
                "Speaker Systems",
                "/browse/electronics/speaker-systems/3944_77622_8375901_1230415_78837"
            ]
        ]
    },
    {
        "title": "RCA Home and Travel 24\" 720P HD TV - With AC/DC Car Charger RT2471-AC, Black",
        "url": "https://www.walmart.com/ip/RCA-Home-and-Travel-24-720P-HD-TV-With-AC-DC-Car-Charger-RT2471-AC-Black/368510549",
        "price": "$89.95",
        "stars": "3.9",
        "ratings": "40 ",
        "img": "i5.walmartimages.com/asr/53cf5f85-914a-4495-8dd3-d6cb41f6bc61.a68a2073b740521e007b50466c23685c.jpeg?odnWidth=612&odnHeight=612&odnBg=ffffff",
        "tags": [
            [
                "LCD TVs",
                "/browse/electronics/lcd-tvs/3944_1060825_1229815_1229820"
            ],
            [
                "LED TVs",
                "/browse/electronics/led-tvs/3944_1060825_1229815_1229821"
            ],
            [
                "24 Inch TVs and smaller",
                "/browse/electronics/24-inch-tvs-smaller/3944_1060825_2489948_4054286"
            ],
            [
                "Sceptre TVs",
                "/browse/electronics/sceptre-tvs/3944_1060825_1939756_5735890"
            ],
            [
                "720 Resolution HDTVs",
                "/browse/electronics/720-resolution-hdtvs/3944_1060825_3289709_6343657"
            ],
            [
                "32 Inch TVs",
                "/browse/electronics/32-inch-tvs/3944_1060825_2489948_7156390"
            ],
            [
                "1080 Resolution HDTVs",
                "/browse/electronics/1080-resolution-hdtvs/3944_1060825_3289709_7918505"
            ],
            [
                "Sceptre",
                "/browse/electronics/sceptre/3944_4131277_9297591"
            ]
        ]
    }
]