[
    {
        "title": "Holy Stone HS650 RC Drone with 1080P Camera Drone Quadcopter for Kids and Beginners Voice Control Altitude Hold Function Headless Mode",
        "url": "https://www.walmart.com/ip/Holy-Stone-HS650-RC-Drone-with-1080P-Camera-Drone-Quadcopter-for-Kids-and-Beginners-Voice-Control-Altitude-Hold-Function-Headless-Mode/874051059",
        "price": "$59.99",
        "stars": "4.5",
        "ratings": "10 ",
        "img": "i5.walmartimages.com/asr/2a05d789-95a6-4c2c-b43e-522c03341698.bce21807887a71108f5e365481d99bea.jpeg?odnWidth=612&odnHeight=612&odnBg=ffffff",
        "tags": [
            [
                "Drones with Cameras",
                "/browse/electronics/drones-with-cameras/3944_133277_1231385"
            ],
            [
                "HD Drones",
                "/browse/electronics/hd-drones/3944_5525941_1677970_1837338"
            ],
            [
                "Foldable Drones",
                "/browse/electronics/foldable-drones/3944_5525941_2616723"
            ],
            [
                "Beginner Drones",
                "/browse/electronics/beginner-drones/3944_5525941_4346614_2881959"
            ],
            [
                "RC Drones",
                "/browse/electronics/rc-drones/3944_5525941_6042620"
            ],
            [
                "Intermediate Drones",
                "/browse/electronics/intermediate-drones/3944_5525941_4346614_6345846"
            ],
            [
                "Shop All Drones",
                "/browse/electronics/shop-all-drones/3944_5525941_8120586"
            ],
            [
                "Advanced Drones",
                "/browse/electronics/advanced-drones/3944_5525941_4346614_8463965"
            ]
        ]
    },
    {
        "title": "Amerteer Mini Drone for Kids Adults, Flying Ball Hand Controlled Quadcopter Light Up Flying Toys, UFO Flying Ball Drone Toys with 360\u00b0Rotating Helicopter Outdoor Toys Holiday Birthday Gifts",
        "url": "https://www.walmart.com/ip/Amerteer-Mini-Drone-Kids-Adults-Flying-Ball-Hand-Controlled-Quadcopter-Light-Up-Toys-UFO-Toys-360-Rotating-Helicopter-Outdoor-Holiday-Birthday-Gifts/790582914",
        "price": "$13.99",
        "stars": "2.4",
        "ratings": "100 ",
        "img": "i5.walmartimages.com/asr/626cc216-42b6-46bb-a68e-103f73a2ff3a_1.d3e99a1b21da82a5a81895b69f3eaeb7.jpeg?odnWidth=612&odnHeight=612&odnBg=ffffff",
        "tags": [
            [
                "Mirrorless Cameras",
                "/browse/electronics/mirrorless-cameras/3944_133277_1230677"
            ],
            [
                "Air Hogs Drones",
                "/browse/electronics/air-hogs-drones/3944_5525941_5960206_1396048"
            ],
            [
                "Beginner Drones",
                "/browse/electronics/beginner-drones/3944_5525941_4346614_2881959"
            ],
            [
                "All Drones with Cameras",
                "/browse/electronics/all-drones-with-cameras/3944_5525941_1677970_3044927"
            ],
            [
                "Intermediate Drones",
                "/browse/electronics/intermediate-drones/3944_5525941_4346614_6345846"
            ],
            [
                "Stunt Drone",
                "/browse/electronics/stunt-drone/3944_5525941_7868570"
            ],
            [
                "Shop All Drones",
                "/browse/electronics/shop-all-drones/3944_5525941_8120586"
            ],
            [
                "Advanced Drones",
                "/browse/electronics/advanced-drones/3944_5525941_4346614_8463965"
            ]
        ]
    },
    {
        "title": "JUMPER Hand Operated Drone Hands Free Kids Drone Mini Hand Controlled Flying Ball Toys Flying Drones for Kids, Boys and Girls Gift",
        "url": "https://www.walmart.com/ip/JUMPER-Hand-Operated-Drone-Hands-Free-Kids-Drone-Mini-Hand-Controlled-Flying-Ball-Toys-Flying-Drones-for-Kids-Boys-and-Girls-Gift/458108730",
        "price": "$19.98",
        "stars": "4.6",
        "ratings": "34 ",
        "img": "i5.walmartimages.com/asr/04c3d14c-ea23-4a2a-9f47-63db4140e36e_1.8be5cb331131e9e69d2a6b0a830c5db0.jpeg?odnWidth=612&odnHeight=612&odnBg=ffffff",
        "tags": [
            [
                "Air Hogs Drones",
                "/browse/electronics/air-hogs-drones/3944_5525941_5960206_1396048"
            ],
            [
                "Air Hog Drone",
                "/browse/air-hog-drone/3944_1569681"
            ],
            [
                "Beginner Drones",
                "/browse/electronics/beginner-drones/3944_5525941_4346614_2881959"
            ],
            [
                "All Drones with Cameras",
                "/browse/electronics/all-drones-with-cameras/3944_5525941_1677970_3044927"
            ],
            [
                "Intermediate Drones",
                "/browse/electronics/intermediate-drones/3944_5525941_4346614_6345846"
            ],
            [
                "Shop All Drones",
                "/browse/electronics/shop-all-drones/3944_5525941_8120586"
            ],
            [
                "Advanced Drones",
                "/browse/electronics/advanced-drones/3944_5525941_4346614_8463965"
            ],
            [
                "Nano Drones",
                "/browse/electronics/nano-drones/3944_5525941_8713344"
            ]
        ]
    },
    {
        "title": "Super Wings Remote Control Paul",
        "url": "https://www.walmart.com/ip/Super-Wings-Remote-Control-Paul/51381539",
        "price": "$19.99",
        "stars": "4.0",
        "ratings": "12 ",
        "img": "i5.walmartimages.com/asr/adf185f8-145d-4772-bddb-b6f28c606c61_1.9552d218e5d1cbec53e6013fe9586ef9.jpeg?odnWidth=612&odnHeight=612&odnBg=ffffff",
        "tags": [
            [
                "RC Toys by Price",
                "/browse/toys/rc-toys-by-price/4171_1111647_3436383_1341660"
            ],
            [
                "RC Toys by Vehicle Type",
                "/browse/toys/rc-toys-by-vehicle-type/4171_1111647_3436383_2702261"
            ],
            [
                "Super Wings",
                "/browse/toys/super-wings/4171_1111647_2773222"
            ],
            [
                "RC Drones by Brand",
                "/browse/toys/rc-drones-by-brand/4171_1111647_3436383_3791844"
            ],
            [
                "RC Helicopters & Planes",
                "/browse/toys/rc-helicopters-planes/4171_1111647_3436383_5213267"
            ],
            [
                "Planes & Helicopters",
                "/browse/toys/planes-helicopters/4171_1111647_5741670"
            ],
            [
                "Toy Drones by Price",
                "/browse/toys/toy-drones-by-price/4171_1111647_3436383_5814447"
            ],
            [
                "RC Toys by Brand",
                "/browse/toys/rc-toys-by-brand/4171_1111647_3436383_8304402"
            ]
        ]
    },
    {
        "title": "JXD 523 Wifi FPV 0.3MP Drone with Camera Altitude Hold Foldable Mini Selfie RC Drone Quadcopter  Easy to Fly",
        "url": "https://www.walmart.com/ip/JXD-523-Wifi-FPV-0-3MP-Drone-with-Camera-Altitude-Hold-Foldable-Mini-Selfie-RC-Drone-Quadcopter-Easy-to-Fly/263232980",
        "price": "$20.99",
        "stars": "3.7",
        "ratings": "3 ",
        "img": "i5.walmartimages.com/asr/af096185-9b5d-4cd3-9c9c-206e91aee161_1.406fe58495ea243154e8c63e9bb114dc.jpeg?odnWidth=612&odnHeight=612&odnBg=ffffff",
        "tags": [
            [
                "HD Drones",
                "/browse/electronics/hd-drones/3944_5525941_1677970_1837338"
            ],
            [
                "Foldable Drones",
                "/browse/electronics/foldable-drones/3944_5525941_2616723"
            ],
            [
                "Beginner Drones",
                "/browse/electronics/beginner-drones/3944_5525941_4346614_2881959"
            ],
            [
                "RC Drones",
                "/browse/electronics/rc-drones/3944_5525941_6042620"
            ],
            [
                "Intermediate Drones",
                "/browse/electronics/intermediate-drones/3944_5525941_4346614_6345846"
            ],
            [
                "Shop All Drones",
                "/browse/electronics/shop-all-drones/3944_5525941_8120586"
            ],
            [
                "Advanced Drones",
                "/browse/electronics/advanced-drones/3944_5525941_4346614_8463965"
            ],
            [
                "Nano Drones",
                "/browse/electronics/nano-drones/3944_5525941_8713344"
            ]
        ]
    },
    {
        "title": "Hercules Unbreakable 3.5CH RC Helicopter (Color May Vary)",
        "url": "https://www.walmart.com/ip/Hercules-Unbreakable-3-5CH-RC-Helicopter-Color-May-Vary/30470150",
        "price": "$38.00",
        "stars": "3.0",
        "ratings": "15 ",
        "img": "",
        "tags": [
            [
                "Air Hogs Drones",
                "/browse/electronics/air-hogs-drones/3944_5525941_5960206_1396048"
            ],
            [
                "Air Hog Drone",
                "/browse/air-hog-drone/3944_1569681"
            ],
            [
                "Beginner Drones",
                "/browse/electronics/beginner-drones/3944_5525941_4346614_2881959"
            ],
            [
                "All Drones with Cameras",
                "/browse/electronics/all-drones-with-cameras/3944_5525941_1677970_3044927"
            ],
            [
                "Intermediate Drones",
                "/browse/electronics/intermediate-drones/3944_5525941_4346614_6345846"
            ],
            [
                "Stunt Drone",
                "/browse/electronics/stunt-drone/3944_5525941_7868570"
            ],
            [
                "Shop All Drones",
                "/browse/electronics/shop-all-drones/3944_5525941_8120586"
            ],
            [
                "Advanced Drones",
                "/browse/electronics/advanced-drones/3944_5525941_4346614_8463965"
            ]
        ]
    },
    {
        "title": "3.5CH \"Glow in the Dark\" Hercules Unbreakable Remote Control Gyro Helicopter",
        "url": "https://www.walmart.com/ip/3-5CH-Glow-in-the-Dark-Hercules-Unbreakable-Remote-Control-Gyro-Helicopter/38057047",
        "price": "$65.18",
        "stars": "4.3",
        "ratings": "6 ",
        "img": "i5.walmartimages.com/asr/3a939e0d-d769-46df-b8cd-569128e8e62c_1.eca8099d7201f4cbaf08fb915b97b3e1.jpeg?odnWidth=612&odnHeight=612&odnBg=ffffff",
        "tags": [
            [
                "Air Hogs Drones",
                "/browse/electronics/air-hogs-drones/3944_5525941_5960206_1396048"
            ],
            [
                "Air Hog Drone",
                "/browse/air-hog-drone/3944_1569681"
            ],
            [
                "Beginner Drones",
                "/browse/electronics/beginner-drones/3944_5525941_4346614_2881959"
            ],
            [
                "All Drones with Cameras",
                "/browse/electronics/all-drones-with-cameras/3944_5525941_1677970_3044927"
            ],
            [
                "Intermediate Drones",
                "/browse/electronics/intermediate-drones/3944_5525941_4346614_6345846"
            ],
            [
                "Stunt Drone",
                "/browse/electronics/stunt-drone/3944_5525941_7868570"
            ],
            [
                "Shop All Drones",
                "/browse/electronics/shop-all-drones/3944_5525941_8120586"
            ],
            [
                "Advanced Drones",
                "/browse/electronics/advanced-drones/3944_5525941_4346614_8463965"
            ]
        ]
    },
    {
        "title": "Cheerwing Syma X20 2.4Ghz Mini RC Quadcopter Headless Mode Pocket Drone Altitude Hold",
        "url": "https://www.walmart.com/ip/Cheerwing-Syma-X20-2-4Ghz-Mini-RC-Quadcopter-Headless-Mode-Pocket-Drone-Altitude-Hold/199295394",
        "price": "$26.90",
        "stars": "4.5",
        "ratings": "6 ",
        "img": "i5.walmartimages.com/asr/bdf186f5-7be4-4b9b-b107-d5446169f5ed_1.a608ee2f2e289cd07168c31cf8c14c9e.jpeg?odnWidth=612&odnHeight=612&odnBg=ffffff",
        "tags": [
            [
                "RC Drones with Cameras",
                "/browse/toys/rc-drones-with-cameras/4171_1111647_3436383_1587680"
            ],
            [
                "Sky Rider Drones",
                "/browse/toys/sky-rider-drones/4171_1111647_3436383_3449553"
            ],
            [
                "RC Drones by Brand",
                "/browse/toys/rc-drones-by-brand/4171_1111647_3436383_3791844"
            ],
            [
                "RC Cars and Vehicles",
                "/browse/toys/rc-cars-vehicles/4171_1111647_3436383_433927"
            ],
            [
                "Holy Stone Drones",
                "/browse/toys/holy-stone-drones/4171_1111647_3436383_4785173"
            ],
            [
                "RC Helicopters & Planes",
                "/browse/toys/rc-helicopters-planes/4171_1111647_3436383_5213267"
            ],
            [
                "Planes & Helicopters",
                "/browse/toys/planes-helicopters/4171_1111647_5741670"
            ],
            [
                "Toy Drones by Price",
                "/browse/toys/toy-drones-by-price/4171_1111647_3436383_5814447"
            ]
        ]
    },
    {
        "title": "2-Pack Lumi Gaming Toy 8.25\" Quadcopter Drone for iOS & Android with Bluetooth",
        "url": "https://www.walmart.com/ip/2-Pack-Lumi-Gaming-Toy-8-25-Quadcopter-Drone-for-iOS-Android-with-Bluetooth/550136678",
        "price": "$34.95",
        "stars": "4.3",
        "ratings": "3 ",
        "img": "i5.walmartimages.com/asr/ed2d010e-f84b-4fb7-879c-ed0b9325d62c_1.a02bef3c0cb60336ba14796fcbedb70c.jpeg?odnWidth=612&odnHeight=612&odnBg=ffffff",
        "tags": [
            [
                "Foldable Drones",
                "/browse/electronics/foldable-drones/3944_5525941_2616723"
            ],
            [
                "Beginner Drones",
                "/browse/electronics/beginner-drones/3944_5525941_4346614_2881959"
            ],
            [
                "All Drones with Cameras",
                "/browse/electronics/all-drones-with-cameras/3944_5525941_1677970_3044927"
            ],
            [
                "Intermediate Drones",
                "/browse/electronics/intermediate-drones/3944_5525941_4346614_6345846"
            ],
            [
                "Stunt Drone",
                "/browse/electronics/stunt-drone/3944_5525941_7868570"
            ],
            [
                "Shop All Drones",
                "/browse/electronics/shop-all-drones/3944_5525941_8120586"
            ],
            [
                "Advanced Drones",
                "/browse/electronics/advanced-drones/3944_5525941_4346614_8463965"
            ],
            [
                "Nano Drones",
                "/browse/electronics/nano-drones/3944_5525941_8713344"
            ]
        ]
    },
    {
        "title": "X20 Micro Drone",
        "url": "https://www.walmart.com/ip/X20-Micro-Drone/307807074",
        "price": "$19.88",
        "stars": "3.9",
        "ratings": "15 ",
        "img": "i5.walmartimages.com/asr/e1cab0a8-d38b-4a01-92d7-b64586d141f0_1.86bf3f464afd8325f7915ee4417b432e.jpeg?odnWidth=612&odnHeight=612&odnBg=ffffff",
        "tags": [
            [
                "Connected Dorm Room",
                "/browse/seasonal/connected-dorm-room/1085632_8174172_6292484_2548864"
            ],
            [
                "Tax Free Apparel Tech & School Supplies",
                "/browse/tax-free-apparel-tech-school-supplies/1085632_3096686"
            ],
            [
                "Tax Free Apparel & School Supplies",
                "/browse/tax-free-apparel-school-supplies/1085632_4861825"
            ],
            [
                "Mother's Day Electronics Gifts",
                "/browse/seasonal/mothers-day-electronics-gifts/1085632_1093554_5742102"
            ],
            [
                "Audio",
                "/browse/seasonal/audio/1085632_8174172_6292484_5759323"
            ],
            [
                "Tax Free Shop All",
                "/browse/tax-free-shop-all/1085632_6767877"
            ],
            [
                "Electronics Gifts for Grads",
                "/browse/seasonal/electronics-gifts-for-grads/1085632_1105121_7594959"
            ],
            [
                "Last Minute Gifts",
                "/browse/last-minute-gifts/1085632_7803702"
            ]
        ]
    }
]