[
    {
        "title": "DEERC GPS Drone DE22 with 2K FPV Camera Quadcopter drone for Adults & Beginners  Brushless Motor Auto Return Home Custom Flight Path Black",
        "url": "https://www.walmart.com/ip/DEERC-GPS-Drone-DE22-with-2K-FPV-Camera-Quadcopter-drone-for-Adults-Beginners-Brushless-Motor-Auto-Return-Home-Custom-Flight-Path-Black/951344216",
        "price": "$189.79",
        "stars": "4.8",
        "ratings": "38 ",
        "img": "i5.walmartimages.com/asr/24763b4a-3ab4-4bb5-a166-b0dd26fba4f8_1.671370f83b9bbb3674739fddb59b386a.jpeg?odnWidth=612&odnHeight=612&odnBg=ffffff",
        "tags": [
            [
                "Drones with Cameras",
                "/browse/electronics/drones-with-cameras/3944_133277_1231385"
            ],
            [
                "HD Drones",
                "/browse/electronics/hd-drones/3944_5525941_1677970_1837338"
            ],
            [
                "Foldable Drones",
                "/browse/electronics/foldable-drones/3944_5525941_2616723"
            ],
            [
                "Beginner Drones",
                "/browse/electronics/beginner-drones/3944_5525941_4346614_2881959"
            ],
            [
                "All Drones with Cameras",
                "/browse/electronics/all-drones-with-cameras/3944_5525941_1677970_3044927"
            ],
            [
                "Intermediate Drones",
                "/browse/electronics/intermediate-drones/3944_5525941_4346614_6345846"
            ],
            [
                "Shop All Drones",
                "/browse/electronics/shop-all-drones/3944_5525941_8120586"
            ],
            [
                "Advanced Drones",
                "/browse/electronics/advanced-drones/3944_5525941_4346614_8463965"
            ]
        ]
    },
    {
        "title": "RC Flying Toy, Bangcool RC Helicopter USB Rechargeable Hand Induction Helicopter Toy Remote Control Helicopter,Red",
        "url": "https://www.walmart.com/ip/RC-Flying-Toy-Bangcool-RC-Helicopter-USB-Rechargeable-Hand-Induction-Helicopter-Toy-Remote-Control-Helicopter-Red/294845212",
        "price": "$14.95",
        "stars": "3.0",
        "ratings": "4 ",
        "img": "",
        "tags": [
            [
                "Air Hogs Drones",
                "/browse/electronics/air-hogs-drones/3944_5525941_5960206_1396048"
            ],
            [
                "Foldable Drones",
                "/browse/electronics/foldable-drones/3944_5525941_2616723"
            ],
            [
                "Beginner Drones",
                "/browse/electronics/beginner-drones/3944_5525941_4346614_2881959"
            ],
            [
                "All Drones with Cameras",
                "/browse/electronics/all-drones-with-cameras/3944_5525941_1677970_3044927"
            ],
            [
                "Intermediate Drones",
                "/browse/electronics/intermediate-drones/3944_5525941_4346614_6345846"
            ],
            [
                "Stunt Drone",
                "/browse/electronics/stunt-drone/3944_5525941_7868570"
            ],
            [
                "Shop All Drones",
                "/browse/electronics/shop-all-drones/3944_5525941_8120586"
            ],
            [
                "Advanced Drones",
                "/browse/electronics/advanced-drones/3944_5525941_4346614_8463965"
            ]
        ]
    },
    {
        "title": "Riviera RC Night Stalker Drone HD",
        "url": "https://www.walmart.com/ip/Riviera-RC-Night-Stalker-Drone-HD/51755753",
        "price": "$32.95",
        "stars": 0,
        "ratings": 0,
        "img": "",
        "tags": [
            [
                "HD Drones",
                "/browse/electronics/hd-drones/3944_5525941_1677970_1837338"
            ],
            [
                "Foldable Drones",
                "/browse/electronics/foldable-drones/3944_5525941_2616723"
            ],
            [
                "Beginner Drones",
                "/browse/electronics/beginner-drones/3944_5525941_4346614_2881959"
            ],
            [
                "DJI Drones",
                "/browse/electronics/dji-drones/3944_5525941_5960206_3976514"
            ],
            [
                "RC Drones",
                "/browse/electronics/rc-drones/3944_5525941_6042620"
            ],
            [
                "Intermediate Drones",
                "/browse/electronics/intermediate-drones/3944_5525941_4346614_6345846"
            ],
            [
                "Shop All Drones",
                "/browse/electronics/shop-all-drones/3944_5525941_8120586"
            ],
            [
                "Advanced Drones",
                "/browse/electronics/advanced-drones/3944_5525941_4346614_8463965"
            ]
        ]
    },
    {
        "title": "Hand Operated Drones for Kids & Adults, Super Fun & Easy Hands Free Mini Drone Helicopter (2 Speed & LED Light), Indoor Flying Ball Toys Gifts for 6 7 8 9 10 Years Old Boys & Girls - Blue",
        "url": "https://www.walmart.com/ip/Hand-Operated-Drones-Kids-Adults-Super-Fun-Easy-Hands-Free-Mini-Drone-Helicopter-2-Speed-LED-Light-Indoor-Flying-Ball-Toys-Gifts-6-7-8-9-10-Years-Old/186209441",
        "price": "$19.99",
        "stars": "3.0",
        "ratings": "2 ",
        "img": "i5.walmartimages.com/asr/b6afb129-a20c-45cd-8779-48ffe033a70e_1.4e03a140e44f4f18b779126b3cd4f6e5.jpeg?odnWidth=612&odnHeight=612&odnBg=ffffff",
        "tags": [
            [
                "Air Hogs Drones",
                "/browse/electronics/air-hogs-drones/3944_5525941_5960206_1396048"
            ],
            [
                "HD Drones",
                "/browse/electronics/hd-drones/3944_5525941_1677970_1837338"
            ],
            [
                "Foldable Drones",
                "/browse/electronics/foldable-drones/3944_5525941_2616723"
            ],
            [
                "Beginner Drones",
                "/browse/electronics/beginner-drones/3944_5525941_4346614_2881959"
            ],
            [
                "All Drones with Cameras",
                "/browse/electronics/all-drones-with-cameras/3944_5525941_1677970_3044927"
            ],
            [
                "Intermediate Drones",
                "/browse/electronics/intermediate-drones/3944_5525941_4346614_6345846"
            ],
            [
                "Shop All Drones",
                "/browse/electronics/shop-all-drones/3944_5525941_8120586"
            ],
            [
                "Advanced Drones",
                "/browse/electronics/advanced-drones/3944_5525941_4346614_8463965"
            ]
        ]
    },
    {
        "title": "Air Hogs Rip Force Glider, Yellow",
        "url": "https://www.walmart.com/ip/Air-Hogs-Rip-Force-Glider-Yellow/42496152",
        "price": "$18.07",
        "stars": "5.0",
        "ratings": "5 ",
        "img": "",
        "tags": [
            [
                "Air Hogs Drones",
                "/browse/electronics/air-hogs-drones/3944_5525941_5960206_1396048"
            ],
            [
                "Air Hog Drone",
                "/browse/air-hog-drone/3944_1569681"
            ],
            [
                "Beginner Drones",
                "/browse/electronics/beginner-drones/3944_5525941_4346614_2881959"
            ],
            [
                "All Drones with Cameras",
                "/browse/electronics/all-drones-with-cameras/3944_5525941_1677970_3044927"
            ],
            [
                "Intermediate Drones",
                "/browse/electronics/intermediate-drones/3944_5525941_4346614_6345846"
            ],
            [
                "Shop All Drones",
                "/browse/electronics/shop-all-drones/3944_5525941_8120586"
            ],
            [
                "Advanced Drones",
                "/browse/electronics/advanced-drones/3944_5525941_4346614_8463965"
            ],
            [
                "Nano Drones",
                "/browse/electronics/nano-drones/3944_5525941_8713344"
            ]
        ]
    },
    {
        "title": "VISUO XS812 2.4G GPS 5G Wifi 1080P Wide Angle Camera Drone with  Camera Foldable Wifi FPV Altitude Hold RC Drone",
        "url": "https://www.walmart.com/ip/VISUO-XS812-2-4G-GPS-5G-Wifi-1080P-Wide-Angle-Camera-Drone-with-Camera-Foldable-Wifi-FPV-Altitude-Hold-RC-Drone/599644579",
        "price": "$93.98",
        "stars": "3.7",
        "ratings": "3 ",
        "img": "i5.walmartimages.com/asr/1954310e-4ad4-42cb-be70-fec016335b41_1.b4ec500dd4267c33c739bcf9b12f7556.jpeg?odnWidth=612&odnHeight=612&odnBg=ffffff",
        "tags": [
            [
                "Sports & Action Camcorders",
                "/browse/electronics/sports-action-camcorders/3944_133277_1100765"
            ],
            [
                "HD Drones",
                "/browse/electronics/hd-drones/3944_5525941_1677970_1837338"
            ],
            [
                "Foldable Drones",
                "/browse/electronics/foldable-drones/3944_5525941_2616723"
            ],
            [
                "Beginner Drones",
                "/browse/electronics/beginner-drones/3944_5525941_4346614_2881959"
            ],
            [
                "RC Drones",
                "/browse/electronics/rc-drones/3944_5525941_6042620"
            ],
            [
                "Intermediate Drones",
                "/browse/electronics/intermediate-drones/3944_5525941_4346614_6345846"
            ],
            [
                "Shop All Drones",
                "/browse/electronics/shop-all-drones/3944_5525941_8120586"
            ],
            [
                "Advanced Drones",
                "/browse/electronics/advanced-drones/3944_5525941_4346614_8463965"
            ]
        ]
    },
    {
        "title": "Keenstone GPS FPV Drone W9 with 120\u00b0Wide-Angle and 5G WiFi Quadcopter Video Camera Drone for Beginners, RTF One Key Take Off/Landing, Altitude Hold, Headless Mode",
        "url": "https://www.walmart.com/ip/Keenstone-GPS-FPV-Drone-W9-120-Wide-Angle-5G-WiFi-Quadcopter-Video-Camera-Beginners-RTF-One-Key-Take-Off-Landing-Altitude-Hold-Headless-Mode/172936341",
        "price": "$79.99",
        "stars": "3.0",
        "ratings": "3 ",
        "img": "i5.walmartimages.com/asr/08d4decf-137a-4ecc-b6d3-8870f6ea6d6c_1.791ccde329f5afa0fcb08016046bc4e4.jpeg?odnWidth=612&odnHeight=612&odnBg=ffffff",
        "tags": [
            [
                "GoPro Accessories",
                "/browse/electronics/gopro-accessories/3944_133277_1230678_1231341"
            ],
            [
                "HD Drones",
                "/browse/electronics/hd-drones/3944_5525941_1677970_1837338"
            ],
            [
                "Foldable Drones",
                "/browse/electronics/foldable-drones/3944_5525941_2616723"
            ],
            [
                "Beginner Drones",
                "/browse/electronics/beginner-drones/3944_5525941_4346614_2881959"
            ],
            [
                "RC Drones",
                "/browse/electronics/rc-drones/3944_5525941_6042620"
            ],
            [
                "Intermediate Drones",
                "/browse/electronics/intermediate-drones/3944_5525941_4346614_6345846"
            ],
            [
                "Shop All Drones",
                "/browse/electronics/shop-all-drones/3944_5525941_8120586"
            ],
            [
                "Advanced Drones",
                "/browse/electronics/advanced-drones/3944_5525941_4346614_8463965"
            ]
        ]
    },
    {
        "title": "Potensic T25 GPS Drone, FPV RC Drone with Camera 1080P HD WiFi Live Video, Auto Return Home, Altitude Hold, Follow Me, 2 Batteries and Carrying Case",
        "url": "https://www.walmart.com/ip/Potensic-T25-GPS-Drone-FPV-RC-Drone-with-Camera-1080P-HD-WiFi-Live-Video-Auto-Return-Home-Altitude-Hold-Follow-Me-2-Batteries-and-Carrying-Case/581030096",
        "price": "$287.71",
        "stars": 0,
        "ratings": 0,
        "img": "i5.walmartimages.com/asr/f8b3aba1-1928-4a7c-881c-5edf32e22613_1.25ef5eebaa11f177b8324fcbddcef8c7.jpeg?odnWidth=612&odnHeight=612&odnBg=ffffff",
        "tags": [
            [
                "HD Drones",
                "/browse/electronics/hd-drones/3944_5525941_1677970_1837338"
            ],
            [
                "Foldable Drones",
                "/browse/electronics/foldable-drones/3944_5525941_2616723"
            ],
            [
                "Beginner Drones",
                "/browse/electronics/beginner-drones/3944_5525941_4346614_2881959"
            ],
            [
                "DJI Drones",
                "/browse/electronics/dji-drones/3944_5525941_5960206_3976514"
            ],
            [
                "RC Drones",
                "/browse/electronics/rc-drones/3944_5525941_6042620"
            ],
            [
                "Intermediate Drones",
                "/browse/electronics/intermediate-drones/3944_5525941_4346614_6345846"
            ],
            [
                "Shop All Drones",
                "/browse/electronics/shop-all-drones/3944_5525941_8120586"
            ],
            [
                "Advanced Drones",
                "/browse/electronics/advanced-drones/3944_5525941_4346614_8463965"
            ]
        ]
    },
    {
        "title": "HawkEye 2000 2.4 GHZ RC QuadCopter with High Resolution Camera",
        "url": "https://www.walmart.com/ip/HawkEye-2000-2-4-GHZ-RC-QuadCopter-with-High-Resolution-Camera/46955265",
        "price": "$74.99",
        "stars": "2.5",
        "ratings": "4 ",
        "img": "",
        "tags": [
            [
                "HD Drones",
                "/browse/electronics/hd-drones/3944_5525941_1677970_1837338"
            ],
            [
                "Foldable Drones",
                "/browse/electronics/foldable-drones/3944_5525941_2616723"
            ],
            [
                "Beginner Drones",
                "/browse/electronics/beginner-drones/3944_5525941_4346614_2881959"
            ],
            [
                "RC Drones",
                "/browse/electronics/rc-drones/3944_5525941_6042620"
            ],
            [
                "Intermediate Drones",
                "/browse/electronics/intermediate-drones/3944_5525941_4346614_6345846"
            ],
            [
                "Shop All Drones",
                "/browse/electronics/shop-all-drones/3944_5525941_8120586"
            ],
            [
                "Advanced Drones",
                "/browse/electronics/advanced-drones/3944_5525941_4346614_8463965"
            ],
            [
                "Nano Drones",
                "/browse/electronics/nano-drones/3944_5525941_8713344"
            ]
        ]
    },
    {
        "title": "F3 RC Remote Control Quadcopter Drone | Integrated First Person View (FPV) 720p WiFi Camera | Altitude Hold (Auto Hover) | 2.4GHz | 6-Axis Gyro | One-Key Landing/Take-Off - Black",
        "url": "https://www.walmart.com/ip/F3-RC-Remote-Control-Quadcopter-Drone-Integrated-First-Person-View-FPV-720p-WiFi-Camera-Altitude-Hold-Auto-Hover-2-4GHz-6-Axis-Gyro-One-Key-Landing-T/166483356",
        "price": "$16.98",
        "stars": 0,
        "ratings": 0,
        "img": "",
        "tags": [
            [
                "Foldable Drones",
                "/browse/electronics/foldable-drones/3944_5525941_2616723"
            ],
            [
                "Beginner Drones",
                "/browse/electronics/beginner-drones/3944_5525941_4346614_2881959"
            ],
            [
                "RC Drones",
                "/browse/electronics/rc-drones/3944_5525941_6042620"
            ],
            [
                "Intermediate Drones",
                "/browse/electronics/intermediate-drones/3944_5525941_4346614_6345846"
            ],
            [
                "Stunt Drone",
                "/browse/electronics/stunt-drone/3944_5525941_7868570"
            ],
            [
                "Shop All Drones",
                "/browse/electronics/shop-all-drones/3944_5525941_8120586"
            ],
            [
                "Advanced Drones",
                "/browse/electronics/advanced-drones/3944_5525941_4346614_8463965"
            ]
        ]
    }
]