[
    {
        "title": "Wideskall Universal Indoor Rabbit Ear TV Antenna for HDTV Ready VHF UHF Dual Loop Coaxial",
        "url": "https://www.walmart.com/ip/Wideskall-Universal-Indoor-Rabbit-Ear-TV-Antenna-for-HDTV-Ready-VHF-UHF-Dual-Loop-Coaxial/677354861",
        "price": "$6.03",
        "stars": "3.4",
        "ratings": "105 ",
        "img": "",
        "tags": [
            [
                "Audio Visual Accessories",
                "/browse/electronics/audio-visual-accessories/3944_133251_1043559"
            ],
            [
                "Digital TV Converters",
                "/browse/electronics/digital-tv-converters/3944_1060825_133270_1070524"
            ],
            [
                "Streaming Devices",
                "/browse/electronics/streaming-devices/3944_77622_7549938_1229631_1085065"
            ],
            [
                "Indoor Antennas",
                "/browse/electronics/indoor-antennas/3944_1060825_133270_1208164"
            ],
            [
                "Outdoor Antennas",
                "/browse/electronics/outdoor-antennas/3944_1060825_133270_1208172"
            ],
            [
                "RCA",
                "/browse/electronics/rca/3944_4131277_1776549"
            ],
            [
                "onn. TV & Video Accessories",
                "/browse/electronics/onn-tv-video-accessories/3944_7838866_3004279_2376133_9766217_6428762"
            ],
            [
                "Roku",
                "/browse/electronics/roku/3944_4131277_8296010"
            ]
        ]
    },
    {
        "title": "Genuine Vizio XRT136 4K UHD Smart TV Remote Control with App Shortcuts (Refurbished) By Mimotron",
        "url": "https://www.walmart.com/ip/Genuine-Vizio-XRT136-4K-UHD-Smart-TV-Remote-Control-with-App-Shortcuts-Refurbished-By-Mimotron/632535310",
        "price": "$6.49",
        "stars": "4.7",
        "ratings": "15 ",
        "img": "",
        "tags": [
            [
                "Smart TVs",
                "/browse/electronics/smart-tvs/3944_1060825_1229815_1229817"
            ],
            [
                "LED TVs",
                "/browse/electronics/led-tvs/3944_1060825_1229815_1229821"
            ],
            [
                "All TVs",
                "/browse/electronics/all-tvs/3944_1060825_447913"
            ],
            [
                "Remote Controls",
                "/browse/electronics/remote-controls/3944_1060825_133270_4538"
            ],
            [
                "All Vizio TVs",
                "/browse/electronics/all-vizio-tvs/3944_1060825_2044181_5198414"
            ],
            [
                "VIZIO Smart TVs",
                "/browse/electronics/vizio-smart-tvs/3944_1060825_7985618_5794698"
            ],
            [
                "Vizio TVs All Sizes",
                "/browse/electronics/vizio-tvs-all-sizes/3944_1060825_7006231_8850404"
            ],
            [
                "Roku TVs",
                "/browse/electronics/roku-tvs/3944_1060825_1229815_9085580"
            ]
        ]
    },
    {
        "title": "AblePower 6 Outlet Wall Tap Surge Protector w/2 USB Ports 300J",
        "url": "https://www.walmart.com/ip/AblePower-6-Outlet-Wall-Tap-Surge-Protector-w-2-USB-Ports-300J/301813325",
        "price": "$13.99",
        "stars": "4.5",
        "ratings": "35 ",
        "img": "i5.walmartimages.com/asr/9f4a7cf0-0f59-4c6f-81e8-b1effa5a625c_1.efbbfa54de1b1ffc59993aa5cab56714.jpeg?odnWidth=612&odnHeight=612&odnBg=ffffff",
        "tags": [
            [
                "Smart Switches",
                "/browse/electronics/smart-switches/3944_1229875_4592199_1522536_2286595"
            ],
            [
                "TV Cables & Connectors",
                "/browse/electronics/tv-cables-connectors/3944_1060825_133270_4537"
            ],
            [
                "Only at Walmart Electronics",
                "/browse/electronics/only-at-walmart-electronics/3944_7838866_7148103"
            ],
            [
                "Smart Outlets",
                "/browse/electronics/smart-outlets/3944_1229875_4592199_1522536_8121412"
            ],
            [
                "Smart Home Kits",
                "/browse/electronics/smart-home-kits/3944_1229875_9098006_8290395"
            ],
            [
                "Shop All onn.",
                "/browse/electronics/shop-all-onn/3944_7838866_3004279_2376133_9354764"
            ],
            [
                "onn. Computer Accessories",
                "/browse/electronics/onn-computer-accessories/3944_7838866_3004279_2376133_9826274"
            ]
        ]
    },
    {
        "title": "GENUINE Element XHY353-3 TV REMOTE CONTROL FOR ELEFW247 / ELEFW504A / ELEFW328",
        "url": "https://www.walmart.com/ip/GENUINE-Element-XHY353-3-TV-REMOTE-CONTROL-FOR-ELEFW247-ELEFW504A-ELEFW328/440164646",
        "price": "$7.95",
        "stars": "4.7",
        "ratings": "30 ",
        "img": "i5.walmartimages.com/asr/8ceaa7f7-efa4-4d0a-88b5-6590a7991ead_1.0f13d63d04eab43aac2857bdf0907036.jpeg?odnWidth=612&odnHeight=612&odnBg=ffffff",
        "tags": [
            [
                "Blackweb TV & Video Accessories",
                "/browse/electronics/blackweb-tv-video-accessories/3944_4157978_5887057_1279916"
            ],
            [
                "RCA",
                "/browse/electronics/rca/3944_4131277_1776549"
            ],
            [
                "VIZIO",
                "/browse/electronics/vizio/3944_4131277_2035783"
            ],
            [
                "Element TVs",
                "/browse/electronics/element-tvs/3944_1060825_1939756_6447414_2896941"
            ],
            [
                "Blackweb",
                "/browse/electronics/blackweb/3944_4131277_4400017"
            ],
            [
                "720 Resolution HDTVs",
                "/browse/electronics/720-resolution-hdtvs/3944_1060825_3289709_6343657"
            ],
            [
                "32 Inch TVs",
                "/browse/electronics/32-inch-tvs/3944_1060825_2489948_7156390"
            ],
            [
                "Sanyo",
                "/browse/electronics/sanyo/3944_4131277_8391664"
            ]
        ]
    },
    {
        "title": "New XRT136 for Vizio Smart TV Remote Control w Vudu Amazon iheart Netflix 6 Keys",
        "url": "https://www.walmart.com/ip/New-XRT136-for-Vizio-Smart-TV-Remote-Control-w-Vudu-Amazon-iheart-Netflix-6-Keys/552373733",
        "price": "$6.79",
        "stars": "4.7",
        "ratings": "25 ",
        "img": "i5.walmartimages.com/asr/057e922d-731a-40f8-aed9-5be5ad43dae2_1.b9a3b935e630dd650c60d52e8e67725b.jpeg?odnWidth=612&odnHeight=612&odnBg=ffffff",
        "tags": [
            [
                "Smart TVs",
                "/browse/electronics/smart-tvs/3944_1060825_1229815_1229817"
            ],
            [
                "LED TVs",
                "/browse/electronics/led-tvs/3944_1060825_1229815_1229821"
            ],
            [
                "RCA",
                "/browse/electronics/rca/3944_4131277_1776549"
            ],
            [
                "VIZIO",
                "/browse/electronics/vizio/3944_4131277_2035783"
            ],
            [
                "All TVs",
                "/browse/electronics/all-tvs/3944_1060825_447913"
            ],
            [
                "All Vizio TVs",
                "/browse/electronics/all-vizio-tvs/3944_1060825_2044181_5198414"
            ],
            [
                "Hisense",
                "/browse/electronics/hisense/3944_4131277_6787526"
            ],
            [
                "Roku",
                "/browse/electronics/roku/3944_4131277_8296010"
            ]
        ]
    },
    {
        "title": "Wrap-It Storage Large (13\") Heavy-Duty Strap",
        "url": "https://www.walmart.com/ip/Wrap-It-Storage-Large-13-Heavy-Duty-Strap/141166750",
        "price": "$2.97",
        "stars": "4.9",
        "ratings": "19 ",
        "img": "i5.walmartimages.com/asr/516412d6-d171-4878-8ac3-cc086722d6f4_1.ba4b157acae996ffedaa89bfd537506a.jpeg?odnWidth=612&odnHeight=612&odnBg=ffffff",
        "tags": [
            [
                "Digital TV Converters",
                "/browse/electronics/digital-tv-converters/3944_1060825_133270_1070524"
            ],
            [
                "Speaker Cables & Connectors",
                "/browse/electronics/speaker-cables-connectors/3944_77622_8375901_1230415_1230431_1076626"
            ],
            [
                "HDMI Splitters",
                "/browse/electronics/hdmi-splitters/3944_1060825_133270_7412812_1746474"
            ],
            [
                "HDMI Cables",
                "/browse/electronics/hdmi-cables/3944_1060825_133270_7412812_3534100"
            ],
            [
                "Coaxial Cables",
                "/browse/electronics/coaxial-cables/3944_1060825_133270_5465689"
            ],
            [
                "onn. TV & Video Accessories",
                "/browse/electronics/onn-tv-video-accessories/3944_7838866_3004279_2376133_9766217_6428762"
            ],
            [
                "Optical Audio Cables",
                "/browse/electronics/optical-audio-cables/3944_1060825_133270_6630045"
            ],
            [
                "HDMI to RCA",
                "/browse/electronics/hdmi-to-rca/3944_1060825_133270_8423982"
            ]
        ]
    },
    {
        "title": "MHL Micro USB to HDMI Adapter Converter Cable 1080P HDTV for Android Windows Smartphone Tablets",
        "url": "https://www.walmart.com/ip/MHL-Micro-USB-to-HDMI-Adapter-Converter-Cable-1080P-HDTV-for-Android-Windows-Smartphone-Tablets/390329242",
        "price": "$9.37",
        "stars": "2.0",
        "ratings": "7 ",
        "img": "",
        "tags": [
            [
                "Micro USB Cable",
                "/browse/cell-phones/micro-usb-cable/1105910_133161_1072306_5756081_2033340"
            ],
            [
                "iPhone Adapter and Cables",
                "/browse/cell-phones/iphone-adapter-cables/1105910_133161_1024881_6193872"
            ],
            [
                "Apple Phone Cables",
                "/browse/cell-phones/apple-phone-cables/1105910_133161_6842958_4335636_7121255"
            ],
            [
                "Lightning Cable",
                "/browse/cell-phones/lightning-cable/1105910_133161_1072306_1791370_8216443"
            ],
            [
                "Anker Phone Cables",
                "/browse/cell-phones/anker-phone-cables/1105910_133161_6842958_4335636_9732083"
            ],
            [
                "All Phone Adapters",
                "/browse/cell-phones/all-phone-adapters/1105910_133161_7453243_9946018"
            ]
        ]
    },
    {
        "title": "Refurbished Sceptre 65\" Class 4K (2160P) LED TV (U650CV-U)",
        "url": "https://www.walmart.com/ip/Refurbished-Sceptre-65-Class-4K-2160P-LED-TV-U650CV-U/635629408",
        "price": "$350.28",
        "stars": "3.8",
        "ratings": "21 ",
        "img": "i5.walmartimages.com/asr/fc1c6356-e3fe-4fbc-9db4-bbb7ad883f0a_2.95696295b3e8eeef01c3ad12b78c21a3.jpeg?odnWidth=612&odnHeight=612&odnBg=ffffff",
        "tags": [
            [
                "LED TVs",
                "/browse/electronics/led-tvs/3944_1060825_1229815_1229821"
            ],
            [
                "4K Sceptre TVs",
                "/browse/electronics/4k-sceptre-tvs/3944_1060825_9465212_1632374"
            ],
            [
                "65 Inch TVs",
                "/browse/electronics/65-inch-tvs/3944_1060825_2489948_3421074"
            ],
            [
                "Electronics Tax Time",
                "/browse/electronics-tax-time/3944_4439225"
            ],
            [
                "All TVs",
                "/browse/electronics/all-tvs/3944_1060825_447913"
            ],
            [
                "Sceptre TVs",
                "/browse/electronics/sceptre-tvs/3944_1060825_1939756_5735890"
            ],
            [
                "4K HDR TVs",
                "/browse/electronics/4k-hdr-tvs/3944_1060825_1229815_6853163"
            ],
            [
                "Sceptre",
                "/browse/electronics/sceptre/3944_4131277_9297591"
            ]
        ]
    },
    {
        "title": "Headphone Splitter For Computer 3.5mm Female to 2 Dual 3.5mm Male Headphone Mic Audio Y Splitter Cable Smartphone Headset to PC Adapter",
        "url": "https://www.walmart.com/ip/Headphone-Splitter-For-Computer-3-5mm-Female-to-2-Dual-3-5mm-Male-Headphone-Mic-Audio-Y-Splitter-Cable-Smartphone-Headset-to-PC-Adapter/964144415",
        "price": "$5.99",
        "stars": "4.0",
        "ratings": "6 ",
        "img": "",
        "tags": [
            [
                "Audio Visual Accessories",
                "/browse/electronics/audio-visual-accessories/3944_133251_1043559"
            ],
            [
                "Digital TV Converters",
                "/browse/electronics/digital-tv-converters/3944_1060825_133270_1070524"
            ],
            [
                "Cables & Connectors",
                "/browse/electronics/cables-connectors/3944_96469_133271_1072824"
            ],
            [
                "Speaker Cables & Connectors",
                "/browse/electronics/speaker-cables-connectors/3944_77622_8375901_1230415_1230431_1076626"
            ],
            [
                "HDMI Cables",
                "/browse/electronics/hdmi-cables/3944_1060825_133270_7412812_3534100"
            ],
            [
                "onn. TV & Video Accessories",
                "/browse/electronics/onn-tv-video-accessories/3944_7838866_3004279_2376133_9766217_6428762"
            ],
            [
                "HDMI to RCA",
                "/browse/electronics/hdmi-to-rca/3944_1060825_133270_8423982"
            ],
            [
                "onn. Computer Accessories",
                "/browse/electronics/onn-computer-accessories/3944_7838866_3004279_2376133_9826274"
            ]
        ]
    },
    {
        "title": "6\" 3.5mm Stereo Female to 2 RCA Male Splitter Cable",
        "url": "https://www.walmart.com/ip/6-3-5mm-Stereo-Female-to-2-RCA-Male-Splitter-Cable/191114232",
        "price": "$1.05",
        "stars": 0,
        "ratings": 0,
        "img": "",
        "tags": [
            [
                "Digital TV Converters",
                "/browse/electronics/digital-tv-converters/3944_1060825_133270_1070524"
            ],
            [
                "Speaker Cables & Connectors",
                "/browse/electronics/speaker-cables-connectors/3944_77622_8375901_1230415_1230431_1076626"
            ],
            [
                "HDMI Splitters",
                "/browse/electronics/hdmi-splitters/3944_1060825_133270_7412812_1746474"
            ],
            [
                "HDMI Cables",
                "/browse/electronics/hdmi-cables/3944_1060825_133270_7412812_3534100"
            ],
            [
                "Coaxial Cables",
                "/browse/electronics/coaxial-cables/3944_1060825_133270_5465689"
            ],
            [
                "onn. TV & Video Accessories",
                "/browse/electronics/onn-tv-video-accessories/3944_7838866_3004279_2376133_9766217_6428762"
            ],
            [
                "Optical Audio Cables",
                "/browse/electronics/optical-audio-cables/3944_1060825_133270_6630045"
            ],
            [
                "HDMI to RCA",
                "/browse/electronics/hdmi-to-rca/3944_1060825_133270_8423982"
            ]
        ]
    }
]