[
    {
        "title": "SanDisk iXpand 128GB Flash Drive for iPhone, iPad, and Computers",
        "url": "https://www.walmart.com/ip/SanDisk-iXpand-128GB-Flash-Drive-for-iPhone-iPad-and-Computers/194580630",
        "price": "$45.99",
        "stars": "4.9",
        "ratings": "19 ",
        "img": "i5.walmartimages.com/asr/ed8bb498-d7fb-43fb-8347-5abf8a899789_1.d1e4139bf8b3846868dc451397df9c36.jpeg?odnWidth=612&odnHeight=612&odnBg=ffffff",
        "tags": [
            [
                "Camera Charging and Accessories",
                "/browse/electronics/camera-charging-accessories/3944_133277_132913_1079104"
            ],
            [
                "Micro SD Cards",
                "/browse/electronics/micro-sd-cards/3944_133277_132913_63988_4590075"
            ],
            [
                "Hard Drives & Storage",
                "/browse/electronics/hard-drives-storage/3944_3951_1073804_514537"
            ],
            [
                "SanDisk Hard Drives",
                "/browse/electronics/sandisk-hard-drives/3944_3951_132959_5146908"
            ],
            [
                "SD Cards",
                "/browse/electronics/sd-cards/3944_133277_132913_63988_5930264"
            ],
            [
                "HP Omen Laptops",
                "/browse/electronics/hp-omen-laptops/3944_3951_1089430_1230093_9496959"
            ]
        ]
    },
    {
        "title": "Ematic Adjustable 2 Shelf for DVD Player, Cable Box, with HDMI Cable",
        "url": "https://www.walmart.com/ip/Ematic-Adjustable-2-Shelf-for-DVD-Player-Cable-Box-with-HDMI-Cable/20977115",
        "price": "$22.99",
        "stars": "4.3",
        "ratings": "487 ",
        "img": "",
        "tags": [
            [
                "Audio Visual Accessories",
                "/browse/electronics/audio-visual-accessories/3944_133251_1043559"
            ],
            [
                "4K Ultra HDTVs",
                "/browse/electronics/4k-ultra-hdtvs/3944_1060825_3289709_1180168"
            ],
            [
                "LED TVs",
                "/browse/electronics/led-tvs/3944_1060825_1229815_1229821"
            ],
            [
                "TV Cables & Connectors",
                "/browse/electronics/tv-cables-connectors/3944_1060825_133270_4537"
            ],
            [
                "50 Inch TVs",
                "/browse/electronics/50-inch-tvs/3944_1060825_2489948_5472490"
            ],
            [
                "onn. TV & Video Accessories",
                "/browse/electronics/onn-tv-video-accessories/3944_7838866_3004279_2376133_9766217_6428762"
            ],
            [
                "Sceptre",
                "/browse/electronics/sceptre/3944_4131277_9297591"
            ],
            [
                "Shop All onn.",
                "/browse/electronics/shop-all-onn/3944_7838866_3004279_2376133_9354764"
            ]
        ]
    },
    {
        "title": "CyberPower MP1073SS 2-Pack of Essential Surge-Protector 6-Outlet Power Strips, 2-Foot Cord",
        "url": "https://www.walmart.com/ip/CyberPower-MP1073SS-2-Pack-of-Essential-Surge-Protector-6-Outlet-Power-Strips-2-Foot-Cord/695948748",
        "price": "$12.03",
        "stars": "5.0",
        "ratings": "1 ",
        "img": "i5.walmartimages.com/asr/7c285824-b91e-406b-96e5-63b526452b55_1.b009bab6a5acfba63859be81a91c6890.jpeg?odnWidth=612&odnHeight=612&odnBg=ffffff",
        "tags": [
            [
                "Cases & Towers",
                "/browse/electronics/cases-towers/3944_3951_1073804_1023540"
            ],
            [
                "Networking Cables & Accessories",
                "/browse/electronics/networking-cables-accessories/3944_3951_126297_1074144"
            ],
            [
                "Netgear",
                "/browse/electronics/netgear/3944_4131277_3248764"
            ],
            [
                "Smart Outlets",
                "/browse/electronics/smart-outlets/3944_1229875_4592199_1522536_8121412"
            ],
            [
                "Shop All onn.",
                "/browse/electronics/shop-all-onn/3944_7838866_3004279_2376133_9354764"
            ],
            [
                "onn. Computer Accessories",
                "/browse/electronics/onn-computer-accessories/3944_7838866_3004279_2376133_9826274"
            ]
        ]
    },
    {
        "title": "Sylvania 9\" Portable Dvd Player With Swivel Screen & 5-hour Battery - SDVD9020 black",
        "url": "https://www.walmart.com/ip/Sylvania-9-Portable-Dvd-Player-With-Swivel-Screen-5-hour-Battery-SDVD9020-black/15066091",
        "price": "$59.99",
        "stars": "4.0",
        "ratings": "271 ",
        "img": "i5.walmartimages.com/asr/58f562d1-f8cf-4eaa-9f1b-3bb6c6c2ddde_1.f4f0411bbab4bbe54e408b0007d20d61.jpeg?odnWidth=612&odnHeight=612&odnBg=ffffff",
        "tags": [
            [
                "Portable Audio",
                "/browse/electronics/portable-audio/3944_96469_1037719"
            ],
            [
                "All Portable Speakers",
                "/browse/electronics/all-portable-speakers/3944_96469_133271_1072784"
            ],
            [
                "Sports & Action Camcorders",
                "/browse/electronics/sports-action-camcorders/3944_133277_1100765"
            ],
            [
                "Mirrorless Cameras",
                "/browse/electronics/mirrorless-cameras/3944_133277_1230677"
            ],
            [
                "RCA",
                "/browse/electronics/rca/3944_4131277_1776549"
            ],
            [
                "onn. TV & Video Accessories",
                "/browse/electronics/onn-tv-video-accessories/3944_7838866_3004279_2376133_9766217_6428762"
            ],
            [
                "JBL",
                "/browse/electronics/jbl/3944_4131277_8966738"
            ],
            [
                "DVD & Blu-ray Players",
                "/browse/electronics/dvd-blu-ray-players/3944_77622_7549938_1229631_95987"
            ]
        ]
    },
    {
        "title": "RCA Suburban Mini Yagi Digital Outdoor Antenna with Mast",
        "url": "https://www.walmart.com/ip/RCA-Suburban-Mini-Yagi-Digital-Outdoor-Antenna-with-Mast/10828410",
        "price": "$39.88",
        "stars": "4.5",
        "ratings": "567 ",
        "img": "i5.walmartimages.com/asr/8231aa2f-bb73-4015-bc90-64062351cf44_1.2cf56f09623a5e9e202340c96fac2e7a.jpeg?odnWidth=612&odnHeight=612&odnBg=ffffff",
        "tags": [
            [
                "Audio Visual Accessories",
                "/browse/electronics/audio-visual-accessories/3944_133251_1043559"
            ],
            [
                "Indoor Antennas",
                "/browse/electronics/indoor-antennas/3944_1060825_133270_1208164"
            ],
            [
                "Outdoor Antennas",
                "/browse/electronics/outdoor-antennas/3944_1060825_133270_1208172"
            ],
            [
                "Antenna Signal Amplifiers",
                "/browse/electronics/antenna-signal-amplifiers/3944_1060825_133270_1224691"
            ],
            [
                "RCA",
                "/browse/electronics/rca/3944_4131277_1776549"
            ],
            [
                "Receivers & Amplifiers",
                "/browse/electronics/receivers-amplifiers/3944_77622_8375901_96890_4478"
            ],
            [
                "Coaxial Cables",
                "/browse/electronics/coaxial-cables/3944_1060825_133270_5465689"
            ],
            [
                "onn. TV & Video Accessories",
                "/browse/electronics/onn-tv-video-accessories/3944_7838866_3004279_2376133_9766217_6428762"
            ]
        ]
    },
    {
        "title": "200 Pcs 14\" Inch White Nylon Cable Zip Ties 50 lb Tensile Strength UV Resistant",
        "url": "https://www.walmart.com/ip/200-Pcs-14-Inch-White-Nylon-Cable-Zip-Ties-50-lb-Tensile-Strength-UV-Resistant/384140889",
        "price": "$10.94",
        "stars": "5.0",
        "ratings": "2 ",
        "img": "",
        "tags": [
            [
                "Digital TV Converters",
                "/browse/electronics/digital-tv-converters/3944_1060825_133270_1070524"
            ],
            [
                "Speaker Cables & Connectors",
                "/browse/electronics/speaker-cables-connectors/3944_77622_8375901_1230415_1230431_1076626"
            ],
            [
                "HDMI Splitters",
                "/browse/electronics/hdmi-splitters/3944_1060825_133270_7412812_1746474"
            ],
            [
                "HDMI Cables",
                "/browse/electronics/hdmi-cables/3944_1060825_133270_7412812_3534100"
            ],
            [
                "Coaxial Cables",
                "/browse/electronics/coaxial-cables/3944_1060825_133270_5465689"
            ],
            [
                "onn. TV & Video Accessories",
                "/browse/electronics/onn-tv-video-accessories/3944_7838866_3004279_2376133_9766217_6428762"
            ],
            [
                "Optical Audio Cables",
                "/browse/electronics/optical-audio-cables/3944_1060825_133270_6630045"
            ],
            [
                "HDMI to RCA",
                "/browse/electronics/hdmi-to-rca/3944_1060825_133270_8423982"
            ]
        ]
    },
    {
        "title": "5Rcom Universal Tabletop TV Stand Base with Swivel Mount for TVs up to 65\"Flat Panel Screen or Curved TVs Height Adjustable, UT2001-UU",
        "url": "https://www.walmart.com/ip/5Rcom-Universal-Tabletop-TV-Stand-Base-with-Swivel-Mount-for-TVs-up-to-65-Flat-Panel-Screen-or-Curved-TVs-Height-Adjustable-UT2001-UU/703158751",
        "price": "$45.17",
        "stars": "4.6",
        "ratings": "10 ",
        "img": "i5.walmartimages.com/asr/3e1c0081-54ff-4e49-aa30-7fe2bcf6b096.3279766bb35dd665e6ee0198278702ec.jpeg?odnWidth=612&odnHeight=612&odnBg=ffffff",
        "tags": [
            [
                "4K Ultra HDTVs",
                "/browse/electronics/4k-ultra-hdtvs/3944_1060825_3289709_1180168"
            ],
            [
                "LED TVs",
                "/browse/electronics/led-tvs/3944_1060825_1229815_1229821"
            ],
            [
                "Monitor & Screen Accessories",
                "/browse/electronics/monitor-screen-accessories/3944_3951_132959_447579"
            ],
            [
                "All TVs",
                "/browse/electronics/all-tvs/3944_1060825_447913"
            ],
            [
                "50 Inch TVs",
                "/browse/electronics/50-inch-tvs/3944_1060825_2489948_5472490"
            ],
            [
                "onn. TV & Video Accessories",
                "/browse/electronics/onn-tv-video-accessories/3944_7838866_3004279_2376133_9766217_6428762"
            ],
            [
                "Roku TVs",
                "/browse/electronics/roku-tvs/3944_1060825_1229815_9085580"
            ],
            [
                "Shop All onn.",
                "/browse/electronics/shop-all-onn/3944_7838866_3004279_2376133_9354764"
            ]
        ]
    },
    {
        "title": "Sony 55\" Class 4K UHD LED Android Smart TV HDR BRAVIA 900H Series XBR55X900H",
        "url": "https://www.walmart.com/ip/Sony-55-Class-4K-UHD-LED-Android-Smart-TV-HDR-BRAVIA-900H-Series-XBR55X900H/259220870",
        "price": "$948.00",
        "stars": "4.6",
        "ratings": "196 ",
        "img": "",
        "tags": [
            [
                "55 Inch TVs",
                "/browse/electronics/55-inch-tvs/3944_1060825_2489948_3168047"
            ],
            [
                "Android TVs",
                "/browse/electronics/android-tvs/3944_1060825_1229815_3346951"
            ],
            [
                "65 Inch TVs",
                "/browse/electronics/65-inch-tvs/3944_1060825_2489948_3421074"
            ],
            [
                "Sony TVs",
                "/browse/electronics/sony-tvs/3944_1060825_1939756_5806570"
            ],
            [
                "Sony Smart TVs",
                "/browse/electronics/sony-smart-tvs/3944_1060825_7985618_6318295"
            ],
            [
                "4K Sony TVs",
                "/browse/electronics/4k-sony-tvs/3944_1060825_9465212_6772903"
            ],
            [
                "1080 Resolution HDTVs",
                "/browse/electronics/1080-resolution-hdtvs/3944_1060825_3289709_7918505"
            ],
            [
                "Smart TVs that work with Google Assistant",
                "/browse/electronics/smart-tvs-that-work-with-google-assistant/3944_1229875_9259047_9416686"
            ]
        ]
    },
    {
        "title": "TSV 1080P Projector, HD Video Projector, 600 Lux LED Movie Projector with 80\" Display, Compatible with TV Stick, HDMI, VGA, USB, AV, SD Card, PC, Xbox, iPhone for Home Theater Entertainment",
        "url": "https://www.walmart.com/ip/TSV-1080P-Projector-HD-Video-600-Lux-LED-Movie-Projector-80-Display-Compatible-TV-Stick-HDMI-VGA-USB-AV-SD-Card-PC-Xbox-iPhone-Home-Theater-Entertain/258587722",
        "price": "$45.98",
        "stars": "1.0",
        "ratings": "1 ",
        "img": "i5.walmartimages.com/asr/5bbaf707-5336-45be-94a4-2117ad541858.06a5acca90523ce9f96038bf8d194fee.jpeg?odnWidth=612&odnHeight=612&odnBg=ffffff",
        "tags": [
            [
                "Dry Erasers",
                "/browse/office-supplies/dry-erasers/1229749_5237975_2684798"
            ],
            [
                "Dry Erase Markers",
                "/browse/office-supplies/dry-erase-markers/1229749_9081741_3115238"
            ],
            [
                "Whiteboards",
                "/browse/office-supplies/whiteboards/1229749_1565348_4161504"
            ],
            [
                "Shop School Supplies by Color",
                "/browse/office-supplies/shop-school-supplies-by-color/1229749_1086045_4305904"
            ],
            [
                "Scanners",
                "/browse/office-supplies/scanners/1229749_1070964_4439"
            ],
            [
                "Projector Parts and Supplies",
                "/browse/office-supplies/projector-parts-supplies/1229749_5041772_4671225"
            ],
            [
                "Laser Pointers & Remotes",
                "/browse/office-supplies/laser-pointers-remotes/1229749_5041772_9095967"
            ],
            [
                "Chalkboard Erasers",
                "/browse/office-supplies/chalkboard-erasers/1229749_1086045_1718345_9499175"
            ]
        ]
    },
    {
        "title": "Fleximounts A22 Full Motion Articulating TV Wall Mount Bracket Tilt Swivel fit for 32-60\" Flat Screen",
        "url": "https://www.walmart.com/ip/Fleximounts-A22-Full-Motion-Articulating-TV-Wall-Mount-Bracket-Tilt-Swivel-fit-for-32-60-Flat-Screen/107329287",
        "price": "$38.87",
        "stars": "4.4",
        "ratings": "56 ",
        "img": "i5.walmartimages.com/asr/c28524d8-ba6d-4794-a4c8-8dd5970aa975_1.c1eba916f67f1ea42733651580a7ae23.jpeg?odnWidth=612&odnHeight=612&odnBg=ffffff",
        "tags": [
            [
                "4K Ultra HDTVs",
                "/browse/electronics/4k-ultra-hdtvs/3944_1060825_3289709_1180168"
            ],
            [
                "Smart TVs",
                "/browse/electronics/smart-tvs/3944_1060825_1229815_1229817"
            ],
            [
                "LED TVs",
                "/browse/electronics/led-tvs/3944_1060825_1229815_1229821"
            ],
            [
                "onn. TV & Video Accessories",
                "/browse/electronics/onn-tv-video-accessories/3944_7838866_3004279_2376133_9766217_6428762"
            ],
            [
                "4K HDR TVs",
                "/browse/electronics/4k-hdr-tvs/3944_1060825_1229815_6853163"
            ],
            [
                "Roku TVs",
                "/browse/electronics/roku-tvs/3944_1060825_1229815_9085580"
            ],
            [
                "Shop All onn.",
                "/browse/electronics/shop-all-onn/3944_7838866_3004279_2376133_9354764"
            ],
            [
                "Samsung NU6900 Series UHD 4K Smart TVs",
                "/browse/electronics/samsung-nu6900-series-uhd-4k-smart-tvs/3944_1060825_2044181_2603009_4838636_9578489"
            ]
        ]
    }
]