[
    {
        "title": "Phone Tripod,Candywe Cell Phone Tripod Flexible Tripod with Bluetooth Remote Shutter,Mini Tripod for iPhone Android Phone Camera GoPro,Smartphone Tripod Mount Stand with Carry Pouch-1PACK",
        "url": "https://www.walmart.com/ip/Phone-Tripod-Candywe-Cell-Tripod-Flexible-Bluetooth-Remote-Shutter-Mini-iPhone-Android-Camera-GoPro-Smartphone-Mount-Stand-Carry-Pouch-1PACK/592103691",
        "price": "$12.34",
        "stars": "3.7",
        "ratings": "30 ",
        "img": "i5.walmartimages.com/asr/95025e76-ca04-40a5-93a3-3b63d3ecb283_1.7b527707f8dd6362217b2938a2ba7707.jpeg?odnWidth=612&odnHeight=612&odnBg=ffffff",
        "tags": [
            [
                "Selfie Sticks",
                "/browse/cell-phones/selfie-sticks/1105910_133161_9274827_1230743"
            ],
            [
                "Cell Phone Camera Attachments",
                "/browse/cell-phones/cell-phone-camera-attachments/1105910_133161_9274827_1231346"
            ],
            [
                "All Phone Camera Lenses",
                "/browse/cell-phones/all-phone-camera-lenses/1105910_133161_9274827_3801052"
            ],
            [
                "Basic Phone Cases",
                "/browse/cell-phones/basic-phone-cases/1105910_133161_1997952_3341734_5271560"
            ],
            [
                "All Phone Car Holders",
                "/browse/cell-phones/all-phone-car-holders/1105910_133161_1072308_5978976"
            ],
            [
                "Telephoto Phone Lenses",
                "/browse/cell-phones/telephoto-phone-lenses/1105910_133161_9274827_9124656"
            ],
            [
                "Selfie Lights",
                "/browse/cell-phones/selfie-lights/1105910_133161_9274827_9809657"
            ]
        ]
    },
    {
        "title": "TSV USB 3.0 5Gbps Micro SD SDXC TF T-Flash 2in1 Memory Card Mini Reader Adapter, USB 3.0 SD Card Reader for SDXC, SDHC, SD, Micro SDXC, Micro SD, Micro SDHC Card and UHS-I Cards",
        "url": "https://www.walmart.com/ip/TSV-USB-3-0-5Gbps-Micro-SD-SDXC-TF-T-Flash-2in1-Memory-Card-Mini-Reader-Adapter-SDXC-SDHC-SD-SDHC-UHS-I-Cards/160245143",
        "price": "$7.47",
        "stars": "4.4",
        "ratings": "8 ",
        "img": "i5.walmartimages.com/asr/31a6c455-b6c7-4932-9d4b-19941ece48ba_1.663375ce360f9f3f4077cec00406f84b.jpeg?odnWidth=612&odnHeight=612&odnBg=ffffff",
        "tags": [
            [
                "Hubs & USB Gadgets",
                "/browse/electronics/hubs-usb-gadgets/3944_3951_132959_1074266"
            ],
            [
                "USB Wireless Network Adapters",
                "/browse/electronics/usb-wireless-network-adapters/3944_3951_126297_232899"
            ],
            [
                "GoPro",
                "/browse/electronics/gopro/3944_4131277_4316150"
            ],
            [
                "Other Camera Accessories",
                "/browse/electronics/other-camera-accessories/3944_133277_132913_4539"
            ],
            [
                "Micro SD Cards",
                "/browse/electronics/micro-sd-cards/3944_133277_132913_63988_4590075"
            ],
            [
                "onn. Camera Accessories",
                "/browse/electronics/onn-camera-accessories/3944_133277_132913_4323092_5259738"
            ],
            [
                "SD Cards",
                "/browse/electronics/sd-cards/3944_133277_132913_63988_5930264"
            ]
        ]
    },
    {
        "title": "SanDisk microSDXC Card for Nintendo Switch - 128GB",
        "url": "https://www.walmart.com/ip/SanDisk-microSDXC-Card-for-Nintendo-Switch-128GB/983029658",
        "price": "$29.84",
        "stars": "4.5",
        "ratings": "10 ",
        "img": "i5.walmartimages.com/asr/c5e0a573-0a15-4e55-b701-56d95800bc3e_1.2dc6fc9653cdd16a11272f61dc366ec6.jpeg?odnWidth=612&odnHeight=612&odnBg=ffffff",
        "tags": [
            [
                "Lenovo Desktop Computers",
                "/browse/electronics/lenovo-desktop-computers/3944_3951_132982_1230175_1230179"
            ],
            [
                "All Lenovo Tablets",
                "/browse/electronics/all-lenovo-tablets/3944_1078524_3119922_6253613_2596417"
            ],
            [
                "Dell Touchscreen Laptops",
                "/browse/electronics/dell-touchscreen-laptops/3944_3951_1089430_1230093_1230102_4504045"
            ],
            [
                "onn. Camera Accessories",
                "/browse/electronics/onn-camera-accessories/3944_133277_132913_4323092_5259738"
            ],
            [
                "Lenovo Touchscreen Laptops",
                "/browse/electronics/lenovo-touchscreen-laptops/3944_3951_1089430_1230093_1230101_5560642"
            ],
            [
                "SD Cards",
                "/browse/electronics/sd-cards/3944_133277_132913_63988_5930264"
            ],
            [
                "Lenovo 2-in-1 Laptops",
                "/browse/electronics/lenovo-2-in-1-laptops/3944_3951_1089430_1230093_1230101_8614291"
            ],
            [
                "Acer Gaming Laptops",
                "/browse/electronics/acer-gaming-laptops/3944_3951_1089430_1230091_1094888_9102098"
            ]
        ]
    },
    {
        "title": "Canon Rebel T7 DSLR Camera with 18-55mm DC III Lens and 64GB Ultra Speed Memory Card, Case, Cleaning Kit, Flash, and more Fully Loaded Bundle",
        "url": "https://www.walmart.com/ip/Canon-Rebel-T7-DSLR-Camera-with-18-55mm-DC-III-Lens-and-64GB-Ultra-Speed-Memory-Card-Case-Cleaning-Kit-Flash-and-more-Fully-Loaded-Bundle/616867540",
        "price": "$419.99",
        "stars": 0,
        "ratings": 0,
        "img": "i5.walmartimages.com/asr/61b7d8e4-273b-4b06-a036-38416b14b95b.51be1cd540106324032888a0f0c8bef5.jpeg?odnWidth=612&odnHeight=612&odnBg=ffffff",
        "tags": [
            [
                "Instant Film Cameras",
                "/browse/electronics/instant-film-cameras/3944_133277_1070984"
            ],
            [
                "Digital SLR Cameras",
                "/browse/electronics/digital-slr-cameras/3944_133277_1096663"
            ],
            [
                "Point & Shoot Cameras",
                "/browse/electronics/point-shoot-cameras/3944_133277_1166834"
            ],
            [
                "Nikon Cameras",
                "/browse/electronics/nikon-cameras/3944_133277_1231331_1231332"
            ],
            [
                "Canon Cameras",
                "/browse/electronics/canon-cameras/3944_133277_1231331_1231333"
            ],
            [
                "Fujifilm Instax",
                "/browse/electronics/fujifilm-instax/3944_133277_1231331_5022517"
            ],
            [
                "Canon",
                "/browse/electronics/canon/3944_4131277_7135121"
            ],
            [
                "Nikon",
                "/browse/electronics/nikon/3944_4131277_9909765"
            ]
        ]
    },
    {
        "title": "Fujifilm Instax Mini 9 Camera Flamingo Pink + Bundle Includes; Instant camera + Fuji Instax Film (20 PK) + Flamingo Pink Camera Case + Frames + Selfie lens + Album And More",
        "url": "https://www.walmart.com/ip/Fujifilm-Instax-Mini-9-Camera-Flamingo-Pink-Bundle-Includes-Instant-camera-Fuji-Film-20-PK-Case-Frames-Selfie-lens-Album-And-More/817943832",
        "price": "$94.99",
        "stars": "5.0",
        "ratings": "5 ",
        "img": "i5.walmartimages.com/asr/4656ecbe-7714-408a-948a-60524219731a_1.231976697042fd86cf2c669fb6cebf96.jpeg?odnWidth=612&odnHeight=612&odnBg=ffffff",
        "tags": [
            [
                "Instant Film Cameras",
                "/browse/electronics/instant-film-cameras/3944_133277_1070984"
            ],
            [
                "Camera Lenses",
                "/browse/electronics/camera-lenses/3944_133277_132913_1231342_1079107"
            ],
            [
                "Fujifilm Cameras",
                "/browse/electronics/fujifilm-cameras/3944_133277_1231331_1231335"
            ],
            [
                "Camera Bags & Cases",
                "/browse/electronics/camera-bags-cases/3944_133277_132913_978661_3591695"
            ],
            [
                "All Cameras",
                "/browse/electronics/all-cameras/3944_133277_4468"
            ],
            [
                "Fujifilm",
                "/browse/electronics/fujifilm/3944_4131277_7767956"
            ],
            [
                "Polaroid Film & Camera Film",
                "/browse/electronics/polaroid-film-camera-film/3944_133277_132913_7818657"
            ]
        ]
    },
    {
        "title": "ADESSO(R) 720P USB WEBCAM W/ M",
        "url": "https://www.walmart.com/ip/ADESSO-R-720P-USB-WEBCAM-W-M/317103251",
        "price": "$16.99",
        "stars": "3.2",
        "ratings": "5 ",
        "img": "",
        "tags": [
            [
                "All Portable Speakers",
                "/browse/electronics/all-portable-speakers/3944_96469_133271_1072784"
            ],
            [
                "Surveillance Cameras",
                "/browse/electronics/surveillance-cameras/3944_133277_1224850"
            ],
            [
                "Wireless Cameras",
                "/browse/electronics/wireless-cameras/3944_1229875_6357978_5718781_9232158_2852655"
            ],
            [
                "All Camcorders",
                "/browse/electronics/all-camcorders/3944_133277_4549"
            ],
            [
                "Webcam Privacy Covers",
                "/browse/electronics/webcam-privacy-covers/3944_3951_1089430_1230184_7005593"
            ],
            [
                "Webcams",
                "/browse/electronics/webcams/3944_1229875_6357978_5718781_9232158_7208431"
            ]
        ]
    },
    {
        "title": "VanTop 4K Action Camera 20MP Moment 4 Underwater Waterproof Camera with EIS, Touch Screen, Remote, 170\u00b0 Wide Angle WiFi Sports Cam with 2 Batteries and GoPro Accessories Kit",
        "url": "https://www.walmart.com/ip/VanTop-4K-Action-Camera-20MP-Moment-4-Underwater-Waterproof-EIS-Touch-Screen-Remote-170-Wide-Angle-WiFi-Sports-Cam-2-Batteries-GoPro-Accessories-Kit/276413527",
        "price": "$79.99",
        "stars": "4.5",
        "ratings": "55 ",
        "img": "i5.walmartimages.com/asr/1555e85c-c12a-4f27-a7bd-3c28232bb812.c7c25297ffd8e0c72a62149e8df4b0d9.jpeg?odnWidth=612&odnHeight=612&odnBg=ffffff",
        "tags": [
            [
                "GoPro Cameras & Accessories",
                "/browse/electronics/gopro-cameras-accessories/3944_133277_1095238"
            ],
            [
                "Sports & Action Camcorders",
                "/browse/electronics/sports-action-camcorders/3944_133277_1100765"
            ],
            [
                "Mirrorless Cameras",
                "/browse/electronics/mirrorless-cameras/3944_133277_1230677"
            ],
            [
                "GoPro Cameras",
                "/browse/electronics/gopro-cameras/3944_133277_1230678_1230679"
            ],
            [
                "Sony Cameras",
                "/browse/electronics/sony-cameras/3944_133277_1231331_1231334"
            ],
            [
                "GoPro",
                "/browse/electronics/gopro/3944_4131277_4316150"
            ],
            [
                "All Camcorders",
                "/browse/electronics/all-camcorders/3944_133277_4549"
            ],
            [
                "GoPro HERO7",
                "/browse/electronics/gopro-hero7/3944_133277_1230678_4801960"
            ]
        ]
    },
    {
        "title": "Kids Digital Video Camera Action Sports Camera 1080P 12MP Waterproof 30M Built-in Lithium Battery Christmas Gift New Year Present for Children Boys Girls",
        "url": "https://www.walmart.com/ip/Kids-Digital-Video-Camera-Action-Sports-1080P-12MP-Waterproof-30M-Built-in-Lithium-Battery-Christmas-Gift-New-Year-Present-Children-Boys-Girls/540506272",
        "price": "$25.99",
        "stars": "3.5",
        "ratings": "2 ",
        "img": "i5.walmartimages.com/asr/1b611419-10d6-4dd2-921a-9ecb384a8a4c_1.e365ed17d46d8ceeabc2d08e420da5c6.jpeg?odnWidth=612&odnHeight=612&odnBg=ffffff",
        "tags": [
            [
                "Sports & Action Camcorders",
                "/browse/electronics/sports-action-camcorders/3944_133277_1100765"
            ],
            [
                "Point & Shoot Cameras",
                "/browse/electronics/point-shoot-cameras/3944_133277_1166834"
            ],
            [
                "Waterproof Cameras",
                "/browse/electronics/waterproof-cameras/3944_133277_1166835"
            ],
            [
                "Digital Photo Frames",
                "/browse/electronics/digital-photo-frames/3944_133277_132913_164092"
            ],
            [
                "Camera Bags & Cases",
                "/browse/electronics/camera-bags-cases/3944_133277_132913_978661_3591695"
            ],
            [
                "Polaroid Cameras",
                "/browse/electronics/polaroid-cameras/3944_133277_1231331_4402585"
            ],
            [
                "All Cameras",
                "/browse/electronics/all-cameras/3944_133277_4468"
            ]
        ]
    },
    {
        "title": "Canon SX540",
        "url": "https://www.walmart.com/ip/Canon-SX540/50697481",
        "price": "$279.00",
        "stars": "4.2",
        "ratings": "72 ",
        "img": "",
        "tags": [
            [
                "Digital SLR Cameras",
                "/browse/electronics/digital-slr-cameras/3944_133277_1096663"
            ],
            [
                "Point & Shoot Cameras",
                "/browse/electronics/point-shoot-cameras/3944_133277_1166834"
            ],
            [
                "Nikon Cameras",
                "/browse/electronics/nikon-cameras/3944_133277_1231331_1231332"
            ],
            [
                "Canon Cameras",
                "/browse/electronics/canon-cameras/3944_133277_1231331_1231333"
            ],
            [
                "Sony Cameras",
                "/browse/electronics/sony-cameras/3944_133277_1231331_1231334"
            ],
            [
                "Kodak Cameras",
                "/browse/electronics/kodak-cameras/3944_133277_1231331_1231337"
            ],
            [
                "Canon",
                "/browse/electronics/canon/3944_4131277_7135121"
            ],
            [
                "Nikon",
                "/browse/electronics/nikon/3944_4131277_9909765"
            ]
        ]
    },
    {
        "title": "2020 NEW Handheld Camera Video Stabilizer Set Camera Bracket Holder Triple Shoe Mount With Video Light Mic for Cameras and Phone",
        "url": "https://www.walmart.com/ip/2020-NEW-Handheld-Camera-Video-Stabilizer-Set-Camera-Bracket-Holder-Triple-Shoe-Mount-With-Video-Light-Mic-for-Cameras-and-Phone/320145328",
        "price": "$44.18",
        "stars": "3.0",
        "ratings": "1 ",
        "img": "i5.walmartimages.com/asr/3b2c7e24-1a24-4237-8775-f497c3f23401_1.dde6dd7fb8d2bf04660a0f0df5584886.jpeg?odnWidth=612&odnHeight=612&odnBg=ffffff",
        "tags": [
            [
                "Olympus Cameras",
                "/browse/electronics/olympus-cameras/3944_133277_1231331_1231338"
            ],
            [
                "GoPro Accessories",
                "/browse/electronics/gopro-accessories/3944_133277_1230678_1231341"
            ],
            [
                "Drones with Cameras",
                "/browse/electronics/drones-with-cameras/3944_133277_1231385"
            ],
            [
                "Camcorder Stabilizers",
                "/browse/electronics/camcorder-stabilizers/3944_133277_1231377_1231389"
            ],
            [
                "Drone Accessories",
                "/browse/electronics/drone-accessories/3944_133277_2972544"
            ],
            [
                "GoPro",
                "/browse/electronics/gopro/3944_4131277_4316150"
            ],
            [
                "All Camcorders",
                "/browse/electronics/all-camcorders/3944_133277_4549"
            ]
        ]
    }
]