[
    {
        "title": "Lenovo Legion 5 Laptop, 15\" FHD, Intel Core i7-10750H, NVIDIA GeForce RTX 2060, 16GB RAM, 512GB SSD, Phantom Black, Windows 10, 81Y600DCUS",
        "url": "https://www.walmart.com/ip/Lenovo-Legion-5-Laptop-15-FHD-Intel-Core-i7-10750H-NVIDIA-GeForce-RTX-2060-16GB-RAM-512GB-SSD-Phantom-Black-Windows-10-81Y600DCUS/713520359",
        "price": "$1149.00",
        "stars": "4.6",
        "ratings": "105 ",
        "img": "i5.walmartimages.com/asr/66d30d98-90a4-4550-8f91-70f941a0038b.892ed79fc8a1291d102c3ab83d9bd08f.jpeg?odnWidth=612&odnHeight=612&odnBg=ffffff",
        "tags": []
    },
    {
        "title": "EEEkit USB Headset with Microphone Noise Cancelling & Mic Mute Volume Control, Computer Headphone for Call Center Office Business PC Calls Teams Skype, Clearer Voice, Light and Comfort",
        "url": "https://www.walmart.com/ip/EEEkit-USB-Headset-Microphone-Noise-Cancelling-Mic-Mute-Volume-Control-Computer-Headphone-Call-Center-Office-Business-PC-Calls-Teams-Skype-Clearer-Vo/929487308",
        "price": "$13.97",
        "stars": "3.2",
        "ratings": "14 ",
        "img": "i5.walmartimages.com/asr/9e755387-07fb-450c-8411-cb9bc683884a.dfb5f7adc5762fb70f833e6dfe63eb4b.jpeg?odnWidth=612&odnHeight=612&odnBg=ffffff",
        "tags": [
            [
                "Portable Audio",
                "/browse/electronics/portable-audio/3944_96469_1037719"
            ],
            [
                "Over-Ear and On-Ear Headphones",
                "/browse/electronics/over-ear-on-ear-headphones/3944_133251_1095191_1230614_1230477"
            ],
            [
                "Wireless and Bluetooth Headphones",
                "/browse/electronics/wireless-bluetooth-headphones/3944_133251_1095191_1230614_1230478"
            ],
            [
                "Apple",
                "/browse/electronics/apple/3944_4131277_4253599"
            ],
            [
                "Electronics Tax Time",
                "/browse/electronics-tax-time/3944_4439225"
            ],
            [
                "Noise Cancelling Headsets",
                "/browse/electronics/noise-cancelling-headsets/3944_3951_132959_6834263_6829460_4906098"
            ],
            [
                "All PC Headsets",
                "/browse/electronics/all-pc-headsets/3944_3951_132959_6834263_6829460_5849297"
            ],
            [
                "True Wireless Headphones",
                "/browse/electronics/true-wireless-headphones/3944_133251_1095191_1230614_8443225"
            ]
        ]
    },
    {
        "title": "NETGEAR AC1750 Dual Band Smart WiFi Router (R6350-100NAS)",
        "url": "https://www.walmart.com/ip/NETGEAR-AC1750-Dual-Band-Smart-WiFi-Router-R6350-100NAS/731157889",
        "price": "$99.00",
        "stars": "4.8",
        "ratings": "724 ",
        "img": "",
        "tags": [
            [
                "Father's Day Electronics",
                "/browse/seasonal/fathers-day-electronics/1085632_1094344_2365074"
            ],
            [
                "Connected Dorm Room",
                "/browse/seasonal/connected-dorm-room/1085632_8174172_6292484_2548864"
            ],
            [
                "Shop All Glass",
                "/browse/seasonal/shop-all-glass/1085632_1071204_4976191"
            ],
            [
                "Mother's Day Electronics Gifts",
                "/browse/seasonal/mothers-day-electronics-gifts/1085632_1093554_5742102"
            ],
            [
                "Audio",
                "/browse/seasonal/audio/1085632_8174172_6292484_5759323"
            ],
            [
                "Stock up on Cleaning Supplies",
                "/browse/seasonal/stock-up-cleaning-supplies/1085632_9267270_6133729_6220803"
            ],
            [
                "Printers & Ink",
                "/browse/seasonal/printers-ink/1085632_8174172_6292484_7163090"
            ],
            [
                "Electronics Gifts for Grads",
                "/browse/seasonal/electronics-gifts-for-grads/1085632_1105121_7594959"
            ]
        ]
    },
    {
        "title": "Epson EcoTank ET-2760 Wireless Color All-in-One Cartridge-Free Supertank Printer with Scanner and Copier",
        "url": "https://www.walmart.com/ip/Epson-EcoTank-ET-2760-Wireless-Color-All-in-One-Cartridge-Free-Supertank-Printer-with-Scanner-and-Copier/824918042",
        "price": "$343.84",
        "stars": "4.2",
        "ratings": "166 ",
        "img": "i5.walmartimages.com/asr/9037640c-6452-4e36-b143-0191af788baa_1.2d2e9618fe3861c4673e6f4ed754ead5.jpeg?odnWidth=612&odnHeight=612&odnBg=ffffff",
        "tags": [
            [
                "Printer Ink",
                "/browse/electronics/printer-ink/3944_3951_37807_133104"
            ],
            [
                "Inkjet Printers",
                "/browse/electronics/inkjet-printers/3944_3951_37807_163957_2713574"
            ],
            [
                "Photo Printers",
                "/browse/electronics/photo-printers/3944_3951_37807_163957_3647903"
            ],
            [
                "All-in-One Printers",
                "/browse/electronics/all-in-one-printers/3944_3951_37807_163957_4175270"
            ],
            [
                "HP Printers",
                "/browse/electronics/hp-printers/3944_4131277_7559616_4218181"
            ],
            [
                "Canon",
                "/browse/electronics/canon/3944_4131277_7135121"
            ],
            [
                "Canon Printer",
                "/browse/electronics/canon-printer/3944_3951_37807_163957_7855987"
            ],
            [
                "Epson EcoTank",
                "/browse/electronics/epson-ecotank/3944_3951_37807_163957_4192753_8858564"
            ]
        ]
    },
    {
        "title": "onn. Wireless Charging Pad, Grey (Fabric)",
        "url": "https://www.walmart.com/ip/onn-Wireless-Charging-Pad-Grey-Fabric/548670918",
        "price": "$24.88",
        "stars": "4.4",
        "ratings": "59 ",
        "img": "i5.walmartimages.com/asr/12efb377-81b9-4e13-8dde-a65c4076a852.1803e63291e6f209245c49a9ddff5845.jpeg?odnWidth=612&odnHeight=612&odnBg=ffffff",
        "tags": [
            [
                "Hubs & USB Gadgets",
                "/browse/electronics/hubs-usb-gadgets/3944_3951_132959_1074266"
            ],
            [
                "Smart TVs",
                "/browse/electronics/smart-tvs/3944_1060825_1229815_1229817"
            ],
            [
                "onn. Phone Cables",
                "/browse/electronics/onn-phone-cables/3944_7838866_3004279_2376133_9766217_1898577"
            ],
            [
                "USB Wireless Network Adapters",
                "/browse/electronics/usb-wireless-network-adapters/3944_3951_126297_232899"
            ],
            [
                "onn. Phone & Cellphone Accessories",
                "/browse/electronics/onn-phone-cellphone-accessories/3944_7838866_3004279_2376133_4966163"
            ],
            [
                "Only at Walmart Electronics",
                "/browse/electronics/only-at-walmart-electronics/3944_7838866_7148103"
            ],
            [
                "Roku TVs",
                "/browse/electronics/roku-tvs/3944_1060825_1229815_9085580"
            ],
            [
                "onn. Computer Accessories",
                "/browse/electronics/onn-computer-accessories/3944_7838866_3004279_2376133_9826274"
            ]
        ]
    },
    {
        "title": "HDMI to VGA Cable Male to Male Video Adapter Cable 6ft 1.8m Black for Monitor Duplication",
        "url": "https://www.walmart.com/ip/HDMI-to-VGA-Cable-Male-to-Male-Video-Adapter-Cable-6ft-1-8m-Black-for-Monitor-Duplication/627029180",
        "price": "$7.49",
        "stars": 0,
        "ratings": 0,
        "img": "",
        "tags": [
            [
                "Networking Cables & Accessories",
                "/browse/electronics/networking-cables-accessories/3944_3951_126297_1074144"
            ],
            [
                "All Tablet Accessories",
                "/browse/electronics/all-tablet-accessories/3944_1078524_1225368_1087422"
            ],
            [
                "Apple Accessories",
                "/browse/electronics/apple-accessories/3944_1229722_1230413"
            ],
            [
                "TV Cables & Connectors",
                "/browse/electronics/tv-cables-connectors/3944_1060825_133270_4537"
            ],
            [
                "Cables, Adapters, & Chargers",
                "/browse/electronics/cables-adapters-chargers/3944_1078524_1225368_5562682"
            ],
            [
                "USB Computer Cable",
                "/browse/electronics/usb-computer-cable/3944_3951_132959_4463_7257264"
            ]
        ]
    },
    {
        "title": "Brother Genuine TN-227BK High Yield Black Toner Cartridge",
        "url": "https://www.walmart.com/ip/Brother-Genuine-TN-227BK-High-Yield-Black-Toner-Cartridge/458189431",
        "price": "$75.21",
        "stars": "5.0",
        "ratings": "6 ",
        "img": "i5.walmartimages.com/asr/730fafca-4a60-4836-b38b-f1629fe7add6_1.1494f228b4958a601c7a42ccd5a36a89.jpeg?odnWidth=612&odnHeight=612&odnBg=ffffff",
        "tags": [
            [
                "Father's Day Electronics",
                "/browse/seasonal/fathers-day-electronics/1085632_1094344_2365074"
            ],
            [
                "Tax Free Apparel & School Supplies",
                "/browse/tax-free-apparel-school-supplies/1085632_4861825"
            ],
            [
                "Shop All Glass",
                "/browse/seasonal/shop-all-glass/1085632_1071204_4976191"
            ],
            [
                "Mother's Day Electronics Gifts",
                "/browse/seasonal/mothers-day-electronics-gifts/1085632_1093554_5742102"
            ],
            [
                "Tax Free Shop All",
                "/browse/tax-free-shop-all/1085632_6767877"
            ],
            [
                "Printers & Ink",
                "/browse/seasonal/printers-ink/1085632_8174172_6292484_7163090"
            ],
            [
                "Electronics Gifts for Grads",
                "/browse/seasonal/electronics-gifts-for-grads/1085632_1105121_7594959"
            ],
            [
                "Last Minute Gifts",
                "/browse/last-minute-gifts/1085632_7803702"
            ]
        ]
    },
    {
        "title": "HP Desktop Computer VGA Cable 5 FT - Limit 2",
        "url": "https://www.walmart.com/ip/HP-Desktop-Computer-VGA-Cable-5-FT-Limit-2/924869927",
        "price": "$2.28",
        "stars": "4.5",
        "ratings": "54 ",
        "img": "",
        "tags": [
            [
                "Speaker Cables & Connectors",
                "/browse/electronics/speaker-cables-connectors/3944_77622_8375901_1230415_1230431_1076626"
            ],
            [
                "HDMI to VGA Adapters",
                "/browse/electronics/hdmi-to-vga-adapters/3944_1060825_133270_7412812_2745067"
            ],
            [
                "Video Computer Cable",
                "/browse/electronics/video-computer-cable/3944_3951_132959_4463_3451272"
            ],
            [
                "TV Cables & Connectors",
                "/browse/electronics/tv-cables-connectors/3944_1060825_133270_4537"
            ],
            [
                "Cables, Adapters, & Chargers",
                "/browse/electronics/cables-adapters-chargers/3944_1078524_1225368_5562682"
            ],
            [
                "USB Computer Cable",
                "/browse/electronics/usb-computer-cable/3944_3951_132959_4463_7257264"
            ],
            [
                "HDMI Computer Cables",
                "/browse/electronics/hdmi-computer-cables/3944_3951_132959_4463_9684209"
            ]
        ]
    },
    {
        "title": "HP Pavilion Gaming R5 1650 Super, 8GB/256GB Gaming Desktop Tower",
        "url": "https://www.walmart.com/ip/HP-Pavilion-Gaming-R5-1650-Super-8GB-256GB-Gaming-Desktop-Tower/943933730",
        "price": "$764.98",
        "stars": "4.4",
        "ratings": "204 ",
        "img": "i5.walmartimages.com/asr/086c5929-bcba-457a-ae8c-7cb41625245e.09b250d91deefc1940e7af15e8373c5a.jpeg?odnWidth=612&odnHeight=612&odnBg=ffffff",
        "tags": [
            [
                "Gaming Desktops",
                "/browse/electronics/gaming-desktops/3944_3951_132982_1231068_1097445"
            ],
            [
                "Business Desktops",
                "/browse/electronics/business-desktops/3944_3951_132982_1231068_1230173"
            ],
            [
                "HP Desktop Computers",
                "/browse/electronics/hp-desktop-computers/3944_3951_132982_1230175_1230176"
            ],
            [
                "All Desktop Computers",
                "/browse/electronics/all-desktop-computers/3944_3951_132982_1231618"
            ],
            [
                "Premium HP Computers",
                "/browse/electronics/premium-hp-computers/3944_3951_4991337_5933389_4590031"
            ],
            [
                "Premium Gaming Computers",
                "/browse/electronics/premium-gaming-computers/3944_3951_4991337_4747900"
            ],
            [
                "HP Desktops",
                "/browse/electronics/hp-desktops/3944_4131277_7559616_6220103"
            ],
            [
                "Premium PC Gaming",
                "/browse/electronics/premium-pc-gaming/3944_3951_4991337_4954263_7431600"
            ]
        ]
    },
    {
        "title": "Skyroam Solis Lite: International Mobile WiFi Hotspot | Global SIM-Free 4G LTE | Coverage in 130+ Countries | Get Data by The Day, Month, or GB",
        "url": "https://www.walmart.com/ip/Skyroam-Solis-Lite-International-Mobile-WiFi-Hotspot-Global-SIM-Free-4G-LTE-Coverage-in-130-Countries-Get-Data-by-The-Day-Month-or-GB/982511850",
        "price": "$119.95",
        "stars": "3.7",
        "ratings": "12 ",
        "img": "i5.walmartimages.com/asr/dd77e328-1281-4cf3-9f5a-f7f527179a95_1.8063e5ed81bd3cea10bd6fb87d311442.jpeg?odnWidth=612&odnHeight=612&odnBg=ffffff",
        "tags": [
            [
                "Straight Talk Prepaid Phones",
                "/browse/cell-phones/straight-talk-prepaid-phones/1105910_3253219_1045119_1068804"
            ],
            [
                "Prepaid Plans",
                "/browse/cell-phones/prepaid-plans/1105910_4960552_1081104"
            ],
            [
                "Data Plans",
                "/browse/cell-phones/data-plans/1105910_4960552_1163448"
            ],
            [
                "Straight Talk Prepaid Plans",
                "/browse/cell-phones/straight-talk-prepaid-plans/1105910_4960552_1481853"
            ],
            [
                "All Power Banks",
                "/browse/cell-phones/all-power-banks/1105910_133161_1087421_5166421"
            ],
            [
                "Simple Mobile Prepaid Plans",
                "/browse/cell-phones/simple-mobile-prepaid-plans/1105910_4960552_6215118"
            ],
            [
                "Anker Power Banks",
                "/browse/cell-phones/anker-power-banks/1105910_133161_1087421_7686734"
            ]
        ]
    }
]