[
    {
        "title": "ZIZO BOLT Series for Samsung Galaxy A20 Case | Heavy-duty Military-grade Drop Protection w/ Kickstand Included Belt Clip Holster Tempered Glass Lanyard Galaxy A50 - Black/Red",
        "url": "https://www.walmart.com/ip/ZIZO-BOLT-Series-Samsung-Galaxy-A20-Case-Heavy-duty-Military-grade-Drop-Protection-w-Kickstand-Included-Belt-Clip-Holster-Tempered-Glass-Lanyard-A50-/752673879",
        "price": "$19.99",
        "stars": "4.8",
        "ratings": "26 ",
        "img": "i5.walmartimages.com/asr/c3d012c4-434b-40d4-81bd-8fcf9af9904f_1.91d0fab31e2a131d56cc5ff1782a2b8f.jpeg?odnWidth=612&odnHeight=612&odnBg=ffffff",
        "tags": [
            [
                "Galaxy A20 Cases",
                "/browse/cell-phones/galaxy-a20-cases/1105910_133161_1997952_7579365_4725617_2510675"
            ],
            [
                "Phone Cases with Stand",
                "/browse/cell-phones/phone-cases-with-stand/1105910_133161_1997952_3341734_3002820"
            ],
            [
                "Dust Proof Phone Cases",
                "/browse/cell-phones/dust-proof-phone-cases/1105910_133161_1997952_3341734_5141479"
            ],
            [
                "Fashion Phone Cases",
                "/browse/cell-phones/fashion-phone-cases/1105910_133161_1997952_5447121_6032570"
            ],
            [
                "Phone Cases with Screen Protector",
                "/browse/cell-phones/phone-cases-with-screen-protector/1105910_133161_1997952_3341734_7227042"
            ],
            [
                "Scratch Resistant Phone Cases",
                "/browse/cell-phones/scratch-resistant-phone-cases/1105910_133161_1997952_3341734_9085952"
            ],
            [
                "Rugged Phone Cases",
                "/browse/cell-phones/rugged-phone-cases/1105910_133161_1997952_5447121_9150120"
            ],
            [
                "Holster Phone Cases",
                "/browse/cell-phones/holster-phone-cases/1105910_133161_1997952_5447121_9898236"
            ]
        ]
    },
    {
        "title": "Cable Matters USB 3.1 Type C (USB-C) to Type A (USB-A) Cable in Black 3.3 Feet",
        "url": "https://www.walmart.com/ip/Cable-Matters-USB-3-1-Type-C-USB-C-to-Type-A-USB-A-Cable-in-Black-3-3-Feet/49419804",
        "price": "$5.99",
        "stars": "4.7",
        "ratings": "43 ",
        "img": "",
        "tags": [
            [
                "All Phone Cables",
                "/browse/cell-phones/all-phone-cables/1105910_133161_6842958_1413855"
            ],
            [
                "Micro USB Cable",
                "/browse/cell-phones/micro-usb-cable/1105910_133161_1072306_5756081_2033340"
            ],
            [
                "Belkin Phone Chargers",
                "/browse/cell-phones/belkin-phone-chargers/1105910_133161_1072306_5297453_7127998"
            ],
            [
                "Belkin Phone Batteries Battery Packs and Power",
                "/browse/cell-phones/belkin-phone-batteries-battery-packs-power/1105910_133161_9140496_1930230_7217835"
            ],
            [
                "Belkin Phone Cables",
                "/browse/cell-phones/belkin-phone-cables/1105910_133161_6842958_4335636_7787918"
            ],
            [
                "USB-C Charging Cable",
                "/browse/cell-phones/usb-c-charging-cable/1105910_133161_1072306_5756081_8180603"
            ],
            [
                "Belkin Phone Adapter and Cables",
                "/browse/cell-phones/belkin-phone-adapter-cables/1105910_133161_9140496_1930230_8194306"
            ],
            [
                "Anker Phone Cables",
                "/browse/cell-phones/anker-phone-cables/1105910_133161_6842958_4335636_9732083"
            ]
        ]
    },
    {
        "title": "Lightning USB Cable Charger 5 5s 6 6s 7 8 Plus X XS XR MAX 2m/6FT",
        "url": "https://www.walmart.com/ip/Lightning-USB-Cable-Charger-5-5s-6-6s-7-8-Plus-X-XS-XR-MAX-2m-6FT/998504097",
        "price": "$7.94",
        "stars": "3.1",
        "ratings": "8 ",
        "img": "",
        "tags": [
            [
                "All Phone Cables",
                "/browse/cell-phones/all-phone-cables/1105910_133161_6842958_1413855"
            ],
            [
                "Micro USB Cable",
                "/browse/cell-phones/micro-usb-cable/1105910_133161_1072306_5756081_2033340"
            ],
            [
                "Apple Phone Chargers",
                "/browse/cell-phones/apple-phone-chargers/1105910_133161_1072306_5297453_5115891"
            ],
            [
                "iPhone Adapter and Cables",
                "/browse/cell-phones/iphone-adapter-cables/1105910_133161_1024881_6193872"
            ],
            [
                "Apple Phone Cables",
                "/browse/cell-phones/apple-phone-cables/1105910_133161_6842958_4335636_7121255"
            ],
            [
                "Lightning Cable",
                "/browse/cell-phones/lightning-cable/1105910_133161_1072306_1791370_8216443"
            ]
        ]
    },
    {
        "title": "OtterBox Clearly Protected Skin Series Phone Case for Apple iPhone 11 Pro - Clear",
        "url": "https://www.walmart.com/ip/OtterBox-Clearly-Protected-Skin-Series-Phone-Case-for-Apple-iPhone-11-Pro-Clear/603599283",
        "price": "$19.88",
        "stars": "5.0",
        "ratings": "12 ",
        "img": "i5.walmartimages.com/asr/121da5fb-cb7b-4304-a63b-16d20df02ba3_2.9930604e759375c5ef3ffa6b8e7f6ec1.jpeg?odnWidth=612&odnHeight=612&odnBg=ffffff",
        "tags": [
            [
                "iPhone 11 Pro Cases",
                "/browse/cell-phones/iphone-11-pro-cases/1105910_133161_1997952_7579365_4213955_2324012"
            ],
            [
                "Slim Phone Cases",
                "/browse/cell-phones/slim-phone-cases/1105910_133161_1997952_5447121_3802968"
            ],
            [
                "iPhone 11 Pro Max Cases",
                "/browse/cell-phones/iphone-11-pro-max-cases/1105910_133161_1997952_7579365_4213955_5215837"
            ],
            [
                "Basic Phone Cases",
                "/browse/cell-phones/basic-phone-cases/1105910_133161_1997952_3341734_5271560"
            ],
            [
                "All Otterbox Phone Cases",
                "/browse/cell-phones/all-otterbox-phone-cases/1105910_133161_1997952_3726920_4783047_5935854"
            ],
            [
                "Speck Phone Cases",
                "/browse/cell-phones/speck-phone-cases/1105910_133161_1997952_3726920_6133417"
            ],
            [
                "iPhone 11 Cases",
                "/browse/cell-phones/iphone-11-cases/1105910_133161_1997952_7579365_4213955_7605586"
            ]
        ]
    },
    {
        "title": "JETech Case for Apple iPhone XR 6.1-Inch, Shock-Absorption Bumper Cover, HD Clear",
        "url": "https://www.walmart.com/ip/JETech-Case-for-Apple-iPhone-XR-6-1-Inch-Shock-Absorption-Bumper-Cover-HD-Clear/978886474",
        "price": "$9.99",
        "stars": "3.8",
        "ratings": "5 ",
        "img": "i5.walmartimages.com/asr/5cb055ab-2548-4285-b640-6b66abde8c5e_1.73c8ba3a4c013c007c96162e7227aad9.jpeg?odnWidth=612&odnHeight=612&odnBg=ffffff",
        "tags": [
            [
                "iPhone XR Cases",
                "/browse/cell-phones/iphone-xr-cases/1105910_133161_1997952_7579365_4213955_3020556"
            ],
            [
                "Slim Phone Cases",
                "/browse/cell-phones/slim-phone-cases/1105910_133161_1997952_5447121_3802968"
            ],
            [
                "Glitter Phone Cases",
                "/browse/cell-phones/glitter-phone-cases/1105910_133161_1997952_9694638_4714305"
            ],
            [
                "Marble Phone Cases",
                "/browse/cell-phones/marble-phone-cases/1105910_133161_1997952_9694638_4853285"
            ],
            [
                "iPhone X Cases",
                "/browse/cell-phones/iphone-x-cases/1105910_133161_1997952_7579365_4213955_5059798"
            ],
            [
                "Dust Proof Phone Cases",
                "/browse/cell-phones/dust-proof-phone-cases/1105910_133161_1997952_3341734_5141479"
            ],
            [
                "Fashion Phone Cases",
                "/browse/cell-phones/fashion-phone-cases/1105910_133161_1997952_5447121_6032570"
            ],
            [
                "Scratch Resistant Phone Cases",
                "/browse/cell-phones/scratch-resistant-phone-cases/1105910_133161_1997952_3341734_9085952"
            ]
        ]
    },
    {
        "title": "Original Samsung Wall Charger Adapter EP-TA12JWE with Micro USB Cable 5ft, White (Bulk Packaging)",
        "url": "https://www.walmart.com/ip/Original-Samsung-Wall-Charger-Adapter-EP-TA12JWE-with-Micro-USB-Cable-5ft-White-Bulk-Packaging/840426273",
        "price": "$12.26",
        "stars": "4.5",
        "ratings": "8 ",
        "img": "",
        "tags": [
            [
                "Samsung Phone Chargers",
                "/browse/cell-phones/samsung-phone-chargers/1105910_133161_9140496_4701125_1280477"
            ],
            [
                "Shop all Wireless Chargers",
                "/browse/cell-phones/shop-all-wireless-chargers/1105910_133161_1072306_3318301_1392181"
            ],
            [
                "All Phone Cables",
                "/browse/cell-phones/all-phone-cables/1105910_133161_6842958_1413855"
            ],
            [
                "Micro USB Cable",
                "/browse/cell-phones/micro-usb-cable/1105910_133161_1072306_5756081_2033340"
            ],
            [
                "Samsung Phone Cables and Adapters",
                "/browse/cell-phones/samsung-phone-cables-adapters/1105910_133161_9140496_4701125_4331819"
            ],
            [
                "Phone Wall Power Adapters",
                "/browse/cell-phones/phone-wall-power-adapters/1105910_133161_7453243_7991519"
            ]
        ]
    },
    {
        "title": "Cases For Apple iPhone XS Max / iPhone XS / iPhone XR / iPhone X, Njjex Ultra Thin Hard Slim Case Full Protective With Tempered Glass Screen Protector Case Cover -Red",
        "url": "https://www.walmart.com/ip/Cases-For-Apple-iPhone-XS-Max-XR-X-Njjex-Ultra-Thin-Hard-Slim-Case-Full-Protective-With-Tempered-Glass-Screen-Protector-Cover-Red/957728293",
        "price": "$6.98",
        "stars": "2.7",
        "ratings": "33 ",
        "img": "i5.walmartimages.com/asr/23d10042-8128-441c-8740-18280c5546a0_1.00d5da8a567977adaf7b85c7b2b4b37e.jpeg?odnWidth=612&odnHeight=612&odnBg=ffffff",
        "tags": [
            [
                "Bumper Phone Cases",
                "/browse/cell-phones/bumper-phone-cases/1105910_133161_1997952_5447121_1341526"
            ],
            [
                "iPhone XR Cases",
                "/browse/cell-phones/iphone-xr-cases/1105910_133161_1997952_7579365_4213955_3020556"
            ],
            [
                "iPhone X Cases",
                "/browse/cell-phones/iphone-x-cases/1105910_133161_1997952_7579365_4213955_5059798"
            ],
            [
                "iPhone XS Cases",
                "/browse/cell-phones/iphone-xs-cases/1105910_133161_1997952_7579365_4213955_5300019"
            ],
            [
                "Fashion Phone Cases",
                "/browse/cell-phones/fashion-phone-cases/1105910_133161_1997952_5447121_6032570"
            ],
            [
                "Phone Cases with Screen Protector",
                "/browse/cell-phones/phone-cases-with-screen-protector/1105910_133161_1997952_3341734_7227042"
            ],
            [
                "iPhone XS Max Cases",
                "/browse/cell-phones/iphone-xs-max-cases/1105910_133161_1997952_7579365_4213955_7658846"
            ],
            [
                "Scratch Resistant Phone Cases",
                "/browse/cell-phones/scratch-resistant-phone-cases/1105910_133161_1997952_3341734_9085952"
            ]
        ]
    },
    {
        "title": "Samsung Galaxy A71 5G Phone Case 3 in 1 Hybrid Impact Armor Hard PC & TPU Silicone Rubber Heavy Duty Rugged Bumper Shockproof [Military-Grade] Protective BLACK Cover for Samsung Galaxy A71 /5G",
        "url": "https://www.walmart.com/ip/Samsung-Galaxy-A71-5G-Phone-Case-3-1-Hybrid-Impact-Armor-Hard-PC-TPU-Silicone-Rubber-Heavy-Duty-Rugged-Bumper-Shockproof-Military-Grade-Protective-BL/542688009",
        "price": "$13.58",
        "stars": 0,
        "ratings": 0,
        "img": "",
        "tags": []
    },
    {
        "title": "Used (Good Condition)  Apple Watch 42mm Series 2 Aluminum GPS with Sport Band MNPJ2LL/A",
        "url": "https://www.walmart.com/ip/Used-Good-Condition-Apple-Watch-42mm-Series-2-Aluminum-GPS-with-Sport-Band-MNPJ2LL-A/703148865",
        "price": "$169.99",
        "stars": "4.2",
        "ratings": "17 ",
        "img": "",
        "tags": [
            [
                "Heart Rate Monitors",
                "/browse/sports-outdoors/heart-rate-monitors/4125_4134_1078104_1078145"
            ],
            [
                "Fitness Trackers",
                "/browse/sports-outdoors/fitness-trackers/4125_4134_1229723_1225106"
            ],
            [
                "Garmin Fitness Trackers",
                "/browse/sports-outdoors/garmin-fitness-trackers/4125_4134_1229723_1641039"
            ],
            [
                "Smart Watch Accessories",
                "/browse/sports-outdoors/smart-watch-accessories/4125_4134_1229723_5081915"
            ],
            [
                "Fitbit Charge",
                "/browse/sports-outdoors/fitbit-charge/4125_4134_1229723_5635313_5808080"
            ],
            [
                "Fitbit Versa",
                "/browse/sports-outdoors/fitbit-versa/4125_4134_1229723_5635313_6806839"
            ],
            [
                "All Fitbits",
                "/browse/sports-outdoors/all-fitbits/4125_4134_1229723_5635313_9170763"
            ]
        ]
    },
    {
        "title": "Insten 2 Pack 6ft 3.5mm Audio Cable Male to Female Cord Extension Stereo Headphone Audio F/M (for iPhone 6 6S Plus 5.5 4.7 Galaxy S6 Edge)",
        "url": "https://www.walmart.com/ip/Insten-2-Pack-6ft-3-5mm-Audio-Cable-Male-to-Female-Cord-Extension-Stereo-Headphone-Audio-F-M-for-iPhone-6-6S-Plus-5-5-4-7-Galaxy-S6-Edge/31515845",
        "price": "$5.99",
        "stars": "4.7",
        "ratings": "22 ",
        "img": "i5.walmartimages.com/asr/2c8b8676-edc7-4f02-8769-fb6387b41803.45e86abaeb8986104f1f3b4d9273b8a3.jpeg?odnWidth=612&odnHeight=612&odnBg=ffffff",
        "tags": [
            [
                "Digital TV Converters",
                "/browse/electronics/digital-tv-converters/3944_1060825_133270_1070524"
            ],
            [
                "Cables & Connectors",
                "/browse/electronics/cables-connectors/3944_96469_133271_1072824"
            ],
            [
                "Speaker Cables & Connectors",
                "/browse/electronics/speaker-cables-connectors/3944_77622_8375901_1230415_1230431_1076626"
            ],
            [
                "Over-Ear and On-Ear Headphones",
                "/browse/electronics/over-ear-on-ear-headphones/3944_133251_1095191_1230614_1230477"
            ],
            [
                "Panasonic Headphones",
                "/browse/electronics/panasonic-headphones/3944_133251_1095191_1231498_1231503"
            ],
            [
                "HDMI Cables",
                "/browse/electronics/hdmi-cables/3944_1060825_133270_7412812_3534100"
            ],
            [
                "Headphones",
                "/browse/electronics/headphones/3944_133251_1095191_4480"
            ],
            [
                "onn. TV & Video Accessories",
                "/browse/electronics/onn-tv-video-accessories/3944_7838866_3004279_2376133_9766217_6428762"
            ]
        ]
    }
]