[
    {
        "title": "Replacement Battery for Samsung Galaxy J3 2016 J320 EB-BG530BBC",
        "url": "https://www.walmart.com/ip/Replacement-Battery-for-Samsung-Galaxy-J3-2016-J320-EB-BG530BBC/245075991",
        "price": "$9.98",
        "stars": "4.9",
        "ratings": "15 ",
        "img": "i5.walmartimages.com/asr/1a389786-28f9-4448-a442-4e401550b9c9_1.3ecc306edfadad3f0f9d3e3a59a38f9b.jpeg?odnWidth=612&odnHeight=612&odnBg=ffffff",
        "tags": [
            [
                "Hotspots",
                "/browse/cell-phones/hotspots/1105910_1163447_1163452"
            ],
            [
                "LG Stylo 3 Cases",
                "/browse/cell-phones/lg-stylo-3-cases/1105910_133161_1997952_7579365_8314709_2538659"
            ],
            [
                "Galaxy S7 Cases",
                "/browse/cell-phones/galaxy-s7-cases/1105910_133161_1997952_7579365_4725617_3560107"
            ],
            [
                "Popsockets Phone Batteries Battery Packs and Power",
                "/browse/cell-phones/popsockets-phone-batteries-battery-packs-power/1105910_133161_9140496_4014990_6101623"
            ],
            [
                "Charging Phone Cases",
                "/browse/cell-phones/charging-phone-cases/1105910_133161_1997952_5447121_7910300"
            ],
            [
                "Phone Wall Power Adapters",
                "/browse/cell-phones/phone-wall-power-adapters/1105910_133161_7453243_7991519"
            ],
            [
                "LG Stylo 3 Plus Cases",
                "/browse/cell-phones/lg-stylo-3-plus-cases/1105910_133161_1997952_7579365_8314709_9045354"
            ]
        ]
    },
    {
        "title": "Poweradd Pilot 4GS 12000mAh Power Bank Portable Charger Dual USB Ports External Battery for iphone Samsung Cellphone With Lightning 8-Pin Cable 3.3ft",
        "url": "https://www.walmart.com/ip/Poweradd-Pilot-4GS-12000mAh-Power-Bank-Portable-Charger-Dual-USB-Ports-External-Battery-for-iphone-Samsung-Cellphone-With-Lightning-8-Pin-Cable-3-3ft/168378699",
        "price": "$22.99",
        "stars": "4.7",
        "ratings": "6 ",
        "img": "i5.walmartimages.com/asr/b6b14039-cc7c-4ff4-a0d0-5970beee5c38_1.a5c9e57da7056524eb090d0ed4c80ba4.jpeg?odnWidth=612&odnHeight=612&odnBg=ffffff",
        "tags": [
            [
                "Cables & Connectors",
                "/browse/electronics/cables-connectors/3944_96469_133271_1072824"
            ],
            [
                "Camera Charging and Accessories",
                "/browse/electronics/camera-charging-accessories/3944_133277_132913_1079104"
            ],
            [
                "GoPro Cameras & Accessories",
                "/browse/electronics/gopro-cameras-accessories/3944_133277_1095238"
            ],
            [
                "GoPro Accessories",
                "/browse/electronics/gopro-accessories/3944_133277_1230678_1231341"
            ],
            [
                "Motile Portable Power Banks",
                "/browse/electronics/motile-portable-power-banks/3944_4131277_8847234_4157770_3154261"
            ],
            [
                "GoPro",
                "/browse/electronics/gopro/3944_4131277_4316150"
            ],
            [
                "onn. Phone & Cellphone Accessories",
                "/browse/electronics/onn-phone-cellphone-accessories/3944_7838866_3004279_2376133_4966163"
            ],
            [
                "Shop All onn.",
                "/browse/electronics/shop-all-onn/3944_7838866_3004279_2376133_9354764"
            ]
        ]
    },
    {
        "title": "For iPhone 7 Plus Case Rugged Shockproof Hard Case Protective Cover",
        "url": "https://www.walmart.com/ip/For-iPhone-7-Plus-Case-Rugged-Shockproof-Hard-Case-Protective-Cover/142888652",
        "price": "$7.99",
        "stars": "3.7",
        "ratings": "63 ",
        "img": "i5.walmartimages.com/asr/368d8c5e-1fba-491b-b9e3-52081a0a3975_1.9c9042cecc792a73a56cfbafc709e586.jpeg?odnWidth=612&odnHeight=612&odnBg=ffffff",
        "tags": [
            [
                "iPhone 6s Plus",
                "/browse/cell-phones/iphone-6s-plus/1105910_133161_1997952_7579365_4213955_1625364"
            ],
            [
                "iPhone 6 Cases",
                "/browse/cell-phones/iphone-6-cases/1105910_133161_1997952_7579365_4213955_1757493"
            ],
            [
                "iPhone 8 Plus Cases",
                "/browse/cell-phones/iphone-8-plus-cases/1105910_133161_1997952_7579365_4213955_2125272"
            ],
            [
                "iPhone 6 Plus Cases",
                "/browse/cell-phones/iphone-6-plus-cases/1105910_133161_1997952_7579365_4213955_2420471"
            ],
            [
                "iPhone 7 Cases",
                "/browse/cell-phones/iphone-7-cases/1105910_133161_1997952_7579365_4213955_3319018"
            ],
            [
                "iPhone 6s Cases",
                "/browse/cell-phones/iphone-6s-cases/1105910_133161_1997952_7579365_4213955_3735153"
            ],
            [
                "iPhone 7 Plus Cases",
                "/browse/cell-phones/iphone-7-plus-cases/1105910_133161_1997952_7579365_4213955_4718538"
            ]
        ]
    },
    {
        "title": "T-Mobile Prepaid $25 e-PIN Top Up (Email Delivery)",
        "url": "https://www.walmart.com/ip/T-Mobile-Prepaid-25-e-PIN-Top-Up-Email-Delivery/15443356",
        "price": "$25.00",
        "stars": "4.7",
        "ratings": "41 ",
        "img": "i5.walmartimages.com/asr/6aca55e1-ac32-4e9d-87e3-38429e38b16d.ae67e6af058d000a9c8b44f877922807.jpeg?odnWidth=612&odnHeight=612&odnBg=ffffff",
        "tags": [
            [
                "Internet Phone Products (VoIP)",
                "/browse/office-supplies/internet-phone-products-voip/1229749_1070964_3977_164222"
            ],
            [
                "VoIP Phone Adapters",
                "/browse/office-supplies/voip-phone-adapters/1229749_1070964_3977_1888804"
            ],
            [
                "Cross-Cut Shredders",
                "/browse/office-supplies/cross-cut-shredders/1229749_2155104_3771526"
            ],
            [
                "Classification Folders",
                "/browse/office-supplies/classification-folders/1229749_4464616_9115471_4350489"
            ],
            [
                "Headsets & Accessories",
                "/browse/office-supplies/headsets-accessories/1229749_1070964_3977_546457"
            ],
            [
                "First Alert Smoke Detectors",
                "/browse/office-supplies/first-alert-smoke-detectors/1229749_4520418_6234730"
            ],
            [
                "All Phones",
                "/browse/office-supplies/all-phones/1229749_1070964_3977_77478"
            ],
            [
                "File Folder Labels",
                "/browse/office-supplies/file-folder-labels/1229749_4339346_3160248_9656537"
            ]
        ]
    },
    {
        "title": "Apple iPhone 8 64GB Space Gray Fully Unlocked (Verizon + AT&T + T-Mobile + Sprint) Smartphone - Grade A Refurbished",
        "url": "https://www.walmart.com/ip/Apple-iPhone-8-64GB-Space-Gray-Fully-Unlocked-Verizon-AT-T-T-Mobile-Sprint-Smartphone-Grade-A-Refurbished/680760079",
        "price": "$229.25",
        "stars": "4.6",
        "ratings": "11 ",
        "img": "i5.walmartimages.com/asr/86f79c87-5730-49bd-a9c2-1a9367c24518.4dfff9def878547f484a5f4d569195e3.jpeg?odnWidth=612&odnHeight=612&odnBg=ffffff",
        "tags": [
            [
                "All iPhones",
                "/browse/cell-phones/all-iphones/1105910_7551331_1127173_1231258"
            ],
            [
                "iPhone 8",
                "/browse/cell-phones/iphone-8/1105910_7551331_1127173_4514251"
            ],
            [
                "Apple iOS Unlocked Phones",
                "/browse/cell-phones/apple-ios-unlocked-phones/1105910_1231203_1231204_5874259"
            ],
            [
                "iPhone 8 Plus",
                "/browse/cell-phones/iphone-8-plus/1105910_7551331_1127173_8199944"
            ],
            [
                "iPhone X",
                "/browse/cell-phones/iphone-x/1105910_7551331_1127173_8534917"
            ]
        ]
    },
    {
        "title": "OtterBox Defender Series Pro Phone Case for Apple iPhone 11 - Black",
        "url": "https://www.walmart.com/ip/OtterBox-Defender-Series-Pro-Phone-Case-for-Apple-iPhone-11-Black/912144690",
        "price": "$53.96",
        "stars": "4.7",
        "ratings": "31 ",
        "img": "i5.walmartimages.com/asr/5d815b12-57fd-4d53-aa00-6b14205c8701_2.529216babfc65a7ce95f3b2609528cbc.jpeg?odnWidth=612&odnHeight=612&odnBg=ffffff",
        "tags": [
            [
                "iPhone 11 Pro Cases",
                "/browse/cell-phones/iphone-11-pro-cases/1105910_133161_1997952_7579365_4213955_2324012"
            ],
            [
                "iPhone 11 Pro Max Cases",
                "/browse/cell-phones/iphone-11-pro-max-cases/1105910_133161_1997952_7579365_4213955_5215837"
            ],
            [
                "All Otterbox Phone Cases",
                "/browse/cell-phones/all-otterbox-phone-cases/1105910_133161_1997952_3726920_4783047_5935854"
            ],
            [
                "iPhone 11 Cases",
                "/browse/cell-phones/iphone-11-cases/1105910_133161_1997952_7579365_4213955_7605586"
            ],
            [
                "All Phone Cases",
                "/browse/cell-phones/all-phone-cases/1105910_133161_1997952_7954087"
            ],
            [
                "Rugged Phone Cases",
                "/browse/cell-phones/rugged-phone-cases/1105910_133161_1997952_5447121_9150120"
            ]
        ]
    },
    {
        "title": "SF Cable 3 feet USB 2.0 A Male to A Male Cable - Off- White",
        "url": "https://www.walmart.com/ip/SF-Cable-3-feet-USB-2-0-A-Male-to-A-Male-Cable-Off-White/987955884",
        "price": "$1.50",
        "stars": "4.4",
        "ratings": "22 ",
        "img": "i5.walmartimages.com/asr/2a77b3df-1205-43d9-bc34-7e114a37fc68_1.ec2d7b5777b0adac91439fae9e21e916.jpeg?odnWidth=612&odnHeight=612&odnBg=ffffff",
        "tags": [
            [
                "All Phone Cables",
                "/browse/cell-phones/all-phone-cables/1105910_133161_6842958_1413855"
            ],
            [
                "Micro USB Cable",
                "/browse/cell-phones/micro-usb-cable/1105910_133161_1072306_5756081_2033340"
            ],
            [
                "iPhone Adapter and Cables",
                "/browse/cell-phones/iphone-adapter-cables/1105910_133161_1024881_6193872"
            ],
            [
                "All Phone Chargers",
                "/browse/cell-phones/all-phone-chargers/1105910_133161_1072306_7133056"
            ],
            [
                "Belkin Phone Cables",
                "/browse/cell-phones/belkin-phone-cables/1105910_133161_6842958_4335636_7787918"
            ],
            [
                "USB-C Charging Cable",
                "/browse/cell-phones/usb-c-charging-cable/1105910_133161_1072306_5756081_8180603"
            ],
            [
                "Belkin Phone Adapter and Cables",
                "/browse/cell-phones/belkin-phone-adapter-cables/1105910_133161_9140496_1930230_8194306"
            ]
        ]
    },
    {
        "title": "3.5mm Male Aux Stereo Audio Cable, AEZO Nylon Braided Cord Compatible iOS 11 Above, Car Aux Cable iPhone X/ 8/7 / 7 Plus Car Home Stereo Volume Control (Black)",
        "url": "https://www.walmart.com/ip/3-5mm-Male-Aux-Stereo-Audio-Cable-AEZO-Nylon-Braided-Cord-Compatible-iOS-11-Above-Car-Cable-iPhone-X-8-7-7-Plus-Home-Volume-Control-Black/560142376",
        "price": "$7.99",
        "stars": "2.9",
        "ratings": "12 ",
        "img": "",
        "tags": [
            [
                "Bluetooth Headsets",
                "/browse/cell-phones/bluetooth-headsets/1105910_133161_9253164_132901"
            ],
            [
                "Micro USB Cable",
                "/browse/cell-phones/micro-usb-cable/1105910_133161_1072306_5756081_2033340"
            ],
            [
                "Jack Adapters",
                "/browse/cell-phones/jack-adapters/1105910_133161_7453243_5399465"
            ],
            [
                "CuWire Phone Cables",
                "/browse/cell-phones/cuwire-phone-cables/1105910_133161_6842958_4335636_5661012"
            ],
            [
                "Belkin Phone Cables",
                "/browse/cell-phones/belkin-phone-cables/1105910_133161_6842958_4335636_7787918"
            ],
            [
                "Belkin Phone Adapter and Cables",
                "/browse/cell-phones/belkin-phone-adapter-cables/1105910_133161_9140496_1930230_8194306"
            ],
            [
                "All Phone Adapters",
                "/browse/cell-phones/all-phone-adapters/1105910_133161_7453243_9946018"
            ]
        ]
    },
    {
        "title": "Galaxy A51 4G Cases, Sturdy Phone Case for Samsung Galaxy A51 4G 6.5\", Tekcoo Full-Body Shockproof Protection Heavy Duty Armor Hard Plastic & Shock Absorption Rubber Rugged Bumper 3-in-1 Case Cover",
        "url": "https://www.walmart.com/ip/Galaxy-A51-4G-Cases-Sturdy-Phone-Case-Samsung-6-5-Tekcoo-Full-Body-Shockproof-Protection-Heavy-Duty-Armor-Hard-Plastic-Shock-Absorption-Rubber-Rugged/701646618",
        "price": "$8.99",
        "stars": "4.5",
        "ratings": "15 ",
        "img": "i5.walmartimages.com/asr/22e361ff-7eef-4ba6-9b15-a9ebed221f98.5589fdf629d73e3a8e6b41cbdb533e01.jpeg?odnWidth=612&odnHeight=612&odnBg=ffffff",
        "tags": [
            [
                "Clear Phone Cases",
                "/browse/cell-phones/clear-phone-cases/1105910_133161_1997952_9694638_1420631"
            ],
            [
                "Shockproof Phone Cases",
                "/browse/cell-phones/shockproof-phone-cases/1105910_133161_1997952_3341734_2422995"
            ],
            [
                "Phone Cases with Stand",
                "/browse/cell-phones/phone-cases-with-stand/1105910_133161_1997952_3341734_3002820"
            ],
            [
                "Dust Proof Phone Cases",
                "/browse/cell-phones/dust-proof-phone-cases/1105910_133161_1997952_3341734_5141479"
            ],
            [
                "Phone Cases with Screen Protector",
                "/browse/cell-phones/phone-cases-with-screen-protector/1105910_133161_1997952_3341734_7227042"
            ],
            [
                "Scratch Resistant Phone Cases",
                "/browse/cell-phones/scratch-resistant-phone-cases/1105910_133161_1997952_3341734_9085952"
            ],
            [
                "Rugged Phone Cases",
                "/browse/cell-phones/rugged-phone-cases/1105910_133161_1997952_5447121_9150120"
            ],
            [
                "Holster Phone Cases",
                "/browse/cell-phones/holster-phone-cases/1105910_133161_1997952_5447121_9898236"
            ]
        ]
    },
    {
        "title": "Moto G Power (2020) Case, Case Cover for 2020 Moto E7, Njjex Full-Body Rugged Transparent Clear Back Bumper Case Cover for Motorola Moto G Power (2020) 6.4\" Not Moto G Stylus -White",
        "url": "https://www.walmart.com/ip/Moto-G-Power-2020-Case-Case-Cover-2020-E7-Njjex-Full-Body-Rugged-Transparent-Clear-Back-Bumper-Motorola-6-4-Not-Stylus-White/487010746",
        "price": "$7.98",
        "stars": "1.0",
        "ratings": "1 ",
        "img": "i5.walmartimages.com/asr/f5ed99d1-e21b-4726-82dc-88bf85b0d33b.811e94867f938c36cdf348e61366ed7a.jpeg?odnWidth=612&odnHeight=612&odnBg=ffffff",
        "tags": []
    }
]