[
    {
        "title": "GoPro HERO3 Silver Edition Action Sport Wi-Fi Camera Camcorder With 35-In-1 Action Camera Accessory Kit",
        "url": "https://www.walmart.com/ip/GoPro-HERO3-Silver-Edition-Action-Sport-Wi-Fi-Camera-Camcorder-With-35-In-1-Action-Camera-Accessory-Kit/544810461",
        "price": "$109.99",
        "stars": 0,
        "ratings": 0,
        "img": "i5.walmartimages.com/asr/3bc0dbb4-0eb5-47ff-ac4e-78c202ac543e.19dc51f2dc0df619f670d024b5333b6e.jpeg?odnWidth=612&odnHeight=612&odnBg=ffffff",
        "tags": []
    },
    {
        "title": "Mini Camera 1080P Full HD Charger Motion Detection Loop Record USB Wall Charger Plug,Black",
        "url": "https://www.walmart.com/ip/Mini-Camera-1080P-Full-HD-Charger-Motion-Detection-Loop-Record-USB-Wall-Charger-Plug-Black/502239094",
        "price": "$18.11",
        "stars": "5.0",
        "ratings": "1 ",
        "img": "i5.walmartimages.com/asr/9356d8f6-0a20-4413-be9d-f109aed4aa76.7d4ece9e693397ea576a8a5d446a17ef.jpeg?odnWidth=612&odnHeight=612&odnBg=ffffff",
        "tags": [
            [
                "Surveillance Cameras",
                "/browse/electronics/surveillance-cameras/3944_133277_1224850"
            ],
            [
                "Earbuds and In-ear Headphones",
                "/browse/electronics/earbuds-in-ear-headphones/3944_133251_1095191_1230614_1230476"
            ],
            [
                "GoPro Accessories",
                "/browse/electronics/gopro-accessories/3944_133277_1230678_1231341"
            ],
            [
                "Camcorder Batteries",
                "/browse/electronics/camcorder-batteries/3944_133277_1231377_1231391"
            ],
            [
                "GoPro",
                "/browse/electronics/gopro/3944_4131277_4316150"
            ],
            [
                "Headphones",
                "/browse/electronics/headphones/3944_133251_1095191_4480"
            ],
            [
                "Surveillance Equipment",
                "/browse/surveillance-equipment/3944_47600"
            ],
            [
                "Other Camcorder Accessories",
                "/browse/electronics/other-camcorder-accessories/3944_133277_1231377_978699"
            ]
        ]
    },
    {
        "title": "Canon EOS 4000D / Rebel T100 DSLR Camera with 18-55mm III Lens and Essential Accessory Bundle - Includes SanDisk Ultra 64GB SDXC Memory Card & 3PC Multi-Coated Filter Set & MORE",
        "url": "https://www.walmart.com/ip/Canon-EOS-4000D-Rebel-T100-DSLR-Camera-18-55mm-III-Lens-Essential-Accessory-Bundle-Includes-SanDisk-Ultra-64GB-SDXC-Memory-Card-3PC-Multi-Coated-Filt/942740142",
        "price": "$449.99",
        "stars": "4.2",
        "ratings": "5 ",
        "img": "i5.walmartimages.com/asr/abf1697b-7aef-42dd-aa72-8929fd66735f.3d7f11310c0e0fffa229843d95f2e918.jpeg?odnWidth=612&odnHeight=612&odnBg=ffffff",
        "tags": [
            [
                "Point & Shoot Cameras",
                "/browse/electronics/point-shoot-cameras/3944_133277_1166834"
            ],
            [
                "Mirrorless Cameras",
                "/browse/electronics/mirrorless-cameras/3944_133277_1230677"
            ],
            [
                "Nikon Cameras",
                "/browse/electronics/nikon-cameras/3944_133277_1231331_1231332"
            ],
            [
                "Canon Cameras",
                "/browse/electronics/canon-cameras/3944_133277_1231331_1231333"
            ],
            [
                "Kodak Cameras",
                "/browse/electronics/kodak-cameras/3944_133277_1231331_1231337"
            ],
            [
                "All Cameras",
                "/browse/electronics/all-cameras/3944_133277_4468"
            ],
            [
                "Canon",
                "/browse/electronics/canon/3944_4131277_7135121"
            ],
            [
                "Nikon",
                "/browse/electronics/nikon/3944_4131277_9909765"
            ]
        ]
    },
    {
        "title": "Combo: 24 pcs Tenergy Premium AA 2500mAh NiMH Rechargeable Batteries + 6 AA Size Holders",
        "url": "https://www.walmart.com/ip/Combo-24-pcs-Tenergy-Premium-AA-2500mAh-NiMH-Rechargeable-Batteries-6-AA-Size-Holders/831094016",
        "price": "$37.99",
        "stars": "4.8",
        "ratings": "5 ",
        "img": "",
        "tags": [
            [
                "GoPro Cameras & Accessories",
                "/browse/electronics/gopro-cameras-accessories/3944_133277_1095238"
            ],
            [
                "GoPro Accessories",
                "/browse/electronics/gopro-accessories/3944_133277_1230678_1231341"
            ],
            [
                "Camcorder Batteries",
                "/browse/electronics/camcorder-batteries/3944_133277_1231377_1231391"
            ],
            [
                "GoPro",
                "/browse/electronics/gopro/3944_4131277_4316150"
            ],
            [
                "Indoor Security Cameras",
                "/browse/electronics/indoor-security-cameras/3944_1229875_6357978_5718781_9232158_4993152"
            ],
            [
                "Arlo Security Cameras",
                "/browse/electronics/arlo-security-cameras/3944_1229875_6357978_5718781_9232158_9316834"
            ],
            [
                "Other Camcorder Accessories",
                "/browse/electronics/other-camcorder-accessories/3944_133277_1231377_978699"
            ],
            [
                "Nikon",
                "/browse/electronics/nikon/3944_4131277_9909765"
            ]
        ]
    },
    {
        "title": "New Webcam Auto Focusing Web Camera Cam w/ Microphone For PC Laptop Desktop (480p)",
        "url": "https://www.walmart.com/ip/New-Webcam-Auto-Focusing-Web-Camera-Cam-w-Microphone-For-PC-Laptop-Desktop-480p/726889742",
        "price": "$13.99",
        "stars": "3.6",
        "ratings": "52 ",
        "img": "",
        "tags": [
            [
                "All Portable Speakers",
                "/browse/electronics/all-portable-speakers/3944_96469_133271_1072784"
            ],
            [
                "Wireless Cameras",
                "/browse/electronics/wireless-cameras/3944_1229875_6357978_5718781_9232158_2852655"
            ],
            [
                "All Camcorders",
                "/browse/electronics/all-camcorders/3944_133277_4549"
            ],
            [
                "Laptop Stands",
                "/browse/electronics/laptop-stands/3944_3951_132959_4680327"
            ],
            [
                "Webcam Privacy Covers",
                "/browse/electronics/webcam-privacy-covers/3944_3951_1089430_1230184_7005593"
            ],
            [
                "Webcams",
                "/browse/electronics/webcams/3944_1229875_6357978_5718781_9232158_7208431"
            ]
        ]
    },
    {
        "title": "Polaroid - 8in Digital Photo Frame with Decorative Candlenut Distressed Wood Frame",
        "url": "https://www.walmart.com/ip/Polaroid-8in-Digital-Photo-Frame-with-Decorative-Candlenut-Distressed-Wood-Frame/170877842",
        "price": "$57.99",
        "stars": "4.0",
        "ratings": "7 ",
        "img": "i5.walmartimages.com/asr/73e10849-7269-4c13-9b9e-c6a482645560_2.3c9c237968c5b8a6054966ab6bbd7f30.jpeg?odnWidth=612&odnHeight=612&odnBg=ffffff",
        "tags": [
            [
                "Point & Shoot Cameras",
                "/browse/electronics/point-shoot-cameras/3944_133277_1166834"
            ],
            [
                "Waterproof Cameras",
                "/browse/electronics/waterproof-cameras/3944_133277_1166835"
            ],
            [
                "Camera Flashes",
                "/browse/electronics/camera-flashes/3944_133277_132913_1079108_2624563"
            ],
            [
                "Netgear",
                "/browse/electronics/netgear/3944_4131277_3248764"
            ],
            [
                "All Cameras",
                "/browse/electronics/all-cameras/3944_133277_4468"
            ],
            [
                "All Camcorders",
                "/browse/electronics/all-camcorders/3944_133277_4549"
            ],
            [
                "USB Flash Drives",
                "/browse/electronics/usb-flash-drives/3944_3951_132959_529295"
            ],
            [
                "10 Inch Android Tablets",
                "/browse/electronics/10-inch-android-tablets/3944_1078524_1231200_9141291"
            ]
        ]
    },
    {
        "title": "LS Photography10 x 9.4 feet Frame Length Adjustable Photo Video Backdrop Muslin Stands, Background Support System Kit With Accessories, Spring Clamp, Sand Bag, Carry Bag, WMT1009",
        "url": "https://www.walmart.com/ip/LS-Photography10-x-9-4-feet-Frame-Length-Adjustable-Photo-Video-Backdrop-Muslin-Stands-Background-Support-System-Kit-With-Accessories-Spring-Clamp-Sa/885368846",
        "price": "$41.90",
        "stars": 0,
        "ratings": 0,
        "img": "i5.walmartimages.com/asr/4ca5362e-f7c5-42a4-b284-a39801296071_1.e723b367f9074f88c07e8f9bb562de10.jpeg?odnWidth=612&odnHeight=612&odnBg=ffffff",
        "tags": [
            [
                "Other Camera Accessories",
                "/browse/electronics/other-camera-accessories/3944_133277_132913_4539"
            ],
            [
                "Complete Tripods",
                "/browse/electronics/complete-tripods/3944_133277_132913_77512_5102183"
            ],
            [
                "Studio Lighting",
                "/browse/electronics/studio-lighting/3944_133277_132913_6594913_5413954"
            ],
            [
                "On-Camera Lighting",
                "/browse/electronics/on-camera-lighting/3944_133277_132913_1079108_5953161"
            ],
            [
                "Photo Studio Backgrounds",
                "/browse/electronics/photo-studio-backgrounds/3944_133277_132913_6594913_9632790"
            ]
        ]
    },
    {
        "title": "ZMART WiFi IP Camera for Home Security - 1080P Indoor Home Camera Baby Monitor, Wireless Surveillance WiFi IP Camera with Night Vision,2-Way Audio, Motion Detection,Pan/Tilt/Zoom for Baby/Elder/Pet",
        "url": "https://www.walmart.com/ip/ZMART-WiFi-IP-Camera-Home-Security-1080P-Indoor-Baby-Monitor-Wireless-Surveillance-Night-Vision-2-Way-Audio-Motion-Detection-Pan-Tilt-Zoom-Baby-Elder/453378215",
        "price": "$37.65",
        "stars": "5.0",
        "ratings": "1 ",
        "img": "i5.walmartimages.com/asr/5c818dca-daa1-43c4-997d-ca2308dfcc78_1.689adc0bfe7281d9af674da32b73eb8c.jpeg?odnWidth=612&odnHeight=612&odnBg=ffffff",
        "tags": [
            [
                "Doorbells",
                "/browse/home-improvement/doorbells/1072864_1067612_1230759_1067613_1067789"
            ],
            [
                "Door Security",
                "/browse/home-improvement/door-security/1072864_1067612_1230759_1067800"
            ],
            [
                "Motion Detectors",
                "/browse/home-improvement/motion-detectors/1072864_1068865_1231087_1231006"
            ],
            [
                "Security Lighting",
                "/browse/home-improvement/security-lighting/1072864_1068865_1231087_1231012"
            ],
            [
                "Monitors & Displays",
                "/browse/home-improvement/monitors-displays/1072864_1068865_1231087_1231010_1231015"
            ],
            [
                "Home Alarm Systems",
                "/browse/home-improvement/home-alarm-systems/1072864_1068865_1231001_1231086"
            ],
            [
                "All Door Hardware",
                "/browse/home-improvement/all-door-hardware/1072864_1067612_1230759_4223545"
            ],
            [
                "All Home Security",
                "/browse/home-improvement/all-home-security/1072864_1068865_971281"
            ]
        ]
    },
    {
        "title": "Kasonic Small Multi-functional MHL Hdmi Hdtv Connection Kit As USB OTG SD TF Card Reader for Samsung Galaxy S3 S4 Note2 3",
        "url": "https://www.walmart.com/ip/Kasonic-Small-Multi-functional-MHL-Hdmi-Hdtv-Connection-Kit-As-USB-OTG-SD-TF-Card-Reader-for-Samsung-Galaxy-S3-S4-Note2-3/583397589",
        "price": "$9.99",
        "stars": "5.0",
        "ratings": "1 ",
        "img": "",
        "tags": [
            [
                "Digital TV Converters",
                "/browse/electronics/digital-tv-converters/3944_1060825_133270_1070524"
            ],
            [
                "Hubs & USB Gadgets",
                "/browse/electronics/hubs-usb-gadgets/3944_3951_132959_1074266"
            ],
            [
                "Speaker Cables & Connectors",
                "/browse/electronics/speaker-cables-connectors/3944_77622_8375901_1230415_1230431_1076626"
            ],
            [
                "USB Wireless Network Adapters",
                "/browse/electronics/usb-wireless-network-adapters/3944_3951_126297_232899"
            ],
            [
                "HDMI Cables",
                "/browse/electronics/hdmi-cables/3944_1060825_133270_7412812_3534100"
            ],
            [
                "TV Cables & Connectors",
                "/browse/electronics/tv-cables-connectors/3944_1060825_133270_4537"
            ],
            [
                "onn. TV & Video Accessories",
                "/browse/electronics/onn-tv-video-accessories/3944_7838866_3004279_2376133_9766217_6428762"
            ],
            [
                "onn. Computer Accessories",
                "/browse/electronics/onn-computer-accessories/3944_7838866_3004279_2376133_9826274"
            ]
        ]
    },
    {
        "title": "Neewer 20x28 inches/50x70 centimeters Square Photography Light Tent Photo Cube Softbox for Neewer Godox 300DI 250DI 300SDI 250SDI 180W Studio Light(Softbox Only, Strobe Light and Stand Not Included)",
        "url": "https://www.walmart.com/ip/Neewer-20x28-inches-50x70-centimeters-Square-Photography-Light-Tent-Photo-Cube-Softbox-Godox-300DI-250DI-300SDI-250SDI-180W-Studio-Light-Softbox-Only/156776481",
        "price": "$38.99",
        "stars": 0,
        "ratings": 0,
        "img": "",
        "tags": [
            [
                "Cooling Pads & Lights",
                "/browse/electronics/cooling-pads-lights/3944_3951_132959_1074265"
            ],
            [
                "Camera Flashes",
                "/browse/electronics/camera-flashes/3944_133277_132913_1079108_2624563"
            ],
            [
                "Other Camera Accessories",
                "/browse/electronics/other-camera-accessories/3944_133277_132913_4539"
            ],
            [
                "On-Camera Lighting",
                "/browse/electronics/on-camera-lighting/3944_133277_132913_1079108_5953161"
            ],
            [
                "Light Stands & Booms",
                "/browse/electronics/light-stands-booms/3944_133277_132913_6594913_6684130"
            ],
            [
                "Photo Studio Backgrounds",
                "/browse/electronics/photo-studio-backgrounds/3944_133277_132913_6594913_9632790"
            ]
        ]
    }
]