[
    {
        "title": "WALFRONT 12V 24V 8 Gang Car Boat LED Rocker Switch Control Panel Dual USB Voltmeter Cigarette Lighter, 8 Gang LED Switch Panel, Car Switches Panel",
        "url": "https://www.walmart.com/ip/WALFRONT-12V-24V-8-Gang-Car-Boat-LED-Rocker-Switch-Control-Panel-Dual-USB-Voltmeter-Cigarette-Lighter-8-Gang-LED-Switch-Panel-Car-Switches-Panel/400525822",
        "price": "$52.98",
        "stars": 0,
        "ratings": 0,
        "img": "i5.walmartimages.com/asr/96847c29-e728-48d0-a062-57920d985f0c_1.1a673bb74934d1d6a00395737e021513.jpeg?odnWidth=612&odnHeight=612&odnBg=ffffff",
        "tags": [
            [
                "Lighting Accessories",
                "/browse/auto-tires/lighting-accessories/91083_1074765_9183778_1891447"
            ],
            [
                "Car Audio Accessories",
                "/browse/auto-tires/car-audio-accessories/91083_3947_2991878_3076014"
            ],
            [
                "Temperature Switches/ Control Modules",
                "/browse/auto-tires/temperature-switches-control-modules/91083_1074765_3305779"
            ],
            [
                "Car Power Adapters",
                "/browse/auto-tires/car-power-adapters/91083_3947_1616075_4283330"
            ],
            [
                "Code Readers and Scan Tools",
                "/browse/auto-tires/code-readers-scan-tools/91083_5941050_3927099_7203569"
            ],
            [
                "Trailer & Towing on Advance Auto Parts Shop",
                "/browse/auto-tires/trailer-towing-advance-auto-parts-shop/91083_2962826_4071062_7440022"
            ],
            [
                "Exterior Decorative Lighting",
                "/browse/auto-tires/exterior-decorative-lighting/91083_1074765_9183778_2680989_9544498"
            ]
        ]
    },
    {
        "title": "Metra 72-6515 - Vehicle Specific Speaker Wiring Harness For Select Chrysler, Dodge Vehicles",
        "url": "https://www.walmart.com/ip/Metra-72-6515-Vehicle-Specific-Speaker-Wiring-Harness-For-Select-Chrysler-Dodge-Vehicles/806733273",
        "price": "$8.50",
        "stars": 0,
        "ratings": 0,
        "img": "i5.walmartimages.com/asr/5fdb618d-75a6-492f-9447-e9ee10fb90d0_1.a58d7b34f650454936b1938e53bdf9c6.jpeg?odnWidth=612&odnHeight=612&odnBg=ffffff",
        "tags": [
            [
                "Automotive Electrical",
                "/browse/auto-tires/automotive-electrical/91083_5941050_1072091"
            ],
            [
                "Steering Wheel Interfaces",
                "/browse/auto-tires/steering-wheel-interfaces/91083_3947_2717013_2507036_2139330"
            ],
            [
                "Car Speaker & Subwoofer Wiring",
                "/browse/auto-tires/car-speaker-subwoofer-wiring/91083_3947_2717013_7846235_2264388"
            ],
            [
                "Single Din Car Stereos",
                "/browse/auto-tires/single-din-car-stereos/91083_3947_2573876_3877515"
            ],
            [
                "Dash Kits",
                "/browse/auto-tires/dash-kits/91083_3947_2717013_2507036_4899557"
            ],
            [
                "Double Din Car Stereos",
                "/browse/auto-tires/double-din-car-stereos/91083_3947_2573876_5633735"
            ],
            [
                "Antennas & Antenna Adapters",
                "/browse/auto-tires/antennas-antenna-adapters/91083_3947_2717013_2507036_8719493"
            ]
        ]
    },
    {
        "title": "MB Quart FSB216 Formula Series 6.5\" Component Speaker System",
        "url": "https://www.walmart.com/ip/MB-Quart-FSB216-Formula-Series-6-5-Component-Speaker-System/188362476",
        "price": "$46.60",
        "stars": 0,
        "ratings": 0,
        "img": "i5.walmartimages.com/asr/aa87aee6-7465-44be-8e7e-2881b9f86ee8_1.e8434f2afcacdf89e12f533ccb7d7603.jpeg?odnWidth=612&odnHeight=612&odnBg=ffffff",
        "tags": [
            [
                "6\" x 9\" Car Speakers",
                "/browse/auto-tires/6-x-9-car-speakers/91083_3947_7971853_1306745"
            ],
            [
                "Component Speakers",
                "/browse/auto-tires/component-speakers/91083_3947_7971853_2082786"
            ],
            [
                "5.25\" Car Speakers",
                "/browse/auto-tires/525-car-speakers/91083_3947_7971853_2279708"
            ],
            [
                "6.5\" Car Speakers",
                "/browse/auto-tires/65-car-speakers/91083_3947_7971853_3484608"
            ],
            [
                "Car Tweeters",
                "/browse/auto-tires/car-tweeters/91083_3947_7971853_3794219"
            ],
            [
                "Car Speakers",
                "/browse/auto-tires/car-speakers/91083_3947_7971853_5372919"
            ],
            [
                "Coaxial Speakers",
                "/browse/auto-tires/coaxial-speakers/91083_3947_7971853_5636155"
            ],
            [
                "Pyle Car Speakers",
                "/browse/auto-tires/pyle-car-speakers/91083_3947_7971853_6220434"
            ]
        ]
    },
    {
        "title": "INSTALL CENTRIC ICGM8BN GM 1992-12 Double DIN Complete Car Stereo Installation Kit",
        "url": "https://www.walmart.com/ip/INSTALL-CENTRIC-ICGM8BN-GM-1992-12-Double-DIN-Complete-Car-Stereo-Installation-Kit/55628869",
        "price": "$18.54",
        "stars": "3.2",
        "ratings": "5 ",
        "img": "i5.walmartimages.com/asr/108ff10b-6106-40b8-9e29-e8d9749bd9d7_1.97db8beea7c31a4d5efd5c848b91fe7a.jpeg?odnWidth=612&odnHeight=612&odnBg=ffffff",
        "tags": [
            [
                "Automotive Electrical",
                "/browse/auto-tires/automotive-electrical/91083_5941050_1072091"
            ],
            [
                "Steering Wheel Interfaces",
                "/browse/auto-tires/steering-wheel-interfaces/91083_3947_2717013_2507036_2139330"
            ],
            [
                "Car Audio Accessories",
                "/browse/auto-tires/car-audio-accessories/91083_3947_2991878_3076014"
            ],
            [
                "Bluetooth Car Stereos",
                "/browse/auto-tires/bluetooth-car-stereos/91083_3947_2573876_3891066"
            ],
            [
                "Dash Kits",
                "/browse/auto-tires/dash-kits/91083_3947_2717013_2507036_4899557"
            ],
            [
                "Double Din Car Stereos",
                "/browse/auto-tires/double-din-car-stereos/91083_3947_2573876_5633735"
            ],
            [
                "All Car Stereos",
                "/browse/auto-tires/all-car-stereos/91083_3947_2573876_5664196"
            ]
        ]
    },
    {
        "title": "Scosche Universal Bluetooth Hands-Free Car Kit with FM Transmitter",
        "url": "https://www.walmart.com/ip/Scosche-Universal-Bluetooth-Hands-Free-Car-Kit-with-FM-Transmitter/984039503",
        "price": "$29.88",
        "stars": "3.8",
        "ratings": "24 ",
        "img": "",
        "tags": []
    },
    {
        "title": "Side Mirror Puddle Light LED Lamp Compatible with Ford F150 Explorer Edge Expedition Flex Fusion Taurus X, 6000K White, 2-Pieces",
        "url": "https://www.walmart.com/ip/Side-Mirror-Puddle-Light-LED-Lamp-Compatible-with-Ford-F150-Explorer-Edge-Expedition-Flex-Fusion-Taurus-X-6000K-White-2-Pieces/319112880",
        "price": "$12.89",
        "stars": "4.5",
        "ratings": "12 ",
        "img": "i5.walmartimages.com/asr/711325fe-b907-47a8-bbfc-09c1b256c08b_1.5aec721409c605e3a35c6a1dcc44b69c.jpeg?odnWidth=612&odnHeight=612&odnBg=ffffff",
        "tags": [
            [
                "Lighting Accessories",
                "/browse/auto-tires/lighting-accessories/91083_1074765_9183778_1891447"
            ],
            [
                "Car Audio Accessories",
                "/browse/auto-tires/car-audio-accessories/91083_3947_2991878_3076014"
            ],
            [
                "Temperature Switches/ Control Modules",
                "/browse/auto-tires/temperature-switches-control-modules/91083_1074765_3305779"
            ],
            [
                "Car Power Adapters",
                "/browse/auto-tires/car-power-adapters/91083_3947_1616075_4283330"
            ],
            [
                "Code Readers and Scan Tools",
                "/browse/auto-tires/code-readers-scan-tools/91083_5941050_3927099_7203569"
            ],
            [
                "Trailer & Towing on Advance Auto Parts Shop",
                "/browse/auto-tires/trailer-towing-advance-auto-parts-shop/91083_2962826_4071062_7440022"
            ],
            [
                "Exterior Decorative Lighting",
                "/browse/auto-tires/exterior-decorative-lighting/91083_1074765_9183778_2680989_9544498"
            ]
        ]
    },
    {
        "title": "Pyle\u00ae Power Series Dual-voice-coil 4ohm Subwoofer (12, 1,600 Watts)",
        "url": "https://www.walmart.com/ip/Pyle-Power-Series-Dual-voice-coil-4ohm-Subwoofer-12-1-600-Watts/23851946",
        "price": "$40.94",
        "stars": "4.0",
        "ratings": "30 ",
        "img": "",
        "tags": [
            [
                "15\" Car Subwoofer",
                "/browse/auto-tires/15-car-subwoofer/91083_3947_8939357_3429048"
            ],
            [
                "Car Subwoofers",
                "/browse/auto-tires/car-subwoofers/91083_3947_8939357_3457477"
            ],
            [
                "Pioneer Car Subwoofers",
                "/browse/auto-tires/pioneer-car-subwoofers/91083_3947_8939357_4598882"
            ],
            [
                "10\" Car Subwoofer",
                "/browse/auto-tires/10-car-subwoofer/91083_3947_8939357_6151795"
            ],
            [
                "8\" Car Subwoofer",
                "/browse/auto-tires/8-car-subwoofer/91083_3947_8939357_7017273"
            ],
            [
                "Pyle Car Subwoofers",
                "/browse/auto-tires/pyle-car-subwoofers/91083_3947_8939357_7469589"
            ],
            [
                "Kicker Car Subwoofers",
                "/browse/auto-tires/kicker-car-subwoofers/91083_3947_8939357_7591584"
            ],
            [
                "12\" Car Subwoofer",
                "/browse/auto-tires/12-car-subwoofer/91083_3947_8939357_9046409"
            ]
        ]
    },
    {
        "title": "MaxC Wireless Car Charger Mount, Automatic Clamping 10W/7.5W Qi Fast Charging 5W Car Mount Holder Dashboard Compatible with iPhone Xs/Xs Max/XR/X/8/8 Plus,Galaxy S10/S10+/S9/S9+/S8/S8+/Note 9/Note",
        "url": "https://www.walmart.com/ip/MaxC-Wireless-Car-Charger-Mount-Automatic-Clamping-10W-7-5W-Qi-Fast-Charging-5W-Mount-Holder-Dashboard-Compatible-iPhone-Xs-Xs-Max-XR-X-8-8-Plus-Gala/990928890",
        "price": "$25.99",
        "stars": "5.0",
        "ratings": "10 ",
        "img": "i5.walmartimages.com/asr/fd6276df-cf64-40da-a408-23f80bf60714.fb2e44168dec9bc10e140e2a5256526e.jpeg?odnWidth=612&odnHeight=612&odnBg=ffffff",
        "tags": [
            [
                "Vent Phone Car Holders",
                "/browse/cell-phones/vent-phone-car-holders/1105910_133161_1072308_4199608_2779850"
            ],
            [
                "Cup Phone Car Holders",
                "/browse/cell-phones/cup-phone-car-holders/1105910_133161_1072308_4199608_4958877"
            ],
            [
                "All Phone Car Holders",
                "/browse/cell-phones/all-phone-car-holders/1105910_133161_1072308_5978976"
            ],
            [
                "iOttie Phone Car Holders",
                "/browse/cell-phones/iottie-phone-car-holders/1105910_133161_1072308_1847750_6974002"
            ],
            [
                "Magnetic Phone Car Holders",
                "/browse/cell-phones/magnetic-phone-car-holders/1105910_133161_1072308_4199608_8887794"
            ],
            [
                "Windshield Phone Car Holders",
                "/browse/cell-phones/windshield-phone-car-holders/1105910_133161_1072308_4199608_9023686"
            ],
            [
                "Mpow Phone Car Holders",
                "/browse/cell-phones/mpow-phone-car-holders/1105910_133161_1072308_1847750_9756648"
            ]
        ]
    },
    {
        "title": "Directv H25 Power Supply Replacement",
        "url": "https://www.walmart.com/ip/Directv-H25-Power-Supply-Replacement/169172065",
        "price": "$6.75",
        "stars": "5.0",
        "ratings": "2 ",
        "img": "",
        "tags": [
            [
                "Automotive Electrical",
                "/browse/auto-tires/automotive-electrical/91083_5941050_1072091"
            ],
            [
                "Car Audio Accessories",
                "/browse/auto-tires/car-audio-accessories/91083_3947_2991878_3076014"
            ],
            [
                "RV Extension Cords",
                "/browse/auto-tires/rv-extension-cords/91083_2983678_2470422_4086619"
            ],
            [
                "RV Replacement Parts",
                "/browse/auto-tires/rv-replacement-parts/91083_2983678_5239180"
            ],
            [
                "RV Electrical",
                "/browse/auto-tires/rv-electrical/91083_2983678_2470422_5483116"
            ],
            [
                "All Auto Accessories",
                "/browse/auto-tires/all-auto-accessories/91083_3947_1616075_6735898"
            ],
            [
                "RV Exterior Accessories",
                "/browse/auto-tires/rv-exterior-accessories/91083_2983678_6954815"
            ],
            [
                "RV Adapters and Surge Protectors",
                "/browse/auto-tires/rv-adapters-surge-protectors/91083_2983678_2470422_8699147"
            ]
        ]
    },
    {
        "title": "Metra 72-6514 Speaker Harnesses For Chrysler/Dodge",
        "url": "https://www.walmart.com/ip/Metra-72-6514-Speaker-Harnesses-For-Chrysler-Dodge/41753045",
        "price": "$8.50",
        "stars": "4.3",
        "ratings": "6 ",
        "img": "i5.walmartimages.com/asr/2b93f9f9-26a3-4f29-a329-2a0db33edd20_1.8d26048bda3a4ab8cf0ca7f56484b5b6.jpeg?odnWidth=612&odnHeight=612&odnBg=ffffff",
        "tags": [
            [
                "6\" x 9\" Car Speakers",
                "/browse/auto-tires/6-x-9-car-speakers/91083_3947_7971853_1306745"
            ],
            [
                "Car Speaker & Subwoofer Wiring",
                "/browse/auto-tires/car-speaker-subwoofer-wiring/91083_3947_2717013_7846235_2264388"
            ],
            [
                "Car Audio Accessories",
                "/browse/auto-tires/car-audio-accessories/91083_3947_2991878_3076014"
            ],
            [
                "Temperature Switches/ Control Modules",
                "/browse/auto-tires/temperature-switches-control-modules/91083_1074765_3305779"
            ],
            [
                "InstallerNet",
                "/browse/auto-tires/installernet/91083_4521893_4514228"
            ],
            [
                "Car Speakers",
                "/browse/auto-tires/car-speakers/91083_3947_7971853_5372919"
            ],
            [
                "Coaxial Speakers",
                "/browse/auto-tires/coaxial-speakers/91083_3947_7971853_5636155"
            ],
            [
                "Car Speaker Adapters",
                "/browse/auto-tires/car-speaker-adapters/91083_3947_2717013_7846235_7732734"
            ]
        ]
    }
]