[
    {
        "title": "NEW Amplified Digital HD TV Antenna 120 Miles Long Range - Support 4K 1080p Fire tv Stick & All Older TV's Indoor Powerful HDTV UHF VHF Freeview Channels Amplifier Signal Booster - 13.5ft Coax Cable",
        "url": "https://www.walmart.com/ip/NEW-Amplified-Digital-HD-TV-Antenna-120-Miles-Long-Range-Support-4K-1080p-Fire-tv-Stick-All-Older-TV-s-Indoor-Powerful-HDTV-UHF-VHF-Freeview-Channels/400065071",
        "price": "$18.99",
        "stars": "4.4",
        "ratings": "56 ",
        "img": "i5.walmartimages.com/asr/2339868e-240b-4006-badd-ec827fdb8ae3.a4f224c9a465299929c025bf28139545.jpeg?odnWidth=612&odnHeight=612&odnBg=ffffff",
        "tags": [
            [
                "Indoor Antennas",
                "/browse/electronics/indoor-antennas/3944_1060825_133270_1208164"
            ],
            [
                "Antenna Signal Amplifiers",
                "/browse/electronics/antenna-signal-amplifiers/3944_1060825_133270_1224691"
            ],
            [
                "RCA",
                "/browse/electronics/rca/3944_4131277_1776549"
            ],
            [
                "Headphones",
                "/browse/electronics/headphones/3944_133251_1095191_4480"
            ],
            [
                "Surge Protectors & UPS",
                "/browse/electronics/surge-protectors-ups/3944_3951_132959_4483"
            ],
            [
                "Studio Lighting",
                "/browse/electronics/studio-lighting/3944_133277_132913_6594913_5413954"
            ],
            [
                "onn. TV & Video Accessories",
                "/browse/electronics/onn-tv-video-accessories/3944_7838866_3004279_2376133_9766217_6428762"
            ]
        ]
    },
    {
        "title": "Galaxy A10E Case, Evocel [Glass Screen Protector] [Belt Clip Holster] [Metal Kickstand] [Full Body] Explorer Series Pro Phone Case for Samsung Galaxy A10E, Rose Gold",
        "url": "https://www.walmart.com/ip/Galaxy-A10E-Case-Evocel-Glass-Screen-Protector-Belt-Clip-Holster-Metal-Kickstand-Full-Body-Explorer-Series-Pro-Phone-Case-Samsung-A10E-Rose-Gold/386407381",
        "price": "$13.99",
        "stars": "4.6",
        "ratings": "120 ",
        "img": "i5.walmartimages.com/asr/64dff1ce-5fd5-43a6-98a8-af1fb981ecba_1.42d6433d926d6ef2bf05a9bec476a9d5.jpeg?odnWidth=612&odnHeight=612&odnBg=ffffff",
        "tags": [
            [
                "Phone Cases with Stand",
                "/browse/cell-phones/phone-cases-with-stand/1105910_133161_1997952_3341734_3002820"
            ],
            [
                "Galaxy A10e Cases",
                "/browse/cell-phones/galaxy-a10e-cases/1105910_133161_1997952_7579365_4725617_3097788"
            ],
            [
                "Glitter Phone Cases",
                "/browse/cell-phones/glitter-phone-cases/1105910_133161_1997952_9694638_4714305"
            ],
            [
                "Basic Phone Cases",
                "/browse/cell-phones/basic-phone-cases/1105910_133161_1997952_3341734_5271560"
            ],
            [
                "Fashion Phone Cases",
                "/browse/cell-phones/fashion-phone-cases/1105910_133161_1997952_5447121_6032570"
            ],
            [
                "Scratch Resistant Phone Cases",
                "/browse/cell-phones/scratch-resistant-phone-cases/1105910_133161_1997952_3341734_9085952"
            ],
            [
                "Rugged Phone Cases",
                "/browse/cell-phones/rugged-phone-cases/1105910_133161_1997952_5447121_9150120"
            ],
            [
                "Holster Phone Cases",
                "/browse/cell-phones/holster-phone-cases/1105910_133161_1997952_5447121_9898236"
            ]
        ]
    },
    {
        "title": "New Remote replacement CV98LM for Amazon Fire TV Stick and Fire TV Box US-Seller",
        "url": "https://www.walmart.com/ip/New-Remote-replacement-CV98LM-for-Amazon-Fire-TV-Stick-and-Fire-TV-Box-US-Seller/440587121",
        "price": "$10.99",
        "stars": "3.8",
        "ratings": "52 ",
        "img": "i5.walmartimages.com/asr/e61caa4d-82ae-41bf-b27b-c125f6e83307_1.126f41b47cae847f99ead3ba1df08a0b.jpeg?odnWidth=612&odnHeight=612&odnBg=ffffff",
        "tags": [
            [
                "Streaming Devices",
                "/browse/electronics/streaming-devices/3944_77622_7549938_1229631_1085065"
            ],
            [
                "Blackweb TV & Video Accessories",
                "/browse/electronics/blackweb-tv-video-accessories/3944_4157978_5887057_1279916"
            ],
            [
                "Roku Express",
                "/browse/electronics/roku-express/3944_77622_7549938_1229631_1430926"
            ],
            [
                "RCA",
                "/browse/electronics/rca/3944_4131277_1776549"
            ],
            [
                "VIZIO",
                "/browse/electronics/vizio/3944_4131277_2035783"
            ],
            [
                "Blackweb",
                "/browse/electronics/blackweb/3944_4131277_4400017"
            ],
            [
                "Hisense",
                "/browse/electronics/hisense/3944_4131277_6787526"
            ],
            [
                "Roku",
                "/browse/electronics/roku/3944_4131277_8296010"
            ]
        ]
    },
    {
        "title": "onn. 3' Tri-Tip to USB Cable, White",
        "url": "https://www.walmart.com/ip/onn-3-Tri-Tip-to-USB-Cable-White/725868766",
        "price": "$9.88",
        "stars": "4.6",
        "ratings": "57 ",
        "img": "i5.walmartimages.com/asr/7000e4ab-5a9f-4081-9942-7ef2775ff103.907fbdb1d80bcf8787a6571a6fb781d6.jpeg?odnWidth=612&odnHeight=612&odnBg=ffffff",
        "tags": [
            [
                "Smart TVs",
                "/browse/electronics/smart-tvs/3944_1060825_1229815_1229817"
            ],
            [
                "LED TVs",
                "/browse/electronics/led-tvs/3944_1060825_1229815_1229821"
            ],
            [
                "onn. Phone Cables",
                "/browse/electronics/onn-phone-cables/3944_7838866_3004279_2376133_9766217_1898577"
            ],
            [
                "onn. Phone & Cellphone Accessories",
                "/browse/electronics/onn-phone-cellphone-accessories/3944_7838866_3004279_2376133_4966163"
            ],
            [
                "onn. Camera Accessories",
                "/browse/electronics/onn-camera-accessories/3944_133277_132913_4323092_5259738"
            ],
            [
                "Only at Walmart Electronics",
                "/browse/electronics/only-at-walmart-electronics/3944_7838866_7148103"
            ],
            [
                "Roku TVs",
                "/browse/electronics/roku-tvs/3944_1060825_1229815_9085580"
            ],
            [
                "onn. Computer Accessories",
                "/browse/electronics/onn-computer-accessories/3944_7838866_3004279_2376133_9826274"
            ]
        ]
    },
    {
        "title": "2x Afflux USB Type C Cable Fast Charging Cable 10FT USB-C Type-C 3.1 Nylon Data Sync Charger Cord For Samsung Galaxy S8 + Note 8 Nexus 5X 6P LG G5 G6 V20 HTC 10 Google Pixel OnePlus 5 Black",
        "url": "https://www.walmart.com/ip/2x-Afflux-USB-Type-C-Cable-Fast-Charging-10FT-USB-C-Type-C-3-1-Nylon-Data-Sync-Charger-Cord-For-Samsung-Galaxy-S8-Note-8-Nexus-5X-6P-LG-G5-G6-V20-HTC/830152545",
        "price": "$7.99",
        "stars": "3.4",
        "ratings": "52 ",
        "img": "i5.walmartimages.com/asr/dce8aded-d0b4-4d67-9a05-ea049f86801f_1.63772d39a0755cbc42ce03a29643543d.jpeg?odnWidth=612&odnHeight=612&odnBg=ffffff",
        "tags": [
            [
                "All Phone Cables",
                "/browse/cell-phones/all-phone-cables/1105910_133161_6842958_1413855"
            ],
            [
                "Micro USB Cable",
                "/browse/cell-phones/micro-usb-cable/1105910_133161_1072306_5756081_2033340"
            ],
            [
                "Travel Adapter",
                "/browse/cell-phones/travel-adapter/1105910_133161_7453243_6834323"
            ],
            [
                "All Phone Chargers",
                "/browse/cell-phones/all-phone-chargers/1105910_133161_1072306_7133056"
            ],
            [
                "USB-C Charging Cable",
                "/browse/cell-phones/usb-c-charging-cable/1105910_133161_1072306_5756081_8180603"
            ],
            [
                "Belkin Phone Adapter and Cables",
                "/browse/cell-phones/belkin-phone-adapter-cables/1105910_133161_9140496_1930230_8194306"
            ],
            [
                "Lightning Cable",
                "/browse/cell-phones/lightning-cable/1105910_133161_1072306_1791370_8216443"
            ]
        ]
    },
    {
        "title": "Car Mount \u2013 Air Vent Car Holder \u2013 Car Phone Mount for iPhone 11/11 Pro XS X 8 7 6 5 plus and any Android Cell Phone \u2013 Phone Holder for Car \u2013 Universal Vent Mount for Men and Women \u2013 Air Vent Holder",
        "url": "https://www.walmart.com/ip/Car-Mount-Air-Vent-Holder-Phone-iPhone-11-11-Pro-XS-X-8-7-6-5-plus-Android-Cell-Universal-Men-Women/918682507",
        "price": "$8.97",
        "stars": "3.3",
        "ratings": "37 ",
        "img": "i5.walmartimages.com/asr/c436f54d-a0ad-4257-abd0-335b50e39499_1.6a4c5f439668cc438958a25b1f5bf7bd.jpeg?odnWidth=612&odnHeight=612&odnBg=ffffff",
        "tags": [
            [
                "Scosche Phone Car Holders",
                "/browse/cell-phones/scosche-phone-car-holders/1105910_133161_1072308_1847750_4320346"
            ],
            [
                "Dashboard Phone Car Holders",
                "/browse/cell-phones/dashboard-phone-car-holders/1105910_133161_1072308_4199608_4598354"
            ],
            [
                "Cup Phone Car Holders",
                "/browse/cell-phones/cup-phone-car-holders/1105910_133161_1072308_4199608_4958877"
            ],
            [
                "All Phone Car Holders",
                "/browse/cell-phones/all-phone-car-holders/1105910_133161_1072308_5978976"
            ],
            [
                "iOttie Phone Car Holders",
                "/browse/cell-phones/iottie-phone-car-holders/1105910_133161_1072308_1847750_6974002"
            ],
            [
                "Magnetic Phone Car Holders",
                "/browse/cell-phones/magnetic-phone-car-holders/1105910_133161_1072308_4199608_8887794"
            ],
            [
                "Windshield Phone Car Holders",
                "/browse/cell-phones/windshield-phone-car-holders/1105910_133161_1072308_4199608_9023686"
            ],
            [
                "Mpow Phone Car Holders",
                "/browse/cell-phones/mpow-phone-car-holders/1105910_133161_1072308_1847750_9756648"
            ]
        ]
    },
    {
        "title": "Replacement Battery for Samsung Galaxy J3 2016 J320 EB-BG530BBC",
        "url": "https://www.walmart.com/ip/Replacement-Battery-for-Samsung-Galaxy-J3-2016-J320-EB-BG530BBC/245075991",
        "price": "$9.98",
        "stars": "4.9",
        "ratings": "15 ",
        "img": "i5.walmartimages.com/asr/1a389786-28f9-4448-a442-4e401550b9c9_1.3ecc306edfadad3f0f9d3e3a59a38f9b.jpeg?odnWidth=612&odnHeight=612&odnBg=ffffff",
        "tags": [
            [
                "Hotspots",
                "/browse/cell-phones/hotspots/1105910_1163447_1163452"
            ],
            [
                "LG Stylo 3 Cases",
                "/browse/cell-phones/lg-stylo-3-cases/1105910_133161_1997952_7579365_8314709_2538659"
            ],
            [
                "Galaxy S7 Cases",
                "/browse/cell-phones/galaxy-s7-cases/1105910_133161_1997952_7579365_4725617_3560107"
            ],
            [
                "Popsockets Phone Batteries Battery Packs and Power",
                "/browse/cell-phones/popsockets-phone-batteries-battery-packs-power/1105910_133161_9140496_4014990_6101623"
            ],
            [
                "Charging Phone Cases",
                "/browse/cell-phones/charging-phone-cases/1105910_133161_1997952_5447121_7910300"
            ],
            [
                "Phone Wall Power Adapters",
                "/browse/cell-phones/phone-wall-power-adapters/1105910_133161_7453243_7991519"
            ],
            [
                "LG Stylo 3 Plus Cases",
                "/browse/cell-phones/lg-stylo-3-plus-cases/1105910_133161_1997952_7579365_8314709_9045354"
            ]
        ]
    },
    {
        "title": "Poweradd Pilot 4GS 12000mAh Power Bank Portable Charger Dual USB Ports External Battery for iphone Samsung Cellphone With Lightning 8-Pin Cable 3.3ft",
        "url": "https://www.walmart.com/ip/Poweradd-Pilot-4GS-12000mAh-Power-Bank-Portable-Charger-Dual-USB-Ports-External-Battery-for-iphone-Samsung-Cellphone-With-Lightning-8-Pin-Cable-3-3ft/168378699",
        "price": "$22.99",
        "stars": "4.7",
        "ratings": "6 ",
        "img": "i5.walmartimages.com/asr/b6b14039-cc7c-4ff4-a0d0-5970beee5c38_1.a5c9e57da7056524eb090d0ed4c80ba4.jpeg?odnWidth=612&odnHeight=612&odnBg=ffffff",
        "tags": [
            [
                "Cables & Connectors",
                "/browse/electronics/cables-connectors/3944_96469_133271_1072824"
            ],
            [
                "Camera Charging and Accessories",
                "/browse/electronics/camera-charging-accessories/3944_133277_132913_1079104"
            ],
            [
                "GoPro Cameras & Accessories",
                "/browse/electronics/gopro-cameras-accessories/3944_133277_1095238"
            ],
            [
                "GoPro Accessories",
                "/browse/electronics/gopro-accessories/3944_133277_1230678_1231341"
            ],
            [
                "Motile Portable Power Banks",
                "/browse/electronics/motile-portable-power-banks/3944_4131277_8847234_4157770_3154261"
            ],
            [
                "GoPro",
                "/browse/electronics/gopro/3944_4131277_4316150"
            ],
            [
                "onn. Phone & Cellphone Accessories",
                "/browse/electronics/onn-phone-cellphone-accessories/3944_7838866_3004279_2376133_4966163"
            ],
            [
                "Shop All onn.",
                "/browse/electronics/shop-all-onn/3944_7838866_3004279_2376133_9354764"
            ]
        ]
    },
    {
        "title": "For iPhone 7 Plus Case Rugged Shockproof Hard Case Protective Cover",
        "url": "https://www.walmart.com/ip/For-iPhone-7-Plus-Case-Rugged-Shockproof-Hard-Case-Protective-Cover/142888652",
        "price": "$7.99",
        "stars": "3.7",
        "ratings": "63 ",
        "img": "i5.walmartimages.com/asr/368d8c5e-1fba-491b-b9e3-52081a0a3975_1.9c9042cecc792a73a56cfbafc709e586.jpeg?odnWidth=612&odnHeight=612&odnBg=ffffff",
        "tags": [
            [
                "iPhone 6s Plus",
                "/browse/cell-phones/iphone-6s-plus/1105910_133161_1997952_7579365_4213955_1625364"
            ],
            [
                "iPhone 6 Cases",
                "/browse/cell-phones/iphone-6-cases/1105910_133161_1997952_7579365_4213955_1757493"
            ],
            [
                "iPhone 8 Plus Cases",
                "/browse/cell-phones/iphone-8-plus-cases/1105910_133161_1997952_7579365_4213955_2125272"
            ],
            [
                "iPhone 6 Plus Cases",
                "/browse/cell-phones/iphone-6-plus-cases/1105910_133161_1997952_7579365_4213955_2420471"
            ],
            [
                "iPhone 7 Cases",
                "/browse/cell-phones/iphone-7-cases/1105910_133161_1997952_7579365_4213955_3319018"
            ],
            [
                "iPhone 6s Cases",
                "/browse/cell-phones/iphone-6s-cases/1105910_133161_1997952_7579365_4213955_3735153"
            ],
            [
                "iPhone 7 Plus Cases",
                "/browse/cell-phones/iphone-7-plus-cases/1105910_133161_1997952_7579365_4213955_4718538"
            ]
        ]
    },
    {
        "title": "HP 56 Ink Cartridge, Black (C6656AN)",
        "url": "https://www.walmart.com/ip/HP-56-Ink-Cartridge-Black-C6656AN/13056222",
        "price": "$39.89",
        "stars": "4.6",
        "ratings": "284 ",
        "img": "i5.walmartimages.com/asr/2f1dc817-7f63-4d41-97c5-00aadbd4228f.d9aea2ab09af66fabb01b834ccbde389.jpeg?odnWidth=612&odnHeight=612&odnBg=ffffff",
        "tags": [
            [
                "HP Printer Ink and Toner",
                "/browse/electronics/hp-printer-ink-toner/3944_4131277_7559616_3252233"
            ],
            [
                "Brother Printers",
                "/browse/electronics/brother-printers/3944_4131277_8298959_3298126"
            ],
            [
                "All-in-One Printers",
                "/browse/electronics/all-in-one-printers/3944_3951_37807_163957_4175270"
            ],
            [
                "Brother Printer Ink and Toner",
                "/browse/electronics/brother-printer-ink-toner/3944_4131277_8298959_6104760"
            ],
            [
                "Canon",
                "/browse/electronics/canon/3944_4131277_7135121"
            ],
            [
                "HP Standard Yield Printer Ink Cartridge",
                "/browse/electronics/hp-standard-yield-printer-ink-cartridge/3944_3951_37807_8789020"
            ],
            [
                "Printer Toner",
                "/browse/electronics/printer-toner/3944_3951_37807_8910633"
            ]
        ]
    }
]
