[
    {
        "title": "NavePoint 14 Inch Nylon Cable Wire Zip Tie 40 lbs - Natural White 100 Pack Lot Pcs Qty",
        "url": "https://www.walmart.com/ip/NavePoint-14-Inch-Nylon-Cable-Wire-Zip-Tie-40-lbs-Natural-White-100-Pack-Lot-Pcs-Qty/294165377",
        "price": "$6.95",
        "stars": "4.8",
        "ratings": "5 ",
        "img": "i5.walmartimages.com/asr/eb7662f2-b78e-4476-badb-bd0c48a02180.c16b6b774cbc934a95d220497f395324.jpeg?odnWidth=612&odnHeight=612&odnBg=ffffff",
        "tags": [
            [
                "Digital TV Converters",
                "/browse/electronics/digital-tv-converters/3944_1060825_133270_1070524"
            ],
            [
                "Speaker Cables & Connectors",
                "/browse/electronics/speaker-cables-connectors/3944_77622_8375901_1230415_1230431_1076626"
            ],
            [
                "HDMI Splitters",
                "/browse/electronics/hdmi-splitters/3944_1060825_133270_7412812_1746474"
            ],
            [
                "HDMI Cables",
                "/browse/electronics/hdmi-cables/3944_1060825_133270_7412812_3534100"
            ],
            [
                "Coaxial Cables",
                "/browse/electronics/coaxial-cables/3944_1060825_133270_5465689"
            ],
            [
                "onn. TV & Video Accessories",
                "/browse/electronics/onn-tv-video-accessories/3944_7838866_3004279_2376133_9766217_6428762"
            ],
            [
                "Optical Audio Cables",
                "/browse/electronics/optical-audio-cables/3944_1060825_133270_6630045"
            ],
            [
                "HDMI to RCA",
                "/browse/electronics/hdmi-to-rca/3944_1060825_133270_8423982"
            ]
        ]
    },
    {
        "title": "New Remote replacement NH315UP for Sanyo TV FW55D25F-B FW55D25F FW55D25F-B FW32D06",
        "url": "https://www.walmart.com/ip/New-Remote-replacement-NH315UP-for-Sanyo-TV-FW55D25F-B-FW55D25F-FW55D25F-B-FW32D06/241847184",
        "price": "$8.29",
        "stars": "4.3",
        "ratings": "9 ",
        "img": "i5.walmartimages.com/asr/045a9866-c725-407d-b9f9-354c61b68e46_1.700607c9b6221b78eed5b2b74ce5a848.jpeg?odnWidth=612&odnHeight=612&odnBg=ffffff",
        "tags": [
            [
                "Smart TVs",
                "/browse/electronics/smart-tvs/3944_1060825_1229815_1229817"
            ],
            [
                "Blackweb TV & Video Accessories",
                "/browse/electronics/blackweb-tv-video-accessories/3944_4157978_5887057_1279916"
            ],
            [
                "RCA",
                "/browse/electronics/rca/3944_4131277_1776549"
            ],
            [
                "VIZIO",
                "/browse/electronics/vizio/3944_4131277_2035783"
            ],
            [
                "Blackweb",
                "/browse/electronics/blackweb/3944_4131277_4400017"
            ],
            [
                "Hisense",
                "/browse/electronics/hisense/3944_4131277_6787526"
            ],
            [
                "Roku",
                "/browse/electronics/roku/3944_4131277_8296010"
            ],
            [
                "Sanyo",
                "/browse/electronics/sanyo/3944_4131277_8391664"
            ]
        ]
    },
    {
        "title": "CyberPower B602RC1 Essential Surge-Protector 6-Outlet Power Strip, 2-Foot Cord",
        "url": "https://www.walmart.com/ip/CyberPower-B602RC1-Essential-Surge-Protector-6-Outlet-Power-Strip-2-Foot-Cord/433197723",
        "price": "$7.99",
        "stars": "4.8",
        "ratings": "5 ",
        "img": "i5.walmartimages.com/asr/73c2f740-c6e4-40f6-bd5d-aaf5eae1992a_1.9d5e94415ad973bb0bc0a80b38d3baf8.jpeg?odnWidth=612&odnHeight=612&odnBg=ffffff",
        "tags": [
            [
                "Cases & Towers",
                "/browse/electronics/cases-towers/3944_3951_1073804_1023540"
            ],
            [
                "Networking Cables & Accessories",
                "/browse/electronics/networking-cables-accessories/3944_3951_126297_1074144"
            ],
            [
                "Netgear",
                "/browse/electronics/netgear/3944_4131277_3248764"
            ],
            [
                "Smart Outlets",
                "/browse/electronics/smart-outlets/3944_1229875_4592199_1522536_8121412"
            ],
            [
                "Shop All onn.",
                "/browse/electronics/shop-all-onn/3944_7838866_3004279_2376133_9354764"
            ],
            [
                "onn. Computer Accessories",
                "/browse/electronics/onn-computer-accessories/3944_7838866_3004279_2376133_9826274"
            ]
        ]
    },
    {
        "title": "Genuine New Element OTT Smart TV Remote Compatible with Element Smart TV ELSJ5017, ELSW3917BF, E4SFT5517, E4SFT5017, E4STA5017",
        "url": "https://www.walmart.com/ip/Genuine-New-Element-OTT-Smart-TV-Remote-Compatible-with-Element-Smart-TV-ELSJ5017-ELSW3917BF-E4SFT5517-E4SFT5017-E4STA5017/797014630",
        "price": "$12.98",
        "stars": "3.8",
        "ratings": "31 ",
        "img": "",
        "tags": [
            [
                "RCA",
                "/browse/electronics/rca/3944_4131277_1776549"
            ],
            [
                "VIZIO",
                "/browse/electronics/vizio/3944_4131277_2035783"
            ],
            [
                "Element TVs",
                "/browse/electronics/element-tvs/3944_1060825_1939756_6447414_2896941"
            ],
            [
                "70 Inch TVs",
                "/browse/electronics/70-inch-tvs/3944_1060825_2489948_3857592"
            ],
            [
                "All TVs",
                "/browse/electronics/all-tvs/3944_1060825_447913"
            ],
            [
                "4K HDR TVs",
                "/browse/electronics/4k-hdr-tvs/3944_1060825_1229815_6853163"
            ],
            [
                "Only at Walmart Electronics",
                "/browse/electronics/only-at-walmart-electronics/3944_7838866_7148103"
            ],
            [
                "Roku TVs",
                "/browse/electronics/roku-tvs/3944_1060825_1229815_9085580"
            ]
        ]
    },
    {
        "title": "SF Cable, 12 ft 3.5mm Stereo Male to Two RCA Male Splitter Cable",
        "url": "https://www.walmart.com/ip/SF-Cable-12-ft-3-5mm-Stereo-Male-to-Two-RCA-Male-Splitter-Cable/461499877",
        "price": "$5.43",
        "stars": "4.9",
        "ratings": "11 ",
        "img": "",
        "tags": [
            [
                "Speaker Cables & Connectors",
                "/browse/electronics/speaker-cables-connectors/3944_77622_8375901_1230415_1230431_1076626"
            ],
            [
                "RCA",
                "/browse/electronics/rca/3944_4131277_1776549"
            ],
            [
                "Other Camera Accessories",
                "/browse/electronics/other-camera-accessories/3944_133277_132913_4539"
            ],
            [
                "Cables, Adapters, & Chargers",
                "/browse/electronics/cables-adapters-chargers/3944_1078524_1225368_5562682"
            ],
            [
                "onn. TV & Video Accessories",
                "/browse/electronics/onn-tv-video-accessories/3944_7838866_3004279_2376133_9766217_6428762"
            ],
            [
                "All Computer Cables & Connectors",
                "/browse/electronics/all-computer-cables-connectors/3944_3951_132959_4463_6477783"
            ],
            [
                "HDMI to RCA",
                "/browse/electronics/hdmi-to-rca/3944_1060825_133270_8423982"
            ]
        ]
    },
    {
        "title": "Lincoln Electric Innershield Flux-Cored Wire, 0.035\", NR-211-MP",
        "url": "https://www.walmart.com/ip/Lincoln-Electric-Innershield-Flux-Cored-Wire-0-035-NR-211-MP/16880383",
        "price": "$11.83",
        "stars": "4.7",
        "ratings": "16 ",
        "img": "",
        "tags": [
            [
                "Measuring & Layout Tools",
                "/browse/home-improvement/measuring-layout-tools/1072864_1031899_1067609_1067746"
            ],
            [
                "Door Security",
                "/browse/home-improvement/door-security/1072864_1067612_1230759_1067800"
            ],
            [
                "Heat Guns",
                "/browse/home-improvement/heat-guns/1072864_1031899_1066925_1084945"
            ],
            [
                "Welding Parts and Accessories",
                "/browse/home-improvement/welding-parts-accessories/1072864_1230390_1230392"
            ],
            [
                "Padlocks",
                "/browse/home-improvement/padlocks/1072864_1068865_1230761_1230806"
            ],
            [
                "Komelon",
                "/browse/home-improvement/komelon/1072864_1031899_1574888_4070713"
            ],
            [
                "Professional Welding",
                "/browse/home-improvement/professional-welding/1072864_1031899_3972959_9764320_7386164"
            ],
            [
                "Hard Hats & Helmets",
                "/browse/home-improvement/hard-hats-helmets/1072864_1031899_7124246_8758205"
            ]
        ]
    },
    {
        "title": "Antennas Direct C4-v-cjm Clearstream 4v Extreme Range Indoor/outdoor Hdtv Antenna",
        "url": "https://www.walmart.com/ip/Antennas-Direct-C4-v-cjm-Clearstream-4v-Extreme-Range-Indoor-outdoor-Hdtv-Antenna/43160862",
        "price": "$109.99",
        "stars": "4.5",
        "ratings": "194 ",
        "img": "",
        "tags": [
            [
                "Audio Visual Accessories",
                "/browse/electronics/audio-visual-accessories/3944_133251_1043559"
            ],
            [
                "Indoor Antennas",
                "/browse/electronics/indoor-antennas/3944_1060825_133270_1208164"
            ],
            [
                "Outdoor Antennas",
                "/browse/electronics/outdoor-antennas/3944_1060825_133270_1208172"
            ],
            [
                "Antenna Signal Amplifiers",
                "/browse/electronics/antenna-signal-amplifiers/3944_1060825_133270_1224691"
            ],
            [
                "RCA",
                "/browse/electronics/rca/3944_4131277_1776549"
            ],
            [
                "Receivers & Amplifiers",
                "/browse/electronics/receivers-amplifiers/3944_77622_8375901_96890_4478"
            ],
            [
                "Surge Protectors & UPS",
                "/browse/electronics/surge-protectors-ups/3944_3951_132959_4483"
            ],
            [
                "onn. TV & Video Accessories",
                "/browse/electronics/onn-tv-video-accessories/3944_7838866_3004279_2376133_9766217_6428762"
            ]
        ]
    },
    {
        "title": "12V DC Power Splitter Cable 1 Male to 2 Female Connectors 32cm 24AWG 2.1mmx5.5mm",
        "url": "https://www.walmart.com/ip/12V-DC-Power-Splitter-Cable-1-Male-to-2-Female-Connectors-32cm-24AWG-2-1mmx5-5mm/627800777",
        "price": "$7.38",
        "stars": 0,
        "ratings": 0,
        "img": "i5.walmartimages.com/asr/38037b99-1063-42fa-842e-0d8bec408080_1.a892686bcbe8377ec69aa17e03b26ec5.jpeg?odnWidth=612&odnHeight=612&odnBg=ffffff",
        "tags": [
            [
                "Nourison",
                "/browse/shop-by-brand/nourison/3734780_8307801_2356581"
            ],
            [
                "ClosetMaid",
                "/browse/shop-by-brand/closetmaid/3734780_8307801_2721073"
            ],
            [
                "Superior",
                "/browse/shop-by-brand/superior/3734780_8307801_3779070"
            ],
            [
                "The Pioneer Woman",
                "/browse/shop-by-brand/the-pioneer-woman/3734780_8307801_3894436"
            ],
            [
                "Better Homes & Gardens",
                "/browse/shop-by-brand/better-homes-gardens/3734780_8307801_4710148"
            ],
            [
                "Mainstays",
                "/browse/shop-by-brand/mainstays/3734780_8307801_8303454"
            ],
            [
                "Autodrive Car Seat Covers",
                "/browse/shop-by-brand/autodrive-car-seat-covers/3734780_9761020_3203959_8763197"
            ],
            [
                "EEEkit",
                "/browse/shop-by-brand/eeekit/3734780_5678070_9358335"
            ]
        ]
    },
    {
        "title": "SAMSUNG 65\" Class 4K Ultra HD (2160P) HDR Smart QLED TV QN65Q70T 2020",
        "url": "https://www.walmart.com/ip/SAMSUNG-65-Class-4K-Ultra-HD-2160P-HDR-Smart-QLED-TV-QN65Q70T-2020/166144799",
        "price": "$1197.99",
        "stars": "4.7",
        "ratings": "668 ",
        "img": "i5.walmartimages.com/asr/6434395f-dd06-4609-8b0e-d11764727b74.4b277283c10e4a41e43fe6af66008510.jpeg?odnWidth=612&odnHeight=612&odnBg=ffffff",
        "tags": [
            [
                "Samsung Smart TVs",
                "/browse/electronics/samsung-smart-tvs/3944_1060825_7985618_1658369"
            ],
            [
                "QLED TVs",
                "/browse/electronics/qled-tvs/3944_1060825_1229815_1793761"
            ],
            [
                "65 Inch TVs",
                "/browse/electronics/65-inch-tvs/3944_1060825_2489948_3421074"
            ],
            [
                "Samsung 65 Inch TVs",
                "/browse/electronics/samsung-65-inch-tvs/3944_1060825_7006231_5563567"
            ],
            [
                "4K Samsung TVs",
                "/browse/electronics/4k-samsung-tvs/3944_1060825_9465212_6776711"
            ],
            [
                "4K HDR TVs",
                "/browse/electronics/4k-hdr-tvs/3944_1060825_1229815_6853163"
            ],
            [
                "Samsung TVs",
                "/browse/electronics/samsung-tvs/3944_1060825_1939756_7136694"
            ],
            [
                "Samsung QLED Smart TVs",
                "/browse/electronics/samsung-qled-smart-tvs/3944_1060825_2044181_2603009_6239618_7959084"
            ]
        ]
    },
    {
        "title": "Innovera CD/DVD Storage Case, Holds 150 Discs, Clear/Smoke",
        "url": "https://www.walmart.com/ip/Innovera-CD-DVD-Storage-Case-Holds-150-Discs-Clear-Smoke/14915547",
        "price": "$15.89",
        "stars": "4.6",
        "ratings": "114 ",
        "img": "i5.walmartimages.com/asr/3f7be85e-724a-4325-b0e9-e9e34239b48f_1.bbbfdc87333d3d0f84d77490ee3e6374.jpeg?odnWidth=612&odnHeight=612&odnBg=ffffff",
        "tags": [
            [
                "Other Accessories",
                "/browse/electronics/other-accessories/3944_133251_1043552"
            ],
            [
                "Docking Stations & Locks",
                "/browse/electronics/docking-stations-locks/3944_3951_132959_1074164"
            ],
            [
                "Blank Media",
                "/browse/electronics/blank-media/3944_3951_132959_645319_127175"
            ],
            [
                "CD Players",
                "/browse/electronics/cd-players/3944_96469_4534"
            ],
            [
                "Mouse Pads & Wrist Rests",
                "/browse/electronics/mouse-pads-wrist-rests/3944_3951_132959_1008621_4842284_4718636"
            ],
            [
                "PC Gaming Controllers & Joysticks",
                "/browse/electronics/pc-gaming-controllers-joysticks/3944_3951_7052607_9433123_5043832"
            ],
            [
                "CD/DVD Drives",
                "/browse/electronics/cd-dvd-drives/3944_3951_132959_645319_522484"
            ]
        ]
    }
]