[
    {
        "title": "Dji Goggles",
        "url": "https://www.walmart.com/ip/Dji-Goggles/299395721",
        "price": "$476.76",
        "stars": "3.0",
        "ratings": "2 ",
        "img": "i5.walmartimages.com/asr/6edfef39-2ade-4d97-8a97-45562077d0e0_1.d755503fd5622622bd30507973d67c26.jpeg?odnWidth=612&odnHeight=612&odnBg=ffffff",
        "tags": [
            [
                "Drones with Cameras",
                "/browse/electronics/drones-with-cameras/3944_133277_1231385"
            ],
            [
                "HD Drones",
                "/browse/electronics/hd-drones/3944_5525941_1677970_1837338"
            ],
            [
                "DJI Drones",
                "/browse/electronics/dji-drones/3944_5525941_5960206_3976514"
            ],
            [
                "Drone Propellers",
                "/browse/electronics/drone-propellers/3944_5525941_4049093_4394106"
            ],
            [
                "Drone Cases",
                "/browse/electronics/drone-cases/3944_5525941_4049093_5296741"
            ],
            [
                "Drone Batteries and Chargers",
                "/browse/electronics/drone-batteries-chargers/3944_5525941_4049093_6633994"
            ],
            [
                "Drone Goggles",
                "/browse/electronics/drone-goggles/3944_5525941_4049093_8404798"
            ],
            [
                "Gimbals and Stabilizers",
                "/browse/electronics/gimbals-stabilizers/3944_133277_132913_77512_8934251"
            ]
        ]
    },
    {
        "title": "AUTEL Robotics EVO On-the-Go Bundle",
        "url": "https://www.walmart.com/ip/AUTEL-Robotics-EVO-On-the-Go-Bundle/923012743",
        "price": "$191.99",
        "stars": 0,
        "ratings": 0,
        "img": "",
        "tags": [
            [
                "Docking Stations & Locks",
                "/browse/electronics/docking-stations-locks/3944_3951_132959_1074164"
            ],
            [
                "Autel Robotics Drones",
                "/browse/electronics/autel-robotics-drones/3944_5525941_5960206_1706415"
            ],
            [
                "HD Drones",
                "/browse/electronics/hd-drones/3944_5525941_1677970_1837338"
            ],
            [
                "All Drones with Cameras",
                "/browse/electronics/all-drones-with-cameras/3944_5525941_1677970_3044927"
            ],
            [
                "Drone Propellers",
                "/browse/electronics/drone-propellers/3944_5525941_4049093_4394106"
            ],
            [
                "Drone Cases",
                "/browse/electronics/drone-cases/3944_5525941_4049093_5296741"
            ],
            [
                "Drone Skins",
                "/browse/electronics/drone-skins/3944_5525941_4049093_9392873"
            ],
            [
                "Traditional Routers for Heavy Internet Use",
                "/browse/electronics/traditional-routers-for-heavy-internet-use/3944_3951_126297_1073784_5450801_9416000"
            ]
        ]
    },
    {
        "title": "Mini Drone UFO Flying Aircraft Toy, - Small Drones Perfect for Indoor, Outdoor Play - Cool Hand Controlled Drone for Kids and Adults, Blue",
        "url": "https://www.walmart.com/ip/Mini-Drone-UFO-Flying-Aircraft-Toy-Small-Drones-Perfect-for-Indoor-Outdoor-Play-Cool-Hand-Controlled-Drone-for-Kids-and-Adults-Blue/561459351",
        "price": "$15.98",
        "stars": "2.0",
        "ratings": "1 ",
        "img": "i5.walmartimages.com/asr/373fbe77-134d-406a-9de7-03cbe5f0018e.6b8a8dccc2d162ddd6330133b68b8374.jpeg?odnWidth=612&odnHeight=612&odnBg=ffffff",
        "tags": [
            [
                "Connected Dorm Room",
                "/browse/seasonal/connected-dorm-room/1085632_8174172_6292484_2548864"
            ],
            [
                "Tax Free Apparel Tech & School Supplies",
                "/browse/tax-free-apparel-tech-school-supplies/1085632_3096686"
            ],
            [
                "Tax Free Apparel & School Supplies",
                "/browse/tax-free-apparel-school-supplies/1085632_4861825"
            ],
            [
                "Mother's Day Electronics Gifts",
                "/browse/seasonal/mothers-day-electronics-gifts/1085632_1093554_5742102"
            ],
            [
                "Audio",
                "/browse/seasonal/audio/1085632_8174172_6292484_5759323"
            ],
            [
                "Tax Free Shop All",
                "/browse/tax-free-shop-all/1085632_6767877"
            ],
            [
                "Electronics Gifts for Grads",
                "/browse/seasonal/electronics-gifts-for-grads/1085632_1105121_7594959"
            ],
            [
                "Last Minute Gifts",
                "/browse/last-minute-gifts/1085632_7803702"
            ]
        ]
    },
    {
        "title": "Zenmuse X7 DL 50mm F2.8 LS ASPH Lens",
        "url": "https://www.walmart.com/ip/Zenmuse-X7-DL-50mm-F2-8-LS-ASPH-Lens/245642873",
        "price": "$1199.00",
        "stars": 0,
        "ratings": 0,
        "img": "",
        "tags": [
            [
                "HD Drones",
                "/browse/electronics/hd-drones/3944_5525941_1677970_1837338"
            ],
            [
                "Foldable Drones",
                "/browse/electronics/foldable-drones/3944_5525941_2616723"
            ],
            [
                "Beginner Drones",
                "/browse/electronics/beginner-drones/3944_5525941_4346614_2881959"
            ],
            [
                "DJI Drones",
                "/browse/electronics/dji-drones/3944_5525941_5960206_3976514"
            ],
            [
                "RC Drones",
                "/browse/electronics/rc-drones/3944_5525941_6042620"
            ],
            [
                "Intermediate Drones",
                "/browse/electronics/intermediate-drones/3944_5525941_4346614_6345846"
            ],
            [
                "Shop All Drones",
                "/browse/electronics/shop-all-drones/3944_5525941_8120586"
            ],
            [
                "Advanced Drones",
                "/browse/electronics/advanced-drones/3944_5525941_4346614_8463965"
            ]
        ]
    },
    {
        "title": "UFO Hand-Controlled Drones Toys, Updated 5 Infrared Sensors & 2-Speed Interactive Flying Toys with 360\u00b0Rotating & LED Lights Helicopter for Kids, Boys & Girls (Blue)",
        "url": "https://www.walmart.com/ip/UFO-Hand-Controlled-Drones-Toys-Updated-5-Infrared-Sensors-2-Speed-Interactive-Flying-Toys-360-Rotating-LED-Lights-Helicopter-Kids-Boys-Girls-Blue/404243160",
        "price": "$24.99",
        "stars": "2.5",
        "ratings": "2 ",
        "img": "i5.walmartimages.com/asr/759c79c2-0db5-4402-8135-1fdb991c8567_1.d005721fcf6f93dbd9d5cf309d6ac29c.jpeg?odnWidth=612&odnHeight=612&odnBg=ffffff",
        "tags": [
            [
                "Air Hogs Drones",
                "/browse/electronics/air-hogs-drones/3944_5525941_5960206_1396048"
            ],
            [
                "Air Hog Drone",
                "/browse/air-hog-drone/3944_1569681"
            ],
            [
                "Foldable Drones",
                "/browse/electronics/foldable-drones/3944_5525941_2616723"
            ],
            [
                "Beginner Drones",
                "/browse/electronics/beginner-drones/3944_5525941_4346614_2881959"
            ],
            [
                "All Drones with Cameras",
                "/browse/electronics/all-drones-with-cameras/3944_5525941_1677970_3044927"
            ],
            [
                "Intermediate Drones",
                "/browse/electronics/intermediate-drones/3944_5525941_4346614_6345846"
            ],
            [
                "Shop All Drones",
                "/browse/electronics/shop-all-drones/3944_5525941_8120586"
            ],
            [
                "Advanced Drones",
                "/browse/electronics/advanced-drones/3944_5525941_4346614_8463965"
            ]
        ]
    },
    {
        "title": "Power Vision PowerRay Wizard Underwater ROV Kit",
        "url": "https://www.walmart.com/ip/Power-Vision-PowerRay-Wizard-Underwater-ROV-Kit/190523655",
        "price": "$999.00",
        "stars": 0,
        "ratings": 0,
        "img": "",
        "tags": [
            [
                "HD Drones",
                "/browse/electronics/hd-drones/3944_5525941_1677970_1837338"
            ],
            [
                "Foldable Drones",
                "/browse/electronics/foldable-drones/3944_5525941_2616723"
            ],
            [
                "Beginner Drones",
                "/browse/electronics/beginner-drones/3944_5525941_4346614_2881959"
            ],
            [
                "All Drones with Cameras",
                "/browse/electronics/all-drones-with-cameras/3944_5525941_1677970_3044927"
            ],
            [
                "DJI Drones",
                "/browse/electronics/dji-drones/3944_5525941_5960206_3976514"
            ],
            [
                "Intermediate Drones",
                "/browse/electronics/intermediate-drones/3944_5525941_4346614_6345846"
            ],
            [
                "Shop All Drones",
                "/browse/electronics/shop-all-drones/3944_5525941_8120586"
            ],
            [
                "Advanced Drones",
                "/browse/electronics/advanced-drones/3944_5525941_4346614_8463965"
            ]
        ]
    },
    {
        "title": "Air Hogs Gyroblade, Red",
        "url": "https://www.walmart.com/ip/Air-Hogs-Gyroblade-Red/41747296",
        "price": "$64.94",
        "stars": 0,
        "ratings": 0,
        "img": "",
        "tags": [
            [
                "Air Hog Drone",
                "/browse/air-hog-drone/3944_1569681"
            ],
            [
                "Foldable Drones",
                "/browse/electronics/foldable-drones/3944_5525941_2616723"
            ],
            [
                "Beginner Drones",
                "/browse/electronics/beginner-drones/3944_5525941_4346614_2881959"
            ],
            [
                "All Drones with Cameras",
                "/browse/electronics/all-drones-with-cameras/3944_5525941_1677970_3044927"
            ],
            [
                "RC Drones",
                "/browse/electronics/rc-drones/3944_5525941_6042620"
            ],
            [
                "Intermediate Drones",
                "/browse/electronics/intermediate-drones/3944_5525941_4346614_6345846"
            ],
            [
                "Shop All Drones",
                "/browse/electronics/shop-all-drones/3944_5525941_8120586"
            ],
            [
                "Advanced Drones",
                "/browse/electronics/advanced-drones/3944_5525941_4346614_8463965"
            ]
        ]
    },
    {
        "title": "DJI Mavic Air (Flame Red) Drone Combo 4K Wi-Fi Quadcopter with Remote Controller Mobile Go Bundle with Backpack VR Goggles Landing Pad 16GB microSDHC Card and Filter Kit",
        "url": "https://www.walmart.com/ip/DJI-Mavic-Air-Flame-Red-Drone-Combo-4K-Wi-Fi-Quadcopter-Remote-Controller-Mobile-Go-Bundle-Backpack-VR-Goggles-Landing-Pad-16GB-microSDHC-Card-Filter/427838749",
        "price": "$699.00",
        "stars": "4.5",
        "ratings": "14 ",
        "img": "i5.walmartimages.com/asr/a84dda45-eeb8-498e-8a90-210f16cac693_1.c124238f7785228790bb3cc0c9974eb6.jpeg?odnWidth=612&odnHeight=612&odnBg=ffffff",
        "tags": [
            [
                "Drones with Cameras",
                "/browse/electronics/drones-with-cameras/3944_133277_1231385"
            ],
            [
                "Foldable Drones",
                "/browse/electronics/foldable-drones/3944_5525941_2616723"
            ],
            [
                "Beginner Drones",
                "/browse/electronics/beginner-drones/3944_5525941_4346614_2881959"
            ],
            [
                "Drone Accessories",
                "/browse/electronics/drone-accessories/3944_133277_2972544"
            ],
            [
                "All Drones with Cameras",
                "/browse/electronics/all-drones-with-cameras/3944_5525941_1677970_3044927"
            ],
            [
                "DJI Drones",
                "/browse/electronics/dji-drones/3944_5525941_5960206_3976514"
            ],
            [
                "Intermediate Drones",
                "/browse/electronics/intermediate-drones/3944_5525941_4346614_6345846"
            ],
            [
                "Advanced Drones",
                "/browse/electronics/advanced-drones/3944_5525941_4346614_8463965"
            ]
        ]
    },
    {
        "title": "CSJ S167GPS Drone with Camera 4K Camera 5G WIFI FPV Drone Way-point Flying Gesture Photos Video Auto Return Home RC Quadcopter Handbag",
        "url": "https://www.walmart.com/ip/CSJ-S167GPS-Drone-with-Camera-4K-Camera-5G-WIFI-FPV-Drone-Way-point-Flying-Gesture-Photos-Video-Auto-Return-Home-RC-Quadcopter-Handbag/952266528",
        "price": "$108.11",
        "stars": "3.0",
        "ratings": "3 ",
        "img": "i5.walmartimages.com/asr/d8aaab3e-9fe2-46be-9701-236b6a79273e.c84b45e171032a2b7b9176e57cc8746f.jpeg?odnWidth=612&odnHeight=612&odnBg=ffffff",
        "tags": [
            [
                "Drones with Cameras",
                "/browse/electronics/drones-with-cameras/3944_133277_1231385"
            ],
            [
                "Foldable Drones",
                "/browse/electronics/foldable-drones/3944_5525941_2616723"
            ],
            [
                "Beginner Drones",
                "/browse/electronics/beginner-drones/3944_5525941_4346614_2881959"
            ],
            [
                "All Drones with Cameras",
                "/browse/electronics/all-drones-with-cameras/3944_5525941_1677970_3044927"
            ],
            [
                "RC Drones",
                "/browse/electronics/rc-drones/3944_5525941_6042620"
            ],
            [
                "Intermediate Drones",
                "/browse/electronics/intermediate-drones/3944_5525941_4346614_6345846"
            ],
            [
                "Shop All Drones",
                "/browse/electronics/shop-all-drones/3944_5525941_8120586"
            ],
            [
                "Advanced Drones",
                "/browse/electronics/advanced-drones/3944_5525941_4346614_8463965"
            ]
        ]
    },
    {
        "title": "Skin Decal Wrap for DJI Mavic Pro Quadcopter Drone Winter Fox Pattern",
        "url": "https://www.walmart.com/ip/Skin-Decal-Wrap-for-DJI-Mavic-Pro-Quadcopter-Drone-Winter-Fox-Pattern/437306775",
        "price": "$24.99",
        "stars": "3.0",
        "ratings": "4 ",
        "img": "i5.walmartimages.com/asr/b5631543-fb4d-411b-bc98-641ce64fb78b_1.5373d7912c5c39488ce3e9f3e85f392e.jpeg?odnWidth=612&odnHeight=612&odnBg=ffffff",
        "tags": [
            [
                "HD Drones",
                "/browse/electronics/hd-drones/3944_5525941_1677970_1837338"
            ],
            [
                "Foldable Drones",
                "/browse/electronics/foldable-drones/3944_5525941_2616723"
            ],
            [
                "Beginner Drones",
                "/browse/electronics/beginner-drones/3944_5525941_4346614_2881959"
            ],
            [
                "All Drones with Cameras",
                "/browse/electronics/all-drones-with-cameras/3944_5525941_1677970_3044927"
            ],
            [
                "RC Drones",
                "/browse/electronics/rc-drones/3944_5525941_6042620"
            ],
            [
                "Intermediate Drones",
                "/browse/electronics/intermediate-drones/3944_5525941_4346614_6345846"
            ],
            [
                "Shop All Drones",
                "/browse/electronics/shop-all-drones/3944_5525941_8120586"
            ],
            [
                "Advanced Drones",
                "/browse/electronics/advanced-drones/3944_5525941_4346614_8463965"
            ]
        ]
    }
]