[
    {
        "title": "LG 55\" Class 4K UHD 2160P Smart TV 55UN7300PUF 2020 Model",
        "url": "https://www.walmart.com/ip/LG-55-Class-4K-UHD-2160P-Smart-TV-55UN7300PUF-2020-Model/402973978",
        "price": "$479.99",
        "stars": "4.3",
        "ratings": "154 ",
        "img": "i5.walmartimages.com/asr/144e0b25-93bc-401c-92a5-19bf116eaa69.123dd54d35da1dc4479e998128a503b1.jpeg?odnWidth=612&odnHeight=612&odnBg=ffffff",
        "tags": [
            [
                "4K Ultra HDTVs",
                "/browse/electronics/4k-ultra-hdtvs/3944_1060825_3289709_1180168"
            ],
            [
                "Smart TVs",
                "/browse/electronics/smart-tvs/3944_1060825_1229815_1229817"
            ],
            [
                "4K LG TVs",
                "/browse/electronics/4k-lg-tvs/3944_1060825_9465212_2585147"
            ],
            [
                "55 Inch TVs",
                "/browse/electronics/55-inch-tvs/3944_1060825_2489948_3168047"
            ],
            [
                "50 Inch TVs",
                "/browse/electronics/50-inch-tvs/3944_1060825_2489948_5472490"
            ],
            [
                "4K HDR TVs",
                "/browse/electronics/4k-hdr-tvs/3944_1060825_1229815_6853163"
            ],
            [
                "LG Smart TVs",
                "/browse/electronics/lg-smart-tvs/3944_1060825_7985618_7058051"
            ],
            [
                "LG TVs",
                "/browse/electronics/lg-tvs/3944_1060825_1939756_9419691"
            ]
        ]
    },
    {
        "title": "USB 3.0 Flash Drive 128GB iPhone Memory Stick, EATOP INC iPhone Flash Drive with 4 Ports, Photo Stick Compatible for iPhone/iPad/Android and Computer, iPhone Photo Stick with OTG Adapter (Rose Gold)",
        "url": "https://www.walmart.com/ip/USB-3-0-Flash-Drive-128GB-iPhone-Memory-Stick-EATOP-INC-4-Ports-Photo-Stick-Compatible-iPhone-iPad-Android-Computer-OTG-Adapter-Rose-Gold/172469207",
        "price": "$19.95",
        "stars": "4.8",
        "ratings": "6 ",
        "img": "i5.walmartimages.com/asr/44a356b1-4832-43b9-a57a-5ea99a46117b_1.3d37625cf41fa4b0bcbc5f5675008a89.jpeg?odnWidth=612&odnHeight=612&odnBg=ffffff",
        "tags": [
            [
                "Voice Recorders",
                "/browse/electronics/voice-recorders/3944_96469_4407"
            ],
            [
                "Micro SD Cards",
                "/browse/electronics/micro-sd-cards/3944_133277_132913_63988_4590075"
            ],
            [
                "Hard Drives & Storage",
                "/browse/electronics/hard-drives-storage/3944_3951_1073804_514537"
            ],
            [
                "SanDisk Hard Drives",
                "/browse/electronics/sandisk-hard-drives/3944_3951_132959_5146908"
            ],
            [
                "SD Cards",
                "/browse/electronics/sd-cards/3944_133277_132913_63988_5930264"
            ],
            [
                "onn. Computer Accessories",
                "/browse/electronics/onn-computer-accessories/3944_7838866_3004279_2376133_9826274"
            ]
        ]
    },
    {
        "title": "Samsung 40\" Class FHD (1080P) LED Smart TV UN40N5200 (2019 Model)",
        "url": "https://www.walmart.com/ip/Samsung-40-Class-FHD-1080P-LED-Smart-TV-UN40N5200-2019-Model/503353025",
        "price": "$247.99",
        "stars": 0,
        "ratings": 0,
        "img": "i5.walmartimages.com/asr/c47959a8-b59e-41b8-b962-f0175123ad7e_1.b75ef5d998f996e32d919d2057cb3da7.jpeg?odnWidth=612&odnHeight=612&odnBg=ffffff",
        "tags": []
    },
    {
        "title": "Metallics MTW16 Low Tensile Steel Tie Wire 350 ft 16 Gauge",
        "url": "https://www.walmart.com/ip/Metallics-MTW16-Low-Tensile-Steel-Tie-Wire-350-ft-16-Gauge/304318577",
        "price": "$22.46",
        "stars": 0,
        "ratings": 0,
        "img": "",
        "tags": [
            [
                "Digital TV Converters",
                "/browse/electronics/digital-tv-converters/3944_1060825_133270_1070524"
            ],
            [
                "Speaker Cables & Connectors",
                "/browse/electronics/speaker-cables-connectors/3944_77622_8375901_1230415_1230431_1076626"
            ],
            [
                "HDMI Splitters",
                "/browse/electronics/hdmi-splitters/3944_1060825_133270_7412812_1746474"
            ],
            [
                "HDMI Cables",
                "/browse/electronics/hdmi-cables/3944_1060825_133270_7412812_3534100"
            ],
            [
                "Coaxial Cables",
                "/browse/electronics/coaxial-cables/3944_1060825_133270_5465689"
            ],
            [
                "onn. TV & Video Accessories",
                "/browse/electronics/onn-tv-video-accessories/3944_7838866_3004279_2376133_9766217_6428762"
            ],
            [
                "Optical Audio Cables",
                "/browse/electronics/optical-audio-cables/3944_1060825_133270_6630045"
            ],
            [
                "HDMI to RCA",
                "/browse/electronics/hdmi-to-rca/3944_1060825_133270_8423982"
            ]
        ]
    },
    {
        "title": "Edison Supply Wall Cable Cover 6, 25\u201d Raceways - 150\u201d Cord Concealer, White",
        "url": "https://www.walmart.com/ip/Edison-Supply-Wall-Cable-Cover-6-25-Raceways-150-Cord-Concealer-White/517115930",
        "price": "$19.95",
        "stars": "5.0",
        "ratings": "2 ",
        "img": "i5.walmartimages.com/asr/efcc0f4e-0073-4332-9f16-da1cffbd3f66_1.1de2299b1a4d7bd3f540b6cda44a92e4.jpeg?odnWidth=612&odnHeight=612&odnBg=ffffff",
        "tags": [
            [
                "Audio Visual Accessories",
                "/browse/electronics/audio-visual-accessories/3944_133251_1043559"
            ],
            [
                "Digital TV Converters",
                "/browse/electronics/digital-tv-converters/3944_1060825_133270_1070524"
            ],
            [
                "Access Points, Hubs & Switches",
                "/browse/electronics/access-points-hubs-switches/3944_3951_126297_1074147"
            ],
            [
                "Speaker Cables & Connectors",
                "/browse/electronics/speaker-cables-connectors/3944_77622_8375901_1230415_1230431_1076626"
            ],
            [
                "HDMI Cables",
                "/browse/electronics/hdmi-cables/3944_1060825_133270_7412812_3534100"
            ],
            [
                "TV Mounts",
                "/browse/electronics/tv-mounts/3944_1060825_133270_581514"
            ],
            [
                "onn. TV & Video Accessories",
                "/browse/electronics/onn-tv-video-accessories/3944_7838866_3004279_2376133_9766217_6428762"
            ],
            [
                "Shop All onn.",
                "/browse/electronics/shop-all-onn/3944_7838866_3004279_2376133_9354764"
            ]
        ]
    },
    {
        "title": "SAMSUNG 55\" Class 4K Crystal UHD (2160P) LED Smart TV with HDR UN55TU8000 2020",
        "url": "https://www.walmart.com/ip/SAMSUNG-55-Class-4K-Crystal-UHD-2160P-LED-Smart-TV-with-HDR-UN55TU8000-2020/244625821",
        "price": "$497.99",
        "stars": "4.6",
        "ratings": "1806 ",
        "img": "i5.walmartimages.com/asr/3a052678-8257-4db2-a59c-33293ab6d4f6.a48519f23fe1aaa14ea85a6196e4b204.jpeg?odnWidth=612&odnHeight=612&odnBg=ffffff",
        "tags": [
            [
                "LED TVs",
                "/browse/electronics/led-tvs/3944_1060825_1229815_1229821"
            ],
            [
                "Samsung Smart TVs",
                "/browse/electronics/samsung-smart-tvs/3944_1060825_7985618_1658369"
            ],
            [
                "55 Inch TVs",
                "/browse/electronics/55-inch-tvs/3944_1060825_2489948_3168047"
            ],
            [
                "4K Samsung TVs",
                "/browse/electronics/4k-samsung-tvs/3944_1060825_9465212_6776711"
            ],
            [
                "4K HDR TVs",
                "/browse/electronics/4k-hdr-tvs/3944_1060825_1229815_6853163"
            ],
            [
                "Samsung 55 Inch TVs",
                "/browse/electronics/samsung-55-inch-tvs/3944_1060825_7006231_7129366"
            ],
            [
                "Samsung TVs",
                "/browse/electronics/samsung-tvs/3944_1060825_1939756_7136694"
            ],
            [
                "Samsung NU6900 Series UHD 4K Smart TVs",
                "/browse/electronics/samsung-nu6900-series-uhd-4k-smart-tvs/3944_1060825_2044181_2603009_4838636_9578489"
            ]
        ]
    },
    {
        "title": "onn. Indoor Antenna Amplifier Signal Booster",
        "url": "https://www.walmart.com/ip/onn-Indoor-Antenna-Amplifier-Signal-Booster/861530826",
        "price": "$12.96",
        "stars": "4.4",
        "ratings": "23 ",
        "img": "i5.walmartimages.com/asr/44f6f89d-7939-4c24-84be-bf101617f851.b08f08f68feb77643cf579da3816b9f8.jpeg?odnWidth=612&odnHeight=612&odnBg=ffffff",
        "tags": [
            [
                "Audio Visual Accessories",
                "/browse/electronics/audio-visual-accessories/3944_133251_1043559"
            ],
            [
                "Speaker Cables & Connectors",
                "/browse/electronics/speaker-cables-connectors/3944_77622_8375901_1230415_1230431_1076626"
            ],
            [
                "RCA",
                "/browse/electronics/rca/3944_4131277_1776549"
            ],
            [
                "Receivers & Amplifiers",
                "/browse/electronics/receivers-amplifiers/3944_77622_8375901_96890_4478"
            ],
            [
                "TV Antennas",
                "/browse/electronics/tv-antennas/3944_1060825_133270_4536"
            ],
            [
                "TV Cables & Connectors",
                "/browse/electronics/tv-cables-connectors/3944_1060825_133270_4537"
            ],
            [
                "onn. Audio",
                "/browse/electronics/onn-audio/3944_7838866_3004279_2376133_4993563"
            ],
            [
                "onn. TV & Video Accessories",
                "/browse/electronics/onn-tv-video-accessories/3944_7838866_3004279_2376133_9766217_6428762"
            ]
        ]
    },
    {
        "title": "Refurbished TCL 65\" Class 4K Ultra HD (2160p) Dolby Vision HDR Roku Smart LED TV (65R615-B)",
        "url": "https://www.walmart.com/ip/Refurbished-TCL-65-Class-4K-Ultra-HD-2160p-Dolby-Vision-HDR-Roku-Smart-LED-TV-65R615-B/985569931",
        "price": "$459.99",
        "stars": "3.3",
        "ratings": "9 ",
        "img": "i5.walmartimages.com/asr/3dfd36fd-ebcb-449a-86ec-342245c83500_12.b1836eb147e8f74e3740b9c2a18ad3a0.png?odnWidth=612&odnHeight=612&odnBg=ffffff",
        "tags": [
            [
                "Smart TVs",
                "/browse/electronics/smart-tvs/3944_1060825_1229815_1229817"
            ],
            [
                "LED TVs",
                "/browse/electronics/led-tvs/3944_1060825_1229815_1229821"
            ],
            [
                "4K TCL TVs",
                "/browse/electronics/4k-tcl-tvs/3944_1060825_9465212_3078915"
            ],
            [
                "65 Inch TVs",
                "/browse/electronics/65-inch-tvs/3944_1060825_2489948_3421074"
            ],
            [
                "All TVs",
                "/browse/electronics/all-tvs/3944_1060825_447913"
            ],
            [
                "Google Home Compatible",
                "/browse/electronics/google-home-compatible/3944_1229875_3363825_7103376"
            ],
            [
                "TCL TVs",
                "/browse/electronics/tcl-tvs/3944_1060825_1939756_8664085"
            ],
            [
                "TCL Smart TVs",
                "/browse/electronics/tcl-smart-tvs/3944_1060825_7985618_9348067"
            ]
        ]
    },
    {
        "title": "Allieroo Full Motion Articulating TV Wall Mount for Most 26-55 Inch TV up to VESA 400x400mm and 99 LBS",
        "url": "https://www.walmart.com/ip/Allieroo-Full-Motion-Articulating-TV-Wall-Mount-for-Most-26-55-Inch-TV-up-to-VESA-400x400mm-and-99-LBS/588180508",
        "price": "$21.99",
        "stars": "4.3",
        "ratings": "31 ",
        "img": "i5.walmartimages.com/asr/635518b2-f899-4e3c-8eae-6e9a2bd5741e_1.26a6a771355a1b2c98835f395d4af9f4.jpeg?odnWidth=612&odnHeight=612&odnBg=ffffff",
        "tags": [
            [
                "4K Ultra HDTVs",
                "/browse/electronics/4k-ultra-hdtvs/3944_1060825_3289709_1180168"
            ],
            [
                "Smart TVs",
                "/browse/electronics/smart-tvs/3944_1060825_1229815_1229817"
            ],
            [
                "LED TVs",
                "/browse/electronics/led-tvs/3944_1060825_1229815_1229821"
            ],
            [
                "55 Inch TVs",
                "/browse/electronics/55-inch-tvs/3944_1060825_2489948_3168047"
            ],
            [
                "onn. TV & Video Accessories",
                "/browse/electronics/onn-tv-video-accessories/3944_7838866_3004279_2376133_9766217_6428762"
            ],
            [
                "4K HDR TVs",
                "/browse/electronics/4k-hdr-tvs/3944_1060825_1229815_6853163"
            ],
            [
                "Roku TVs",
                "/browse/electronics/roku-tvs/3944_1060825_1229815_9085580"
            ],
            [
                "Shop All onn.",
                "/browse/electronics/shop-all-onn/3944_7838866_3004279_2376133_9354764"
            ]
        ]
    },
    {
        "title": "GE RG6 Coaxial Cable, 25 ft. F-Type Connectors, Double Shielded Coax, Ideal for TV Antenna, DVR, VCR, Satellite Receiver, Cable Box, Home Theater, Black, 33598",
        "url": "https://www.walmart.com/ip/GE-RG6-Coaxial-Cable-25-ft-F-Type-Connectors-Double-Shielded-Coax-Ideal-TV-Antenna-DVR-VCR-Satellite-Receiver-Cable-Box-Home-Theater-Black-33598/321607027",
        "price": "$9.64",
        "stars": "5.0",
        "ratings": "6 ",
        "img": "i5.walmartimages.com/asr/0cea415d-dca2-4c29-aecd-54217b68e42d_1.2c67db6d83529789b54a2906e99bdcb2.jpeg?odnWidth=612&odnHeight=612&odnBg=ffffff",
        "tags": [
            [
                "Cables & Connectors",
                "/browse/electronics/cables-connectors/3944_96469_133271_1072824"
            ],
            [
                "Speaker Cables & Connectors",
                "/browse/electronics/speaker-cables-connectors/3944_77622_8375901_1230415_1230431_1076626"
            ],
            [
                "Antenna Signal Amplifiers",
                "/browse/electronics/antenna-signal-amplifiers/3944_1060825_133270_1224691"
            ],
            [
                "RCA",
                "/browse/electronics/rca/3944_4131277_1776549"
            ],
            [
                "Blackweb",
                "/browse/electronics/blackweb/3944_4131277_4400017"
            ],
            [
                "TV Antennas",
                "/browse/electronics/tv-antennas/3944_1060825_133270_4536"
            ],
            [
                "Coaxial Cables",
                "/browse/electronics/coaxial-cables/3944_1060825_133270_5465689"
            ],
            [
                "onn. TV & Video Accessories",
                "/browse/electronics/onn-tv-video-accessories/3944_7838866_3004279_2376133_9766217_6428762"
            ]
        ]
    }
]